work_id,district_lgd,constituency_code,work_title,work_description,category,sanctioned_amount,released_amount,expenditure,recommended_date,sanction_date,completion_date,status,physical_progress_pct,has_uc,agency_name,location_name,latitude,longitude,is_scsp,is_tsp,payment_history
ESK-1000,DIST_101,204,Work 1: ROADS_BRIDGES Project at Location 0,Synthetic work description for demo data import,ROADS_BRIDGES,2530321,2530320,3148444,2024-07-02,2024-08-13,2025-08-31,COMPLETED,100,true,Public Works Department (PWD),Location 0,28.628271,77.348544,false,false,MOBILISATION_ADVANCE:2024-09-17:379548|RUNNING_BILL:2024-12-14:442806|RUNNING_BILL:2025-03-12:442806|RUNNING_BILL:2025-05-21:442806|RUNNING_BILL:2025-07-22:442806|FINAL_BILL:2025-10-05:253032|RETENTION_RELEASE:2026-04-03:126516
ESK-1001,DIST_101,203,Work 2: ROADS_BRIDGES Project at Location 1,Synthetic work description for demo data import,ROADS_BRIDGES,1681322,1681320,1966550,2024-10-24,2024-11-22,2026-08-05,COMPLETED,100,true,Public Works Department (PWD),Location 1,28.625857,77.201976,false,false,MOBILISATION_ADVANCE:2024-12-25:252198|RUNNING_BILL:2025-03-13:392308|RUNNING_BILL:2025-05-13:392308|RUNNING_BILL:2025-08-04:392308|FINAL_BILL:2025-10-18:168132|RETENTION_RELEASE:2026-04-16:84066
ESK-1002,DIST_102,204,Work 3: ROADS_BRIDGES Project at Location 2,Synthetic work description for demo data import,RELIGIOUS_HERITAGE,1379525,0,0,2026-08-23,,,NOT_STARTED,0,false,Rural Development Agency (DRDA),Location 2,28.505891,77.240026,false,false,
ESK-1003,DIST_101,202,Work 4: DRINKING_WATER Project at Location 3,Synthetic work description for demo data import,RELIGIOUS_HERITAGE,3353025,502954,0,2025-08-28,2025-10-08,,ON_HOLD,46,false,Irrigation & Flood Control Dept,Location 3,28.634506,77.267621,false,false,MOBILISATION_ADVANCE:2025-10-23:502954
ESK-1004,DIST_102,204,Work 5: DRINKING_WATER Project at Location 4,Synthetic work description for demo data import,DRINKING_WATER,2289734,407573,2640449,2023-11-16,2023-11-30,,IN_PROGRESS,4,false,Public Works Department (PWD),Location 4,28.727975,77.339969,false,false,MOBILISATION_ADVANCE:2023-12-25:343460|RUNNING_BILL:2024-04-20:64113
ESK-1005,DIST_101,204,Work 6: EDUCATION Project at Location 5,Synthetic work description for demo data import,EDUCATION,2176629,2176628,2584939,2022-11-05,2022-12-03,2024-01-21,COMPLETED,100,true,Municipal Corporation,Location 5,28.589768,77.186398,true,false,MOBILISATION_ADVANCE:2022-12-30:326494|RUNNING_BILL:2023-04-13:761820|RUNNING_BILL:2023-07-11:761820|FINAL_BILL:2023-09-24:217663|RETENTION_RELEASE:2024-03-22:108831
ESK-1006,DIST_103,203,Work 7: ROADS_BRIDGES Project at Location 6,Synthetic work description for demo data import,ROADS_BRIDGES,2665850,1556858,3769333,2025-09-03,2025-09-08,,IN_PROGRESS,62,false,Irrigation & Flood Control Dept,Location 6,28.689202,77.312861,false,false,MOBILISATION_ADVANCE:2025-09-19:399878|RUNNING_BILL:2026-01-03:385660|RUNNING_BILL:2026-03-31:385660|RUNNING_BILL:2026-06-22:385660
ESK-1007,DIST_102,201,Work 8: HEALTH Project at Location 7,Synthetic work description for demo data import,HEALTH,1800303,1800302,2185603,2025-01-26,2025-03-08,2026-05-09,COMPLETED,100,true,Irrigation & Flood Control Dept,Location 7,28.539698,77.393303,false,false,MOBILISATION_ADVANCE:2025-04-02:270045|RUNNING_BILL:2025-07-17:630106|RUNNING_BILL:2025-09-18:630106|FINAL_BILL:2025-12-02:180030|RETENTION_RELEASE:2026-05-31:90015
ESK-1008,DIST_102,204,Work 9: EDUCATION Project at Location 8,Synthetic work description for demo data import,EDUCATION,2310833,2310834,2717614,2024-12-02,2024-12-22,2025-12-15,COMPLETED,100,false,Municipal Corporation,Location 8,28.741565,77.196134,false,false,MOBILISATION_ADVANCE:2025-01-23:346625|RUNNING_BILL:2025-04-26:808792|RUNNING_BILL:2025-07-19:808792|FINAL_BILL:2025-10-02:231083|RETENTION_RELEASE:2026-03-31:115542
ESK-1009,DIST_104,204,Work 10: HEALTH Project at Location 9,Synthetic work description for demo data import,HEALTH,1328283,1328282,1851045,2025-02-07,2025-03-18,2025-12-21,COMPLETED,100,true,Rural Development Agency (DRDA),Location 9,28.647978,77.395551,false,false,MOBILISATION_ADVANCE:2025-04-28:199242|RUNNING_BILL:2025-07-19:464899|RUNNING_BILL:2025-10-12:464899|FINAL_BILL:2025-12-26:132828|RETENTION_RELEASE:2026-06-24:66414
ESK-1010,DIST_103,204,Work 11: ROADS_BRIDGES Project at Location 10,Synthetic work description for demo data import,ROADS_BRIDGES,1319476,1319475,1534561,2023-07-02,2023-08-07,2024-01-10,COMPLETED,100,true,Irrigation & Flood Control Dept,Location 10,28.575220,77.221151,true,false,MOBILISATION_ADVANCE:2023-08-30:197921|RUNNING_BILL:2023-12-07:230908|RUNNING_BILL:2024-03-06:230908|RUNNING_BILL:2024-05-24:230908|RUNNING_BILL:2024-08-05:230908|FINAL_BILL:2024-10-19:131948|RETENTION_RELEASE:2025-04-17:65974
ESK-1011,DIST_103,202,Work 12: HEALTH Project at Location 11,Synthetic work description for demo data import,HEALTH,3035592,2883814,3979268,2025-05-22,2025-06-24,2026-07-20,COMPLETED,100,false,Municipal Corporation,Location 11,28.533068,77.325591,false,false,MOBILISATION_ADVANCE:2025-07-24:455339|RUNNING_BILL:2025-10-13:531229|RUNNING_BILL:2026-01-04:531229|RUNNING_BILL:2026-03-28:531229|RUNNING_BILL:2026-06-04:531229|FINAL_BILL:2026-08-18:303559
ESK-1012,DIST_101,202,Work 13: DRINKING_WATER Project at Location 12,Synthetic work description for demo data import,DRINKING_WATER,605581,192575,763034,2025-09-29,2025-10-07,,IN_PROGRESS,24,false,Public Works Department (PWD),Location 12,28.513779,77.233702,false,false,MOBILISATION_ADVANCE:2025-10-19:90837|RUNNING_BILL:2026-02-18:101738
ESK-1013,DIST_104,204,Work 14: OTHER Project at Location 13,Synthetic work description for demo data import,OTHER,1349432,0,1767676,2024-05-11,2024-06-25,,IN_PROGRESS,43,false,Rural Development Agency (DRDA),Location 13,28.638661,77.221661,false,false,
ESK-1014,DIST_102,204,Work 15: EDUCATION Project at Location 14,Synthetic work description for demo data import,EDUCATION,1957700,1957700,2404937,2023-01-24,2023-02-18,2024-02-27,COMPLETED,100,false,Irrigation & Flood Control Dept,Location 14,28.685528,77.190253,false,false,MOBILISATION_ADVANCE:2023-03-04:293655|RUNNING_BILL:2023-07-08:685195|RUNNING_BILL:2023-10-04:685195|FINAL_BILL:2023-12-18:195770|RETENTION_RELEASE:2024-06-15:97885
ESK-1015,DIST_103,201,Work 16: DRINKING_WATER Project at Location 15,Synthetic work description for demo data import,DRINKING_WATER,2626498,393975,3157896,2023-12-19,2024-01-15,2024-05-24,COMPLETED,100,true,Municipal Corporation,Location 15,28.635315,77.234512,true,false,MOBILISATION_ADVANCE:2024-02-11:393975
ESK-1016,DIST_101,201,Work 17: DRINKING_WATER Project at Location 16,Synthetic work description for demo data import,DRINKING_WATER,2908193,2908194,3677682,2022-11-23,2022-12-20,2023-07-13,COMPLETED,100,false,Rural Development Agency (DRDA),Location 16,28.723573,77.393489,false,false,MOBILISATION_ADVANCE:2023-02-02:436229|RUNNING_BILL:2023-05-01:508934|RUNNING_BILL:2023-07-24:508934|RUNNING_BILL:2023-09-24:508934|RUNNING_BILL:2023-12-20:508934|FINAL_BILL:2024-03-04:290819|RETENTION_RELEASE:2024-08-31:145410
ESK-1017,DIST_101,202,Work 18: HEALTH Project at Location 17,Synthetic work description for demo data import,RELIGIOUS_HERITAGE,1566589,0,0,2023-09-28,2023-10-30,,ON_HOLD,27,false,Irrigation & Flood Control Dept,Location 17,28.716277,77.328454,true,false,
ESK-1018,DIST_101,201,Work 19: DRINKING_WATER Project at Location 18,Synthetic work description for demo data import,DRINKING_WATER,2600812,2600812,3473762,2024-04-16,2024-04-28,2024-09-03,COMPLETED,100,true,Public Works Department (PWD),Location 18,28.692888,77.154589,true,false,MOBILISATION_ADVANCE:2024-05-26:390122|RUNNING_BILL:2024-09-13:606856|RUNNING_BILL:2024-11-26:606856|RUNNING_BILL:2025-01-13:606856|FINAL_BILL:2025-03-29:260081|RETENTION_RELEASE:2025-09-25:130041
ESK-1019,DIST_103,201,Work 20: HEALTH Project at Location 19,Synthetic work description for demo data import,HEALTH,332211,231220,458399,2023-08-18,2023-09-09,,IN_PROGRESS,78,false,Irrigation & Flood Control Dept,Location 19,28.737785,77.168689,false,false,MOBILISATION_ADVANCE:2023-09-30:49832|RUNNING_BILL:2024-01-12:90694|RUNNING_BILL:2024-04-10:90694
ESK-1020,DIST_103,201,Work 21: ROADS_BRIDGES Project at Location 20,Synthetic work description for demo data import,ROADS_BRIDGES,1586406,460058,1962113,2026-01-07,2026-01-18,,IN_PROGRESS,20,false,Public Works Department (PWD),Location 20,28.727220,77.293386,false,false,MOBILISATION_ADVANCE:2026-02-02:237961|RUNNING_BILL:2026-05-15:222097
ESK-1021,DIST_102,203,Work 22: ROADS_BRIDGES Project at Location 21,Synthetic work description for demo data import,ROADS_BRIDGES,392802,0,539844,2026-01-26,2026-02-15,,IN_PROGRESS,1,false,Public Works Department (PWD),Location 21,28.742633,77.348742,false,false,
ESK-1022,DIST_104,203,Work 23: HEALTH Project at Location 22,Synthetic work description for demo data import,HEALTH,3906287,640631,4516704,2025-07-30,2025-08-30,,IN_PROGRESS,2,false,Municipal Corporation,Location 22,28.741397,77.315612,false,false,MOBILISATION_ADVANCE:2025-09-09:585943|RUNNING_BILL:2025-12-23:54688
ESK-1023,DIST_104,204,Work 24: ROADS_BRIDGES Project at Location 23,Synthetic work description for demo data import,ROADS_BRIDGES,2231782,2231782,2739759,2023-12-17,2024-01-09,2025-09-16,COMPLETED,100,true,Rural Development Agency (DRDA),Location 23,28.680450,77.372480,false,false,MOBILISATION_ADVANCE:2024-02-09:334767|RUNNING_BILL:2024-06-02:781124|RUNNING_BILL:2024-08-05:781124|FINAL_BILL:2024-10-19:223178|RETENTION_RELEASE:2025-04-17:111589
ESK-1024,DIST_101,201,Work 25: DRINKING_WATER Project at Location 24,Synthetic work description for demo data import,DRINKING_WATER,1139106,170866,1586820,2024-10-15,2024-11-03,2026-07-05,COMPLETED,100,false,Municipal Corporation,Location 24,28.741057,77.156621,false,false,MOBILISATION_ADVANCE:2024-11-26:170866
ESK-1025,DIST_103,202,Work 26: SANITATION Project at Location 25,Synthetic work description for demo data import,SANITATION,1753795,263069,1753795,2026-06-01,2026-07-07,2026-09-05,COMPLETED,65,true,Municipal Corporation,Location 25,28.538724,77.318338,true,false,MOBILISATION_ADVANCE:2026-07-23:263069
ESK-1026,DIST_103,202,Work 27: HEALTH Project at Location 26,Synthetic work description for demo data import,RELIGIOUS_HERITAGE,3568962,1497179,0,2026-03-02,2026-03-19,,ON_HOLD,77,false,Public Works Department (PWD),Location 26,28.550959,77.216509,false,false,MOBILISATION_ADVANCE:2026-04-19:535344|RUNNING_BILL:2026-08-13:961835
ESK-1027,DIST_102,202,Work 28: SANITATION Project at Location 27,Synthetic work description for demo data import,SANITATION,2285837,2285838,2285837,2023-10-05,2023-11-04,2025-03-12,COMPLETED,51,false,Rural Development Agency (DRDA),Location 27,28.584751,77.201975,false,false,MOBILISATION_ADVANCE:2023-11-18:342876|RUNNING_BILL:2024-03-03:533362|RUNNING_BILL:2024-05-27:533362|RUNNING_BILL:2024-08-01:533362|FINAL_BILL:2024-10-15:228584|RETENTION_RELEASE:2025-04-13:114292
ESK-1028,DIST_104,202,Work 29: OTHER Project at Location 28,Synthetic work description for demo data import,OTHER,2739204,410881,2739204,2026-05-12,2026-05-18,2026-09-05,COMPLETED,39,false,Rural Development Agency (DRDA),Location 28,28.564859,77.224849,false,false,MOBILISATION_ADVANCE:2026-05-30:410881
ESK-1029,DIST_103,203,Work 30: EDUCATION Project at Location 29,Synthetic work description for demo data import,EDUCATION,122204,18331,122204,2024-10-29,2024-11-09,2025-11-24,COMPLETED,75,true,Irrigation & Flood Control Dept,Location 29,28.681954,77.385016,false,false,MOBILISATION_ADVANCE:2024-12-15:18331
ESK-1030,DIST_101,203,Work 31: ROADS_BRIDGES Project at Location 30,Synthetic work description for demo data import,ROADS_BRIDGES,3359089,0,0,2026-03-25,2026-04-04,,IN_PROGRESS,26,false,Rural Development Agency (DRDA),Location 30,28.500460,77.254513,true,false,
ESK-1031,DIST_101,203,Work 32: HEALTH Project at Location 31,Synthetic work description for demo data import,HEALTH,2875268,2262836,0,2025-10-23,2025-12-07,,IN_PROGRESS,91,false,Irrigation & Flood Control Dept,Location 31,28.655344,77.249895,false,false,MOBILISATION_ADVANCE:2026-01-17:431290|RUNNING_BILL:2026-03-24:915773|RUNNING_BILL:2026-05-23:915773
ESK-1032,DIST_103,203,Work 33: SANITATION Project at Location 32,Synthetic work description for demo data import,RELIGIOUS_HERITAGE,4893034,0,0,2026-06-23,,,NOT_STARTED,0,false,Rural Development Agency (DRDA),Location 32,28.715689,77.245867,false,true,
ESK-1033,DIST_104,202,Work 34: OTHER Project at Location 33,Synthetic work description for demo data import,OTHER,2178206,326731,2178206,2025-08-28,2025-09-08,2026-09-05,COMPLETED,71,true,Public Works Department (PWD),Location 33,28.564780,77.176169,false,false,MOBILISATION_ADVANCE:2025-10-08:326731
ESK-1034,DIST_104,204,Work 35: ROADS_BRIDGES Project at Location 34,Synthetic work description for demo data import,ROADS_BRIDGES,3066158,1533079,3066158,2026-03-15,2026-05-03,2026-09-05,COMPLETED,40,false,Irrigation & Flood Control Dept,Location 34,28.606570,77.248575,false,false,MOBILISATION_ADVANCE:2026-06-12:459924|RUNNING_BILL:2026-08-31:1073155
ESK-1035,DIST_104,203,Work 36: OTHER Project at Location 35,Synthetic work description for demo data import,OTHER,3301623,2644599,0,2025-08-08,2025-09-20,,IN_PROGRESS,93,false,Rural Development Agency (DRDA),Location 35,28.594970,77.339028,true,false,MOBILISATION_ADVANCE:2025-10-19:495243|RUNNING_BILL:2026-02-05:716452|RUNNING_BILL:2026-04-22:716452|RUNNING_BILL:2026-07-08:716452
ESK-1036,DIST_103,201,Work 37: ROADS_BRIDGES Project at Location 36,Synthetic work description for demo data import,ROADS_BRIDGES,931185,139678,0,2023-12-25,2024-01-17,,IN_PROGRESS,97,false,Irrigation & Flood Control Dept,Location 36,28.502052,77.237374,false,false,MOBILISATION_ADVANCE:2024-02-28:139678
ESK-1037,DIST_102,201,Work 38: EDUCATION Project at Location 37,Synthetic work description for demo data import,RELIGIOUS_HERITAGE,979759,757354,0,2024-10-30,2024-12-14,,ON_HOLD,89,false,Public Works Department (PWD),Location 37,28.545084,77.244159,false,false,MOBILISATION_ADVANCE:2025-01-20:146964|RUNNING_BILL:2025-05-02:610390
ESK-1038,DIST_103,201,Work 39: OTHER Project at Location 38,Synthetic work description for demo data import,OTHER,4306280,645942,0,2022-11-29,2023-01-10,,IN_PROGRESS,82,false,Irrigation & Flood Control Dept,Location 38,28.622797,77.283484,false,false,MOBILISATION_ADVANCE:2023-01-27:645942
ESK-1039,DIST_101,201,Work 40: DRINKING_WATER Project at Location 39,Synthetic work description for demo data import,DRINKING_WATER,747903,747902,747903,2023-07-09,2023-07-16,2023-11-16,COMPLETED,75,true,Public Works Department (PWD),Location 39,28.670793,77.175909,false,false,MOBILISATION_ADVANCE:2023-08-14:112185|RUNNING_BILL:2023-11-03:130883|RUNNING_BILL:2024-01-27:130883|RUNNING_BILL:2024-04-03:130883|RUNNING_BILL:2024-06-13:130883|FINAL_BILL:2024-08-27:74790|RETENTION_RELEASE:2025-02-23:37395
ESK-1040,DIST_101,203,Work 41: OTHER Project at Location 40,Synthetic work description for demo data import,OTHER,394562,394560,394562,2024-05-07,2024-06-11,2025-04-28,COMPLETED,45,false,Irrigation & Flood Control Dept,Location 40,28.673454,77.307891,false,false,MOBILISATION_ADVANCE:2024-06-25:59184|RUNNING_BILL:2024-10-23:69048|RUNNING_BILL:2025-01-12:69048|RUNNING_BILL:2025-03-10:69048|RUNNING_BILL:2025-05-28:69048|FINAL_BILL:2025-08-11:39456|RETENTION_RELEASE:2026-02-07:19728
ESK-1041,DIST_104,201,Work 42: SANITATION Project at Location 41,Synthetic work description for demo data import,SANITATION,1465371,219806,1465371,2025-09-30,2025-11-06,2026-05-15,COMPLETED,76,true,Public Works Department (PWD),Location 41,28.518407,77.354033,true,true,MOBILISATION_ADVANCE:2025-11-22:219806
ESK-1042,DIST_103,202,Work 43: ROADS_BRIDGES Project at Location 42,Synthetic work description for demo data import,ROADS_BRIDGES,689876,103481,689876,2026-04-30,2026-06-18,2026-09-05,COMPLETED,71,true,Public Works Department (PWD),Location 42,28.749453,77.259952,false,false,MOBILISATION_ADVANCE:2026-08-01:103481
ESK-1043,DIST_103,204,Work 44: DRINKING_WATER Project at Location 43,Synthetic work description for demo data import,RELIGIOUS_HERITAGE,4510043,739647,1651156,2023-11-02,2023-12-07,,IN_PROGRESS,2,false,Rural Development Agency (DRDA),Location 43,28.730968,77.322275,false,false,MOBILISATION_ADVANCE:2024-01-13:676506|RUNNING_BILL:2024-04-20:21047|RUNNING_BILL:2024-06-04:21047|RUNNING_BILL:2024-08-25:21047
ESK-1044,DIST_101,203,Work 45: OTHER Project at Location 44,Synthetic work description for demo data import,OTHER,2078768,2078768,2078768,2023-01-27,2023-02-11,2023-11-28,COMPLETED,41,true,Rural Development Agency (DRDA),Location 44,28.600532,77.153047,false,false,MOBILISATION_ADVANCE:2023-03-26:311815|RUNNING_BILL:2023-06-08:727569|RUNNING_BILL:2023-07-31:727569|FINAL_BILL:2023-10-14:207877|RETENTION_RELEASE:2024-04-11:103938
ESK-1045,DIST_101,203,Work 46: DRINKING_WATER Project at Location 45,Synthetic work description for demo data import,DRINKING_WATER,4801651,3442784,0,2024-04-07,2024-04-15,,IN_PROGRESS,81,false,Public Works Department (PWD),Location 45,28.501018,77.199195,false,false,MOBILISATION_ADVANCE:2024-05-29:720248|RUNNING_BILL:2024-08-02:1361268|RUNNING_BILL:2024-10-27:1361268
ESK-1046,DIST_101,203,Work 47: HEALTH Project at Location 46,Synthetic work description for demo data import,HEALTH,1970361,295554,1970361,2025-06-27,2025-07-28,2026-03-27,COMPLETED,55,true,Municipal Corporation,Location 46,28.749462,77.361086,false,false,MOBILISATION_ADVANCE:2025-08-26:295554
ESK-1047,DIST_102,201,Work 48: EDUCATION Project at Location 47,Synthetic work description for demo data import,EDUCATION,1185217,177783,1185217,2026-04-02,2026-05-21,2026-09-05,COMPLETED,54,true,Rural Development Agency (DRDA),Location 47,28.667229,77.216791,false,false,MOBILISATION_ADVANCE:2026-06-17:177783
ESK-1048,DIST_104,203,Work 49: EDUCATION Project at Location 48,Synthetic work description for demo data import,EDUCATION,192297,110956,0,2025-05-05,2025-06-19,,IN_PROGRESS,61,false,Municipal Corporation,Location 48,28.561264,77.352223,false,false,MOBILISATION_ADVANCE:2025-06-30:28845|RUNNING_BILL:2025-10-22:82111
ESK-1049,DIST_104,202,Work 50: DRINKING_WATER Project at Location 49,Synthetic work description for demo data import,RELIGIOUS_HERITAGE,1050341,201665,0,2023-07-04,2023-08-18,,ON_HOLD,6,false,Public Works Department (PWD),Location 49,28.738383,77.176072,false,false,MOBILISATION_ADVANCE:2023-10-01:157551|RUNNING_BILL:2023-12-31:44114
ESK-1050,DIST_103,203,Work 51: EDUCATION Project at Location 50,Synthetic work description for demo data import,RELIGIOUS_HERITAGE,2956249,443437,0,2026-02-12,2026-03-07,,NOT_STARTED,0,false,Municipal Corporation,Location 50,28.567332,77.165469,false,false,MOBILISATION_ADVANCE:2026-03-18:443437|RUNNING_BILL:2026-07-17:0
ESK-1051,DIST_101,202,Work 52: HEALTH Project at Location 51,Synthetic work description for demo data import,HEALTH,3871661,0,0,2022-09-20,2022-10-13,,IN_PROGRESS,77,false,Public Works Department (PWD),Location 51,28.547163,77.257197,false,false,
ESK-1052,DIST_104,201,Work 53: SANITATION Project at Location 52,Synthetic work description for demo data import,SANITATION,1282317,1282316,1282317,2022-12-27,2023-01-22,2023-07-08,COMPLETED,42,true,Irrigation & Flood Control Dept,Location 52,28.642815,77.371135,false,false,MOBILISATION_ADVANCE:2023-02-02:192348|RUNNING_BILL:2023-06-20:224405|RUNNING_BILL:2023-08-29:224405|RUNNING_BILL:2023-11-03:224405|RUNNING_BILL:2024-01-22:224405|FINAL_BILL:2024-04-06:128232|RETENTION_RELEASE:2024-10-03:64116
ESK-1053,DIST_102,204,Work 54: DRINKING_WATER Project at Location 53,Synthetic work description for demo data import,DRINKING_WATER,2330855,349628,2330855,2023-02-10,2023-03-21,2024-07-16,COMPLETED,59,true,Irrigation & Flood Control Dept,Location 53,28.728788,77.233382,true,false,MOBILISATION_ADVANCE:2023-04-24:349628
ESK-1054,DIST_103,204,Work 55: DRINKING_WATER Project at Location 54,Synthetic work description for demo data import,DRINKING_WATER,1797675,1797677,1797675,2022-10-17,2022-11-11,2024-08-05,COMPLETED,61,true,Rural Development Agency (DRDA),Location 54,28.600802,77.375279,false,false,MOBILISATION_ADVANCE:2022-12-08:269651|RUNNING_BILL:2023-03-28:419458|RUNNING_BILL:2023-06-02:419458|RUNNING_BILL:2023-08-10:419458|FINAL_BILL:2023-10-24:179768|RETENTION_RELEASE:2024-04-21:89884
ESK-1055,DIST_103,204,Work 56: DRINKING_WATER Project at Location 55,Synthetic work description for demo data import,RELIGIOUS_HERITAGE,607603,0,607603,2023-03-02,2023-04-09,2024-04-18,COMPLETED,100,false,Rural Development Agency (DRDA),Location 55,28.534915,77.182538,false,true,
ESK-1056,DIST_101,203,Work 57: SANITATION Project at Location 56,Synthetic work description for demo data import,RELIGIOUS_HERITAGE,229565,229566,229565,2023-05-31,2023-06-05,2024-07-01,COMPLETED,100,false,Public Works Department (PWD),Location 56,28.508414,77.213400,false,false,MOBILISATION_ADVANCE:2023-06-28:34435|RUNNING_BILL:2023-10-01:40174|RUNNING_BILL:2023-11-30:40174|RUNNING_BILL:2024-01-17:40174|RUNNING_BILL:2024-03-15:40174|FINAL_BILL:2024-05-29:22957|RETENTION_RELEASE:2024-11-25:11478
ESK-1057,DIST_101,204,Work 58: SANITATION Project at Location 57,Synthetic work description for demo data import,SANITATION,3034496,3034496,3034496,2024-10-15,2024-10-23,2025-05-17,COMPLETED,100,false,Irrigation & Flood Control Dept,Location 57,28.501502,77.192958,true,false,MOBILISATION_ADVANCE:2024-11-04:455174|RUNNING_BILL:2025-02-13:708049|RUNNING_BILL:2025-04-29:708049|RUNNING_BILL:2025-06-30:708049|FINAL_BILL:2025-09-13:303450|RETENTION_RELEASE:2026-03-12:151725
ESK-1058,DIST_101,204,Work 59: ROADS_BRIDGES Project at Location 58,Synthetic work description for demo data import,ROADS_BRIDGES,744229,497144,0,2022-08-28,2022-09-17,,IN_PROGRESS,74,false,Public Works Department (PWD),Location 58,28.530113,77.363012,false,false,MOBILISATION_ADVANCE:2022-10-15:111634|RUNNING_BILL:2023-01-29:192755|RUNNING_BILL:2023-03-22:192755
ESK-1059,DIST_103,203,Work 60: SANITATION Project at Location 59,Synthetic work description for demo data import,SANITATION,2652443,3279936,2652443,2025-06-21,2025-07-24,2026-09-05,COMPLETED,100,false,Public Works Department (PWD),Location 59,28.728106,77.321229,false,false,MOBILISATION_ADVANCE:2025-08-10:397866|RUNNING_BILL:2026-09-05:2882070
ESK-1060,DIST_101,201,Work 61: HEALTH Project at Location 60,Synthetic work description for demo data import,HEALTH,2296780,2296779,2296780,2023-10-13,2023-11-29,2024-08-18,COMPLETED,100,false,Public Works Department (PWD),Location 60,28.676959,77.250887,false,false,MOBILISATION_ADVANCE:2023-12-27:344517|RUNNING_BILL:2024-04-05:535915|RUNNING_BILL:2024-06-27:535915|RUNNING_BILL:2024-09-04:535915|FINAL_BILL:2024-11-18:229678|RETENTION_RELEASE:2025-05-17:114839
ESK-1061,DIST_103,204,Work 62: OTHER Project at Location 61,Synthetic work description for demo data import,OTHER,1209791,1209793,1209791,2025-01-25,2025-03-04,2025-11-19,COMPLETED,100,false,Irrigation & Flood Control Dept,Location 61,28.510064,77.332569,true,false,MOBILISATION_ADVANCE:2025-03-22:181469|RUNNING_BILL:2025-06-25:282285|RUNNING_BILL:2025-08-15:282285|RUNNING_BILL:2025-11-01:282285|FINAL_BILL:2026-01-15:120979|RETENTION_RELEASE:2026-07-14:60490
ESK-1062,DIST_102,203,Work 63: ROADS_BRIDGES Project at Location 62,Synthetic work description for demo data import,ROADS_BRIDGES,1360550,204083,1360550,2024-02-16,2024-03-24,2025-06-16,COMPLETED,100,false,Municipal Corporation,Location 62,28.665099,77.161456,false,false,MOBILISATION_ADVANCE:2024-04-06:204083
ESK-1063,DIST_101,202,Work 64: SANITATION Project at Location 63,Synthetic work description for demo data import,SANITATION,2135809,2135807,2135809,2023-09-02,2023-09-09,2025-03-10,COMPLETED,100,false,Rural Development Agency (DRDA),Location 63,28.673964,77.379463,false,false,MOBILISATION_ADVANCE:2023-10-21:320371|RUNNING_BILL:2024-01-17:498355|RUNNING_BILL:2024-04-08:498355|RUNNING_BILL:2024-06-11:498355|FINAL_BILL:2024-08-25:213581|RETENTION_RELEASE:2025-02-21:106790
ESK-1064,DIST_103,203,Work 65: DRINKING_WATER Project at Location 64,Synthetic work description for demo data import,DRINKING_WATER,2261957,0,2261957,2026-02-03,2026-03-07,2026-09-05,COMPLETED,100,true,Public Works Department (PWD),Location 64,28.613748,77.247097,false,false,
ESK-1065,DIST_103,201,Work 66: HEALTH Project at Location 65,Synthetic work description for demo data import,HEALTH,2749006,2749006,2749006,2023-02-09,2023-02-24,2023-09-06,COMPLETED,100,false,Rural Development Agency (DRDA),Location 65,28.527862,77.271357,false,true,MOBILISATION_ADVANCE:2023-04-03:412351|RUNNING_BILL:2023-06-15:962152|RUNNING_BILL:2023-08-02:962152|FINAL_BILL:2023-10-16:274901|RETENTION_RELEASE:2024-04-13:137450
ESK-1066,DIST_103,202,Work 67: SANITATION Project at Location 66,Synthetic work description for demo data import,SANITATION,1758534,1989541,1758534,2025-06-15,2025-07-04,2026-09-05,COMPLETED,100,true,Irrigation & Flood Control Dept,Location 66,28.623749,77.170674,true,false,MOBILISATION_ADVANCE:2025-08-09:263780|RUNNING_BILL:2025-11-25:615487|RUNNING_BILL:2026-02-20:615487|FINAL_BILL:2026-05-06:175853|RUNNING_BILL:2026-09-05:318934
ESK-1067,DIST_104,203,Work 68: ROADS_BRIDGES Project at Location 67,Synthetic work description for demo data import,ROADS_BRIDGES,3058101,3573610,3058101,2025-05-27,2025-06-20,2026-09-05,COMPLETED,100,true,Municipal Corporation,Location 67,28.723875,77.389062,false,false,MOBILISATION_ADVANCE:2025-07-30:458715|RUNNING_BILL:2026-09-05:3114895
ESK-1068,DIST_102,203,Work 69: EDUCATION Project at Location 68,Synthetic work description for demo data import,EDUCATION,3119636,3119635,3119636,2023-12-01,2024-01-13,2024-09-01,COMPLETED,100,false,Municipal Corporation,Location 68,28.515529,77.322426,true,false,MOBILISATION_ADVANCE:2024-02-03:467945|RUNNING_BILL:2024-06-06:545936|RUNNING_BILL:2024-08-26:545936|RUNNING_BILL:2024-10-21:545936|RUNNING_BILL:2024-12-17:545936|FINAL_BILL:2025-03-02:311964|RETENTION_RELEASE:2025-08-29:155982
ESK-1069,DIST_103,204,Work 70: DRINKING_WATER Project at Location 69,Synthetic work description for demo data import,DRINKING_WATER,1932760,0,0,2026-05-22,,,CANCELLED,0,false,Rural Development Agency (DRDA),Location 69,28.695258,77.164639,false,false,
ESK-1070,DIST_102,204,Work 71: ROADS_BRIDGES Project at Location 70,Synthetic work description for demo data import,ROADS_BRIDGES,3663964,3971081,0,2026-01-19,2026-01-28,,NOT_STARTED,0,false,Irrigation & Flood Control Dept,Location 70,28.546384,77.346102,false,false,MOBILISATION_ADVANCE:2026-02-17:549595|RUNNING_BILL:2026-06-09:0|RUNNING_BILL:2026-09-05:3421486
ESK-1071,DIST_104,201,Work 72: OTHER Project at Location 71,Synthetic work description for demo data import,OTHER,1698717,254808,1698717,2023-06-07,2023-07-13,2024-06-14,COMPLETED,100,false,Irrigation & Flood Control Dept,Location 71,28.678466,77.162389,false,false,MOBILISATION_ADVANCE:2023-08-26:254808
ESK-1072,DIST_104,202,Work 73: OTHER Project at Location 72,Synthetic work description for demo data import,OTHER,933250,727937,0,2025-10-02,2025-11-07,,IN_PROGRESS,90,false,Public Works Department (PWD),Location 72,28.576767,77.293155,false,false,MOBILISATION_ADVANCE:2025-12-13:139988|RUNNING_BILL:2026-02-26:195983|RUNNING_BILL:2026-04-28:195983|RUNNING_BILL:2026-06-18:195983
ESK-1073,DIST_104,204,Work 74: OTHER Project at Location 73,Synthetic work description for demo data import,OTHER,1842047,740503,0,2023-10-12,2023-10-23,,IN_PROGRESS,36,false,Municipal Corporation,Location 73,28.691622,77.159757,false,false,MOBILISATION_ADVANCE:2023-11-17:276307|RUNNING_BILL:2024-02-27:154732|RUNNING_BILL:2024-04-17:154732|RUNNING_BILL:2024-06-04:154732
ESK-1074,DIST_103,203,Work 75: OTHER Project at Location 74,Synthetic work description for demo data import,OTHER,738428,738428,738428,2023-06-20,2023-08-08,2024-03-09,COMPLETED,100,false,Irrigation & Flood Control Dept,Location 74,28.544347,77.177826,true,false,MOBILISATION_ADVANCE:2023-09-01:110764|RUNNING_BILL:2023-12-27:258450|RUNNING_BILL:2024-03-10:258450|FINAL_BILL:2024-05-24:73843|RETENTION_RELEASE:2024-11-20:36921
ESK-1075,DIST_103,202,Work 76: ROADS_BRIDGES Project at Location 75,Synthetic work description for demo data import,ROADS_BRIDGES,1189741,1189742,1189741,2022-10-14,2022-11-26,2024-03-28,COMPLETED,100,false,Rural Development Agency (DRDA),Location 75,28.523926,77.338886,false,false,MOBILISATION_ADVANCE:2022-12-27:178461|RUNNING_BILL:2023-03-16:208205|RUNNING_BILL:2023-06-02:208205|RUNNING_BILL:2023-07-29:208205|RUNNING_BILL:2023-10-06:208205|FINAL_BILL:2023-12-20:118974|RETENTION_RELEASE:2024-06-17:59487
ESK-1076,DIST_104,202,Work 77: DRINKING_WATER Project at Location 76,Synthetic work description for demo data import,DRINKING_WATER,2182247,0,2182247,2024-12-05,2024-12-26,2025-11-11,COMPLETED,100,false,Irrigation & Flood Control Dept,Location 76,28.707077,77.279906,false,false,
ESK-1077,DIST_103,204,Work 78: OTHER Project at Location 77,Synthetic work description for demo data import,OTHER,2902530,3591460,0,2025-03-10,2025-04-15,,NOT_STARTED,0,false,Municipal Corporation,Location 77,28.541169,77.199237,false,false,MOBILISATION_ADVANCE:2025-05-02:435380|RUNNING_BILL:2025-09-09:0|RUNNING_BILL:2025-11-18:0|RUNNING_BILL:2026-01-11:0|RUNNING_BILL:2026-09-05:3156080
ESK-1078,DIST_101,202,Work 79: EDUCATION Project at Location 78,Synthetic work description for demo data import,EDUCATION,1866707,1866707,1866707,2023-01-15,2023-02-14,2024-11-20,COMPLETED,100,false,Public Works Department (PWD),Location 78,28.719899,77.399196,false,false,MOBILISATION_ADVANCE:2023-03-09:280006|RUNNING_BILL:2023-06-10:435565|RUNNING_BILL:2023-09-04:435565|RUNNING_BILL:2023-10-24:435565|FINAL_BILL:2024-01-07:186671|RETENTION_RELEASE:2024-07-05:93335
ESK-1079,DIST_103,201,Work 80: DRINKING_WATER Project at Location 79,Synthetic work description for demo data import,DRINKING_WATER,747628,747628,747628,2023-05-26,2023-07-06,2024-08-09,COMPLETED,100,false,Public Works Department (PWD),Location 79,28.631737,77.380170,false,false,MOBILISATION_ADVANCE:2023-08-19:112144|RUNNING_BILL:2023-11-09:261670|RUNNING_BILL:2024-01-19:261670|FINAL_BILL:2024-04-03:74763|RETENTION_RELEASE:2024-09-30:37381
ESK-1080,DIST_103,201,Work 81: DRINKING_WATER Project at Location 80,Synthetic work description for demo data import,DRINKING_WATER,635902,635902,635902,2024-02-20,2024-03-07,2025-06-17,COMPLETED,100,false,Rural Development Agency (DRDA),Location 80,28.733358,77.155533,false,false,MOBILISATION_ADVANCE:2024-03-20:95385|RUNNING_BILL:2024-08-03:222566|RUNNING_BILL:2024-09-28:222566|FINAL_BILL:2024-12-12:63590|RETENTION_RELEASE:2025-06-10:31795
ESK-1081,DIST_102,201,Work 82: DRINKING_WATER Project at Location 81,Synthetic work description for demo data import,DRINKING_WATER,1260489,1382978,261007,2024-09-04,2024-09-13,,IN_PROGRESS,4,false,Public Works Department (PWD),Location 81,28.720950,77.204735,false,true,MOBILISATION_ADVANCE:2024-09-26:189073|RUNNING_BILL:2026-09-05:1193905
ESK-1082,DIST_101,202,Work 83: ROADS_BRIDGES Project at Location 82,Synthetic work description for demo data import,ROADS_BRIDGES,2762585,3068586,2762585,2025-11-15,2025-12-10,2026-09-05,COMPLETED,100,true,Irrigation & Flood Control Dept,Location 82,28.747332,77.273318,true,false,MOBILISATION_ADVANCE:2026-01-04:414388|RUNNING_BILL:2026-04-15:966905|RUNNING_BILL:2026-06-06:966905|FINAL_BILL:2026-08-20:276259|RUNNING_BILL:2026-09-05:444129
ESK-1083,DIST_102,201,Work 84: OTHER Project at Location 83,Synthetic work description for demo data import,OTHER,1024200,1158459,1024200,2026-03-26,2026-04-06,2026-09-05,COMPLETED,100,true,Rural Development Agency (DRDA),Location 83,28.540732,77.344500,false,false,MOBILISATION_ADVANCE:2026-04-18:153630|RUNNING_BILL:2026-08-13:179235|RUNNING_BILL:2026-09-05:825594
ESK-1084,DIST_104,203,Work 85: DRINKING_WATER Project at Location 84,Synthetic work description for demo data import,DRINKING_WATER,1941854,0,1941854,2026-02-11,2026-02-23,2026-09-05,COMPLETED,100,true,Irrigation & Flood Control Dept,Location 84,28.698825,77.376014,false,false,
ESK-1085,DIST_104,202,Work 86: SANITATION Project at Location 85,Synthetic work description for demo data import,SANITATION,1729992,1976301,0,2024-09-25,2024-10-28,,NOT_STARTED,0,false,Irrigation & Flood Control Dept,Location 85,28.547967,77.326864,false,false,MOBILISATION_ADVANCE:2024-11-24:259499|RUNNING_BILL:2025-03-15:0|RUNNING_BILL:2026-09-05:1716802
ESK-1086,DIST_102,203,Work 87: HEALTH Project at Location 86,Synthetic work description for demo data import,HEALTH,1722752,258413,1722752,2024-09-27,2024-11-16,2025-11-14,COMPLETED,100,false,Rural Development Agency (DRDA),Location 86,28.660718,77.374746,false,false,MOBILISATION_ADVANCE:2024-12-13:258413
ESK-1087,DIST_102,204,Work 88: DRINKING_WATER Project at Location 87,Synthetic work description for demo data import,DRINKING_WATER,1618628,662020,0,2024-03-05,2024-04-03,,IN_PROGRESS,37,false,Rural Development Agency (DRDA),Location 87,28.626053,77.309842,true,false,MOBILISATION_ADVANCE:2024-04-24:242794|RUNNING_BILL:2024-08-27:139742|RUNNING_BILL:2024-11-01:139742|RUNNING_BILL:2025-01-06:139742
ESK-1088,DIST_102,202,Work 89: SANITATION Project at Location 88,Synthetic work description for demo data import,SANITATION,3946525,4458183,0,2025-08-26,2025-09-26,,NOT_STARTED,0,false,Rural Development Agency (DRDA),Location 88,28.547752,77.348627,true,false,MOBILISATION_ADVANCE:2025-10-14:591979|RUNNING_BILL:2026-01-25:0|RUNNING_BILL:2026-04-01:0|RUNNING_BILL:2026-05-16:0|RUNNING_BILL:2026-09-05:3866204
ESK-1089,DIST_102,203,Work 90: DRINKING_WATER Project at Location 89,Synthetic work description for demo data import,DRINKING_WATER,751987,751988,751987,2024-09-11,2024-09-27,2025-02-16,COMPLETED,100,false,Rural Development Agency (DRDA),Location 89,28.500377,77.270842,false,false,MOBILISATION_ADVANCE:2024-10-22:112798|RUNNING_BILL:2025-02-04:175464|RUNNING_BILL:2025-03-22:175464|RUNNING_BILL:2025-05-26:175464|FINAL_BILL:2025-08-09:75199|RETENTION_RELEASE:2026-02-05:37599
ESK-1090,DIST_104,204,Work 91: SANITATION Project at Location 90,Synthetic work description for demo data import,SANITATION,568577,0,568577,2024-06-17,2024-07-27,2025-10-13,COMPLETED,100,false,Irrigation & Flood Control Dept,Location 90,28.572385,77.396461,true,false,
ESK-1091,DIST_101,201,Work 92: EDUCATION Project at Location 91,Synthetic work description for demo data import,EDUCATION,3020213,3020212,3020213,2024-12-14,2024-12-25,2025-06-25,COMPLETED,100,false,Municipal Corporation,Location 91,28.577027,77.283709,true,false,MOBILISATION_ADVANCE:2025-01-13:453032|RUNNING_BILL:2025-04-30:528537|RUNNING_BILL:2025-06-18:528537|RUNNING_BILL:2025-08-10:528537|RUNNING_BILL:2025-11-03:528537|FINAL_BILL:2026-01-17:302021|RETENTION_RELEASE:2026-07-16:151011
ESK-1092,DIST_102,202,Work 93: ROADS_BRIDGES Project at Location 92,Synthetic work description for demo data import,ROADS_BRIDGES,4483199,5301326,0,2024-02-01,2024-03-08,,ON_HOLD,84,false,Public Works Department (PWD),Location 92,28.516519,77.217258,false,false,MOBILISATION_ADVANCE:2024-04-17:672480|RUNNING_BILL:2026-09-05:4628846
ESK-1093,DIST_103,204,Work 94: DRINKING_WATER Project at Location 93,Synthetic work description for demo data import,DRINKING_WATER,1295264,1448946,1295264,2022-11-08,2022-11-25,2024-10-17,COMPLETED,100,true,Irrigation & Flood Control Dept,Location 93,28.638540,77.265231,false,false,MOBILISATION_ADVANCE:2022-12-16:194290|RUNNING_BILL:2023-03-21:453342|RUNNING_BILL:2023-06-01:453342|FINAL_BILL:2023-08-15:129526|RETENTION_RELEASE:2024-02-11:64763|RUNNING_BILL:2026-09-05:153683
ESK-1094,DIST_103,202,Work 95: DRINKING_WATER Project at Location 94,Synthetic work description for demo data import,DRINKING_WATER,1959968,870226,0,2023-06-19,2023-07-02,,ON_HOLD,42,false,Municipal Corporation,Location 94,28.602788,77.330582,false,false,MOBILISATION_ADVANCE:2023-07-31:293995|RUNNING_BILL:2023-11-22:192077|RUNNING_BILL:2024-02-09:192077|RUNNING_BILL:2024-05-03:192077
ESK-1095,DIST_101,201,Work 96: HEALTH Project at Location 95,Synthetic work description for demo data import,HEALTH,2762177,2762178,2762177,2024-10-18,2024-11-30,2025-11-02,COMPLETED,100,true,Rural Development Agency (DRDA),Location 95,28.636666,77.205628,false,false,MOBILISATION_ADVANCE:2025-01-01:414327|RUNNING_BILL:2025-03-26:483381|RUNNING_BILL:2025-05-12:483381|RUNNING_BILL:2025-07-03:483381|RUNNING_BILL:2025-08-24:483381|FINAL_BILL:2025-11-07:276218|RETENTION_RELEASE:2026-05-06:138109
ESK-1096,DIST_103,201,Work 97: OTHER Project at Location 96,Synthetic work description for demo data import,OTHER,1969267,1969268,1969267,2024-09-24,2024-10-31,2025-05-05,COMPLETED,100,true,Irrigation & Flood Control Dept,Location 96,28.607017,77.348688,true,false,MOBILISATION_ADVANCE:2024-12-09:295390|RUNNING_BILL:2025-02-27:459496|RUNNING_BILL:2025-05-21:459496|RUNNING_BILL:2025-07-28:459496|FINAL_BILL:2025-10-11:196927|RETENTION_RELEASE:2026-04-09:98463
ESK-1097,DIST_101,204,Work 98: ROADS_BRIDGES Project at Location 97,Synthetic work description for demo data import,ROADS_BRIDGES,371569,105153,0,2024-08-31,2024-10-10,,IN_PROGRESS,19,false,Rural Development Agency (DRDA),Location 97,28.702500,77.396189,false,false,MOBILISATION_ADVANCE:2024-10-24:55735|RUNNING_BILL:2025-01-24:24709|RUNNING_BILL:2025-04-20:24709
ESK-1098,DIST_104,203,Work 99: ROADS_BRIDGES Project at Location 98,Synthetic work description for demo data import,ROADS_BRIDGES,1641703,1559617,1641703,2025-07-26,2025-08-10,2026-06-01,COMPLETED,100,true,Rural Development Agency (DRDA),Location 98,28.676092,77.166314,false,false,MOBILISATION_ADVANCE:2025-08-24:246255|RUNNING_BILL:2025-12-15:574596|RUNNING_BILL:2026-02-02:574596|FINAL_BILL:2026-04-18:164170
ESK-1099,DIST_101,204,Work 100: SANITATION Project at Location 99,Synthetic work description for demo data import,SANITATION,2623125,0,0,2022-11-07,2022-12-11,,CANCELLED,0,false,Municipal Corporation,Location 99,28.618462,77.212873,false,false,
ESK-1100,DIST_102,204,Work 101: ROADS_BRIDGES Project at Location 100,Synthetic work description for demo data import,ROADS_BRIDGES,2385472,791977,0,2025-09-14,2025-11-01,,IN_PROGRESS,26,false,Rural Development Agency (DRDA),Location 100,28.635726,77.328448,false,false,MOBILISATION_ADVANCE:2025-12-05:357821|RUNNING_BILL:2026-03-29:217078|RUNNING_BILL:2026-06-04:217078
ESK-1101,DIST_104,204,Work 102: EDUCATION Project at Location 101,Synthetic work description for demo data import,EDUCATION,1270817,0,1270817,2025-03-27,2025-04-18,2026-07-25,COMPLETED,100,false,Municipal Corporation,Location 101,28.683104,77.228040,false,false,
ESK-1102,DIST_103,201,Work 103: EDUCATION Project at Location 102,Synthetic work description for demo data import,EDUCATION,3349756,502463,0,2024-01-24,2024-02-09,,IN_PROGRESS,17,false,Irrigation & Flood Control Dept,Location 102,28.526218,77.363775,false,false,MOBILISATION_ADVANCE:2024-03-21:502463
ESK-1103,DIST_104,203,Work 104: EDUCATION Project at Location 103,Synthetic work description for demo data import,EDUCATION,473536,449860,473536,2025-06-17,2025-07-26,2026-09-05,COMPLETED,100,false,Irrigation & Flood Control Dept,Location 103,28.727869,77.254861,false,false,MOBILISATION_ADVANCE:2025-08-06:71030|RUNNING_BILL:2025-11-13:110492|RUNNING_BILL:2026-01-06:110492|RUNNING_BILL:2026-03-31:110492|FINAL_BILL:2026-06-14:47354
ESK-1104,DIST_101,201,Work 105: OTHER Project at Location 104,Synthetic work description for demo data import,OTHER,4083297,0,0,2023-10-03,2023-10-18,,IN_PROGRESS,49,false,Municipal Corporation,Location 104,28.519828,77.210218,false,false,
ESK-1105,DIST_102,204,Work 106: ROADS_BRIDGES Project at Location 105,Synthetic work description for demo data import,ROADS_BRIDGES,124160,124160,124160,2024-09-22,2024-11-09,2025-06-02,COMPLETED,100,true,Irrigation & Flood Control Dept,Location 105,28.647841,77.314705,false,false,MOBILISATION_ADVANCE:2024-11-29:18624|RUNNING_BILL:2025-04-02:43456|RUNNING_BILL:2025-05-26:43456|FINAL_BILL:2025-08-09:12416|RETENTION_RELEASE:2026-02-05:6208
ESK-1106,DIST_104,204,Work 107: SANITATION Project at Location 106,Synthetic work description for demo data import,SANITATION,1285483,0,172128,2024-06-20,2024-07-31,,IN_PROGRESS,48,false,Irrigation & Flood Control Dept,Location 106,28.524908,77.155320,false,false,
ESK-1107,DIST_101,202,Work 108: EDUCATION Project at Location 107,Synthetic work description for demo data import,EDUCATION,2494785,2494786,2494785,2023-08-04,2023-08-15,2024-02-07,COMPLETED,100,true,Irrigation & Flood Control Dept,Location 107,28.562975,77.216858,false,false,MOBILISATION_ADVANCE:2023-09-08:374218|RUNNING_BILL:2023-12-08:873175|RUNNING_BILL:2024-02-08:873175|FINAL_BILL:2024-04-23:249479|RETENTION_RELEASE:2024-10-20:124739
ESK-1108,DIST_103,202,Work 109: ROADS_BRIDGES Project at Location 108,Synthetic work description for demo data import,ROADS_BRIDGES,2183267,0,0,2026-07-08,,,NOT_STARTED,0,false,Municipal Corporation,Location 108,28.724276,77.182676,true,false,
ESK-1109,DIST_103,204,Work 110: OTHER Project at Location 109,Synthetic work description for demo data import,OTHER,2906334,2906334,2906334,2024-08-02,2024-09-02,2026-04-30,COMPLETED,100,true,Irrigation & Flood Control Dept,Location 109,28.533478,77.269460,false,false,MOBILISATION_ADVANCE:2024-09-20:435950|RUNNING_BILL:2025-01-09:1017217|RUNNING_BILL:2025-04-06:1017217|FINAL_BILL:2025-06-20:290633|RETENTION_RELEASE:2025-12-17:145317
ESK-1110,DIST_104,204,Work 111: DRINKING_WATER Project at Location 110,Synthetic work description for demo data import,DRINKING_WATER,848727,848726,848727,2023-11-23,2023-12-12,2024-06-13,COMPLETED,100,true,Municipal Corporation,Location 110,28.720116,77.389096,false,false,MOBILISATION_ADVANCE:2023-12-31:127309|RUNNING_BILL:2024-04-21:148527|RUNNING_BILL:2024-07-10:148527|RUNNING_BILL:2024-09-04:148527|RUNNING_BILL:2024-10-31:148527|FINAL_BILL:2025-01-14:84873|RETENTION_RELEASE:2025-07-13:42436
ESK-1111,DIST_101,203,Work 112: DRINKING_WATER Project at Location 111,Synthetic work description for demo data import,DRINKING_WATER,963079,963078,963079,2023-09-24,2023-10-30,2025-05-29,COMPLETED,100,false,Irrigation & Flood Control Dept,Location 111,28.536173,77.259773,true,false,MOBILISATION_ADVANCE:2023-11-15:144462|RUNNING_BILL:2024-03-05:224718|RUNNING_BILL:2024-04-25:224718|RUNNING_BILL:2024-07-12:224718|FINAL_BILL:2024-09-25:96308|RETENTION_RELEASE:2025-03-24:48154
ESK-1112,DIST_101,201,Work 113: DRINKING_WATER Project at Location 112,Synthetic work description for demo data import,DRINKING_WATER,1652593,1569964,1652593,2025-02-21,2025-03-31,2026-09-05,COMPLETED,100,true,Public Works Department (PWD),Location 112,28.591890,77.359270,false,false,MOBILISATION_ADVANCE:2025-04-19:247889|RUNNING_BILL:2025-08-06:289204|RUNNING_BILL:2025-09-20:289204|RUNNING_BILL:2025-12-16:289204|RUNNING_BILL:2026-03-01:289204|FINAL_BILL:2026-05-15:165259
ESK-1113,DIST_103,203,Work 114: EDUCATION Project at Location 113,Synthetic work description for demo data import,EDUCATION,2804901,2804902,2804901,2024-04-27,2024-06-07,2024-11-28,COMPLETED,100,true,Rural Development Agency (DRDA),Location 113,28.667790,77.171000,true,false,MOBILISATION_ADVANCE:2024-07-21:420735|RUNNING_BILL:2024-11-03:490858|RUNNING_BILL:2025-01-05:490858|RUNNING_BILL:2025-03-18:490858|RUNNING_BILL:2025-06-04:490858|FINAL_BILL:2025-08-18:280490|RETENTION_RELEASE:2026-02-14:140245
ESK-1114,DIST_103,204,Work 115: ROADS_BRIDGES Project at Location 114,Synthetic work description for demo data import,ROADS_BRIDGES,2527268,2527268,2527268,2025-01-27,2025-03-12,2025-10-11,COMPLETED,100,false,Rural Development Agency (DRDA),Location 114,28.698062,77.243795,false,false,MOBILISATION_ADVANCE:2025-03-29:379090|RUNNING_BILL:2025-07-24:589696|RUNNING_BILL:2025-09-26:589696|RUNNING_BILL:2025-11-13:589696|FINAL_BILL:2026-01-27:252727|RETENTION_RELEASE:2026-07-26:126363
ESK-1115,DIST_101,201,Work 116: OTHER Project at Location 115,Synthetic work description for demo data import,OTHER,1143282,171492,1143282,2024-11-21,2024-12-14,2026-06-05,COMPLETED,100,true,Irrigation & Flood Control Dept,Location 115,28.530611,77.319541,true,false,MOBILISATION_ADVANCE:2025-01-23:171492
ESK-1116,DIST_101,204,Work 117: HEALTH Project at Location 116,Synthetic work description for demo data import,HEALTH,920802,920802,920802,2023-01-11,2023-02-18,2024-07-23,COMPLETED,100,false,Irrigation & Flood Control Dept,Location 116,28.664338,77.361772,false,false,MOBILISATION_ADVANCE:2023-03-17:138120|RUNNING_BILL:2023-07-16:214854|RUNNING_BILL:2023-09-17:214854|RUNNING_BILL:2023-11-17:214854|FINAL_BILL:2024-01-31:92080|RETENTION_RELEASE:2024-07-29:46040
ESK-1117,DIST_103,203,Work 118: DRINKING_WATER Project at Location 117,Synthetic work description for demo data import,DRINKING_WATER,2575849,0,762881,2023-10-18,2023-11-20,,IN_PROGRESS,27,false,Municipal Corporation,Location 117,28.740217,77.334490,false,false,
ESK-1118,DIST_103,201,Work 119: SANITATION Project at Location 118,Synthetic work description for demo data import,SANITATION,2525307,2525306,2525307,2024-07-20,2024-08-10,2025-02-12,COMPLETED,100,true,Public Works Department (PWD),Location 118,28.677126,77.366424,false,false,MOBILISATION_ADVANCE:2024-08-24:378796|RUNNING_BILL:2024-11-26:883857|RUNNING_BILL:2025-02-16:883857|FINAL_BILL:2025-05-02:252531|RETENTION_RELEASE:2025-10-29:126265
ESK-1119,DIST_102,203,Work 120: SANITATION Project at Location 119,Synthetic work description for demo data import,SANITATION,867257,0,0,2026-07-02,,,NOT_STARTED,0,false,Irrigation & Flood Control Dept,Location 119,28.542168,77.374860,true,false,
ESK-1120,DIST_102,201,Work 121: HEALTH Project at Location 120,Synthetic work description for demo data import,HEALTH,373910,373912,373910,2022-09-10,2022-09-29,2023-10-23,COMPLETED,100,false,Municipal Corporation,Location 120,28.623365,77.343248,false,false,MOBILISATION_ADVANCE:2022-10-16:56087|RUNNING_BILL:2023-01-30:87246|RUNNING_BILL:2023-04-01:87246|RUNNING_BILL:2023-06-25:87246|FINAL_BILL:2023-09-08:37391|RETENTION_RELEASE:2024-03-06:18696
ESK-1121,DIST_103,202,Work 122: DRINKING_WATER Project at Location 121,Synthetic work description for demo data import,DRINKING_WATER,842027,715723,842027,2025-11-07,2025-11-23,2026-09-05,COMPLETED,100,false,Irrigation & Flood Control Dept,Location 121,28.728557,77.271158,false,false,MOBILISATION_ADVANCE:2025-12-10:126304|RUNNING_BILL:2026-04-12:196473|RUNNING_BILL:2026-06-02:196473|RUNNING_BILL:2026-08-07:196473
ESK-1122,DIST_104,201,Work 123: HEALTH Project at Location 122,Synthetic work description for demo data import,HEALTH,976846,146527,976846,2024-11-20,2024-11-26,2025-10-27,COMPLETED,100,true,Municipal Corporation,Location 122,28.726151,77.277908,false,false,MOBILISATION_ADVANCE:2025-01-10:146527
ESK-1123,DIST_101,203,Work 124: SANITATION Project at Location 123,Synthetic work description for demo data import,SANITATION,1412016,0,576314,2024-10-11,2024-11-26,,IN_PROGRESS,40,false,Rural Development Agency (DRDA),Location 123,28.665012,77.334165,false,false,
ESK-1124,DIST_103,201,Work 125: HEALTH Project at Location 124,Synthetic work description for demo data import,HEALTH,4247475,0,0,2026-04-14,,,NOT_STARTED,0,false,Rural Development Agency (DRDA),Location 124,28.553246,77.304381,false,false,
ESK-1125,DIST_102,204,Work 126: HEALTH Project at Location 125,Synthetic work description for demo data import,HEALTH,1049944,0,0,2024-06-28,2024-08-02,,CANCELLED,0,false,Municipal Corporation,Location 125,28.502479,77.389348,false,false,
ESK-1126,DIST_102,204,Work 127: EDUCATION Project at Location 126,Synthetic work description for demo data import,EDUCATION,923261,0,362190,2026-01-14,2026-01-25,,IN_PROGRESS,38,false,Rural Development Agency (DRDA),Location 126,28.722276,77.320769,false,false,
ESK-1127,DIST_104,202,Work 128: EDUCATION Project at Location 127,Synthetic work description for demo data import,EDUCATION,128207,19231,128207,2022-10-09,2022-11-18,2024-01-10,COMPLETED,100,true,Irrigation & Flood Control Dept,Location 127,28.556711,77.389318,false,false,MOBILISATION_ADVANCE:2022-11-28:19231
ESK-1128,DIST_102,203,Work 129: OTHER Project at Location 128,Synthetic work description for demo data import,OTHER,281890,267797,281890,2025-03-07,2025-04-12,2025-09-20,COMPLETED,100,true,Irrigation & Flood Control Dept,Location 128,28.717332,77.389452,false,false,MOBILISATION_ADVANCE:2025-04-24:42284|RUNNING_BILL:2025-07-29:49331|RUNNING_BILL:2025-10-05:49331|RUNNING_BILL:2025-12-22:49331|RUNNING_BILL:2026-02-28:49331|FINAL_BILL:2026-05-14:28189
ESK-1129,DIST_102,202,Work 130: EDUCATION Project at Location 129,Synthetic work description for demo data import,EDUCATION,2559156,2559155,2559156,2024-01-30,2024-02-05,2025-09-10,COMPLETED,100,false,Irrigation & Flood Control Dept,Location 129,28.745531,77.396525,false,false,MOBILISATION_ADVANCE:2024-03-15:383873|RUNNING_BILL:2024-05-30:447852|RUNNING_BILL:2024-08-18:447852|RUNNING_BILL:2024-10-03:447852|RUNNING_BILL:2024-11-20:447852|FINAL_BILL:2025-02-03:255916|RETENTION_RELEASE:2025-08-02:127958
ESK-1130,DIST_102,202,Work 131: ROADS_BRIDGES Project at Location 130,Synthetic work description for demo data import,ROADS_BRIDGES,768507,0,122980,2025-10-04,2025-11-12,,IN_PROGRESS,99,false,Irrigation & Flood Control Dept,Location 130,28.560668,77.254786,false,false,
ESK-1131,DIST_102,203,Work 132: OTHER Project at Location 131,Synthetic work description for demo data import,OTHER,449103,67365,449103,2024-07-06,2024-08-08,2025-06-30,COMPLETED,100,true,Public Works Department (PWD),Location 131,28.521071,77.378217,false,false,MOBILISATION_ADVANCE:2024-09-07:67365
ESK-1132,DIST_102,203,Work 133: DRINKING_WATER Project at Location 132,Synthetic work description for demo data import,DRINKING_WATER,486957,486958,486957,2023-03-06,2023-03-11,2025-02-07,COMPLETED,100,false,Municipal Corporation,Location 132,28.560159,77.367942,false,false,MOBILISATION_ADVANCE:2023-03-31:73044|RUNNING_BILL:2023-07-01:170435|RUNNING_BILL:2023-09-09:170435|FINAL_BILL:2023-11-23:48696|RETENTION_RELEASE:2024-05-21:24348
ESK-1133,DIST_102,203,Work 134: OTHER Project at Location 133,Synthetic work description for demo data import,OTHER,1313536,0,550813,2024-10-29,2024-11-04,,IN_PROGRESS,60,false,Public Works Department (PWD),Location 133,28.670729,77.179696,false,false,
ESK-1134,DIST_102,201,Work 135: SANITATION Project at Location 134,Synthetic work description for demo data import,SANITATION,2862885,2862886,2862885,2024-06-26,2024-07-15,2026-06-02,COMPLETED,100,false,Rural Development Agency (DRDA),Location 134,28.540336,77.335483,false,false,MOBILISATION_ADVANCE:2024-07-31:429433|RUNNING_BILL:2024-11-23:501005|RUNNING_BILL:2025-01-23:501005|RUNNING_BILL:2025-03-17:501005|RUNNING_BILL:2025-06-09:501005|FINAL_BILL:2025-08-23:286289|RETENTION_RELEASE:2026-02-19:143144
ESK-1135,DIST_104,201,Work 136: EDUCATION Project at Location 135,Synthetic work description for demo data import,EDUCATION,555874,528080,555874,2025-07-07,2025-08-20,2026-07-12,COMPLETED,100,true,Municipal Corporation,Location 135,28.563731,77.240798,false,false,MOBILISATION_ADVANCE:2025-09-29:83381|RUNNING_BILL:2026-01-12:129704|RUNNING_BILL:2026-03-07:129704|RUNNING_BILL:2026-05-22:129704|FINAL_BILL:2026-08-05:55587
ESK-1136,DIST_102,204,Work 137: OTHER Project at Location 136,Synthetic work description for demo data import,OTHER,960666,0,0,2024-03-03,2024-03-25,,CANCELLED,0,false,Irrigation & Flood Control Dept,Location 136,28.623502,77.296951,false,false,
ESK-1137,DIST_104,202,Work 138: DRINKING_WATER Project at Location 137,Synthetic work description for demo data import,DRINKING_WATER,940140,634596,940140,2025-09-10,2025-10-15,2026-08-15,COMPLETED,100,true,Public Works Department (PWD),Location 137,28.621423,77.325824,false,false,MOBILISATION_ADVANCE:2025-10-31:141021|RUNNING_BILL:2026-03-08:164525|RUNNING_BILL:2026-05-19:164525|RUNNING_BILL:2026-07-14:164525
ESK-1138,DIST_101,203,Work 139: HEALTH Project at Location 138,Synthetic work description for demo data import,HEALTH,739054,110858,739054,2025-08-08,2025-08-25,2026-09-04,COMPLETED,100,false,Irrigation & Flood Control Dept,Location 138,28.589762,77.266685,false,false,MOBILISATION_ADVANCE:2025-10-05:110858
ESK-1139,DIST_102,203,Work 140: DRINKING_WATER Project at Location 139,Synthetic work description for demo data import,DRINKING_WATER,2226018,333903,2226018,2026-03-28,2026-05-10,2026-09-05,COMPLETED,100,true,Public Works Department (PWD),Location 139,28.530884,77.195951,false,true,MOBILISATION_ADVANCE:2026-06-14:333903
ESK-1140,DIST_101,204,Work 141: ROADS_BRIDGES Project at Location 140,Synthetic work description for demo data import,ROADS_BRIDGES,475358,0,0,2026-06-30,,,NOT_STARTED,0,false,Public Works Department (PWD),Location 140,28.525538,77.257272,true,false,
ESK-1141,DIST_102,202,Work 142: OTHER Project at Location 141,Synthetic work description for demo data import,OTHER,3933596,0,2100407,2025-08-23,2025-09-05,,IN_PROGRESS,58,false,Irrigation & Flood Control Dept,Location 141,28.550250,77.257223,false,false,
ESK-1142,DIST_102,201,Work 143: EDUCATION Project at Location 142,Synthetic work description for demo data import,EDUCATION,1847252,1570164,1847252,2025-07-01,2025-08-14,2026-09-05,COMPLETED,100,true,Municipal Corporation,Location 142,28.694480,77.189624,false,false,MOBILISATION_ADVANCE:2025-09-18:277088|RUNNING_BILL:2026-01-08:323269|RUNNING_BILL:2026-03-09:323269|RUNNING_BILL:2026-05-16:323269|RUNNING_BILL:2026-08-06:323269
ESK-1143,DIST_102,202,Work 144: ROADS_BRIDGES Project at Location 143,Synthetic work description for demo data import,ROADS_BRIDGES,1558157,1558158,1558157,2024-02-29,2024-04-14,2026-01-15,COMPLETED,100,true,Rural Development Agency (DRDA),Location 143,28.643707,77.264231,true,true,MOBILISATION_ADVANCE:2024-05-18:233724|RUNNING_BILL:2024-08-15:545355|RUNNING_BILL:2024-11-04:545355|FINAL_BILL:2025-01-18:155816|RETENTION_RELEASE:2025-07-17:77908
ESK-1144,DIST_101,202,Work 145: EDUCATION Project at Location 144,Synthetic work description for demo data import,EDUCATION,1560071,365057,0,2022-10-26,2022-11-21,,ON_HOLD,12,false,Public Works Department (PWD),Location 144,28.743653,77.323601,false,false,MOBILISATION_ADVANCE:2022-12-28:234011|RUNNING_BILL:2023-04-10:43682|RUNNING_BILL:2023-06-14:43682|RUNNING_BILL:2023-08-03:43682
ESK-1145,DIST_102,201,Work 146: SANITATION Project at Location 145,Synthetic work description for demo data import,SANITATION,2693871,2289789,2693871,2025-09-22,2025-10-13,2026-09-05,COMPLETED,100,true,Public Works Department (PWD),Location 145,28.591821,77.386328,false,false,MOBILISATION_ADVANCE:2025-11-15:404081|RUNNING_BILL:2026-02-01:471427|RUNNING_BILL:2026-03-18:471427|RUNNING_BILL:2026-05-28:471427|RUNNING_BILL:2026-08-23:471427
ESK-1146,DIST_103,202,Work 147: EDUCATION Project at Location 146,Synthetic work description for demo data import,EDUCATION,685088,685086,685088,2024-10-07,2024-11-02,2026-03-17,COMPLETED,100,false,Municipal Corporation,Location 146,28.558060,77.293392,false,false,MOBILISATION_ADVANCE:2024-11-16:102763|RUNNING_BILL:2025-03-28:119890|RUNNING_BILL:2025-05-30:119890|RUNNING_BILL:2025-08-09:119890|RUNNING_BILL:2025-11-05:119890|FINAL_BILL:2026-01-19:68509|RETENTION_RELEASE:2026-07-18:34254
ESK-1147,DIST_103,204,Work 148: EDUCATION Project at Location 147,Synthetic work description for demo data import,EDUCATION,2378142,0,307062,2023-05-14,2023-06-19,,IN_PROGRESS,39,false,Public Works Department (PWD),Location 147,28.606195,77.355536,false,false,
ESK-1148,DIST_101,201,Work 149: EDUCATION Project at Location 148,Synthetic work description for demo data import,EDUCATION,2336169,2336170,2336169,2024-09-24,2024-10-03,2025-10-08,COMPLETED,100,false,Municipal Corporation,Location 148,28.739771,77.255808,true,false,MOBILISATION_ADVANCE:2024-10-18:350425|RUNNING_BILL:2025-01-17:408830|RUNNING_BILL:2025-03-27:408830|RUNNING_BILL:2025-05-23:408830|RUNNING_BILL:2025-07-30:408830|FINAL_BILL:2025-10-13:233617|RETENTION_RELEASE:2026-04-11:116808
ESK-1149,DIST_103,201,Work 150: OTHER Project at Location 149,Synthetic work description for demo data import,OTHER,469021,469020,469021,2022-08-27,2022-09-04,2023-07-22,COMPLETED,100,true,Municipal Corporation,Location 149,28.616016,77.175991,true,false,MOBILISATION_ADVANCE:2022-10-01:70353|RUNNING_BILL:2023-01-06:164157|RUNNING_BILL:2023-02-27:164157|FINAL_BILL:2023-05-13:46902|RETENTION_RELEASE:2023-11-09:23451
ESK-1150,DIST_103,203,Work 151: EDUCATION Project at Location 150,Synthetic work description for demo data import,EDUCATION,478358,478358,478358,2022-12-20,2023-01-04,2024-03-18,COMPLETED,100,true,Public Works Department (PWD),Location 150,28.631445,77.204513,false,false,MOBILISATION_ADVANCE:2023-01-14:71754|RUNNING_BILL:2023-05-29:167425|RUNNING_BILL:2023-08-25:167425|FINAL_BILL:2023-11-08:47836|RETENTION_RELEASE:2024-05-06:23918
ESK-1151,DIST_103,202,Work 152: DRINKING_WATER Project at Location 151,Synthetic work description for demo data import,DRINKING_WATER,1363245,1363246,1363245,2023-08-18,2023-08-26,2024-11-21,COMPLETED,100,false,Municipal Corporation,Location 151,28.708191,77.384996,true,false,MOBILISATION_ADVANCE:2023-09-20:204487|RUNNING_BILL:2023-12-26:238568|RUNNING_BILL:2024-02-17:238568|RUNNING_BILL:2024-05-12:238568|RUNNING_BILL:2024-08-10:238568|FINAL_BILL:2024-10-24:136325|RETENTION_RELEASE:2025-04-22:68162
ESK-1152,DIST_101,201,Work 153: SANITATION Project at Location 152,Synthetic work description for demo data import,SANITATION,276661,186747,276661,2025-09-17,2025-10-18,2026-07-22,COMPLETED,100,true,Municipal Corporation,Location 152,28.632979,77.279893,false,false,MOBILISATION_ADVANCE:2025-11-20:41499|RUNNING_BILL:2026-03-06:48416|RUNNING_BILL:2026-05-06:48416|RUNNING_BILL:2026-07-23:48416
ESK-1153,DIST_101,203,Work 154: SANITATION Project at Location 153,Synthetic work description for demo data import,SANITATION,4596844,0,343589,2024-07-01,2024-08-13,,IN_PROGRESS,84,false,Public Works Department (PWD),Location 153,28.675812,77.260769,false,false,
ESK-1154,DIST_101,203,Work 155: DRINKING_WATER Project at Location 154,Synthetic work description for demo data import,DRINKING_WATER,862330,862330,862330,2023-08-18,2023-09-12,2024-03-12,COMPLETED,100,true,Rural Development Agency (DRDA),Location 154,28.680719,77.239416,false,false,MOBILISATION_ADVANCE:2023-10-25:129350|RUNNING_BILL:2024-01-21:201210|RUNNING_BILL:2024-03-22:201210|RUNNING_BILL:2024-06-02:201210|FINAL_BILL:2024-08-16:86233|RETENTION_RELEASE:2025-02-12:43117
ESK-1155,DIST_104,202,Work 156: SANITATION Project at Location 155,Synthetic work description for demo data import,SANITATION,1347750,0,649842,2026-05-14,2026-05-28,,IN_PROGRESS,24,false,Municipal Corporation,Location 155,28.677951,77.222217,false,false,
ESK-1156,DIST_101,204,Work 157: HEALTH Project at Location 156,Synthetic work description for demo data import,HEALTH,2442395,366359,2442395,2026-01-26,2026-02-23,2026-09-05,COMPLETED,100,false,Municipal Corporation,Location 156,28.600149,77.230550,false,false,MOBILISATION_ADVANCE:2026-04-05:366359
ESK-1157,DIST_103,203,Work 158: EDUCATION Project at Location 157,Synthetic work description for demo data import,EDUCATION,1269900,0,1269900,2025-08-22,2025-10-06,2026-04-28,COMPLETED,100,true,Public Works Department (PWD),Location 157,28.531233,77.286858,false,false,
ESK-1158,DIST_101,203,Work 159: ROADS_BRIDGES Project at Location 158,Synthetic work description for demo data import,ROADS_BRIDGES,693138,0,169050,2025-11-29,2026-01-17,,IN_PROGRESS,89,false,Irrigation & Flood Control Dept,Location 158,28.647429,77.364899,false,false,
ESK-1159,DIST_102,203,Work 160: SANITATION Project at Location 159,Synthetic work description for demo data import,SANITATION,2406207,2285896,2406207,2025-02-07,2025-03-11,2025-09-28,COMPLETED,100,false,Irrigation & Flood Control Dept,Location 159,28.529988,77.260468,false,false,MOBILISATION_ADVANCE:2025-04-18:360931|RUNNING_BILL:2025-07-31:421086|RUNNING_BILL:2025-09-29:421086|RUNNING_BILL:2025-11-20:421086|RUNNING_BILL:2026-01-20:421086|FINAL_BILL:2026-04-05:240621
ESK-1160,DIST_103,202,Work 161: HEALTH Project at Location 160,Synthetic work description for demo data import,HEALTH,1855475,1855475,1855475,2023-02-03,2023-02-08,2024-01-11,COMPLETED,100,false,Municipal Corporation,Location 160,28.710267,77.232421,false,true,MOBILISATION_ADVANCE:2023-02-22:278321|RUNNING_BILL:2023-06-01:432944|RUNNING_BILL:2023-08-10:432944|RUNNING_BILL:2023-10-03:432944|FINAL_BILL:2023-12-17:185548|RETENTION_RELEASE:2024-06-14:92774
ESK-1161,DIST_102,204,Work 162: ROADS_BRIDGES Project at Location 161,Synthetic work description for demo data import,ROADS_BRIDGES,1897793,1802904,1897793,2025-06-15,2025-07-30,2026-09-05,COMPLETED,100,true,Municipal Corporation,Location 161,28.710047,77.335499,false,false,MOBILISATION_ADVANCE:2025-08-09:284669|RUNNING_BILL:2025-12-26:664228|RUNNING_BILL:2026-03-26:664228|FINAL_BILL:2026-06-09:189779
ESK-1162,DIST_103,203,Work 163: OTHER Project at Location 162,Synthetic work description for demo data import,OTHER,2777738,0,1474852,2023-04-05,2023-04-30,,IN_PROGRESS,73,false,Municipal Corporation,Location 162,28.666001,77.234817,false,false,
ESK-1163,DIST_104,201,Work 164: DRINKING_WATER Project at Location 163,Synthetic work description for demo data import,DRINKING_WATER,2948294,442244,2948294,2023-11-02,2023-11-24,2025-04-01,COMPLETED,100,true,Public Works Department (PWD),Location 163,28.595123,77.387747,false,false,MOBILISATION_ADVANCE:2023-12-24:442244
ESK-1164,DIST_102,202,Work 165: OTHER Project at Location 164,Synthetic work description for demo data import,OTHER,2804729,0,0,2024-05-28,2024-07-05,,NOT_STARTED,0,false,Public Works Department (PWD),Location 164,28.642828,77.258869,false,false,
ESK-1165,DIST_103,202,Work 166: EDUCATION Project at Location 165,Synthetic work description for demo data import,EDUCATION,2481279,372192,2481279,2025-04-15,2025-05-13,2026-09-05,COMPLETED,100,true,Rural Development Agency (DRDA),Location 165,28.620801,77.323393,true,false,MOBILISATION_ADVANCE:2025-06-05:372192
ESK-1166,DIST_101,202,Work 167: OTHER Project at Location 166,Synthetic work description for demo data import,OTHER,1099243,1099244,1099243,2023-09-19,2023-10-21,2024-03-11,COMPLETED,100,false,Public Works Department (PWD),Location 166,28.714126,77.366670,true,false,MOBILISATION_ADVANCE:2023-11-15:164886|RUNNING_BILL:2024-03-05:192368|RUNNING_BILL:2024-05-13:192368|RUNNING_BILL:2024-07-03:192368|RUNNING_BILL:2024-09-04:192368|FINAL_BILL:2024-11-18:109924|RETENTION_RELEASE:2025-05-17:54962
ESK-1167,DIST_102,203,Work 168: SANITATION Project at Location 167,Synthetic work description for demo data import,SANITATION,904718,904720,904718,2023-01-19,2023-02-17,2024-12-01,COMPLETED,100,false,Municipal Corporation,Location 167,28.736632,77.193379,true,false,MOBILISATION_ADVANCE:2023-02-27:135708|RUNNING_BILL:2023-07-08:158326|RUNNING_BILL:2023-08-30:158326|RUNNING_BILL:2023-10-21:158326|RUNNING_BILL:2023-12-08:158326|FINAL_BILL:2024-02-21:90472|RETENTION_RELEASE:2024-08-19:45236
ESK-1168,DIST_101,202,Work 169: SANITATION Project at Location 168,Synthetic work description for demo data import,SANITATION,2700281,405042,2700281,2026-04-24,2026-05-09,2026-09-05,COMPLETED,100,false,Irrigation & Flood Control Dept,Location 168,28.640074,77.175233,false,false,MOBILISATION_ADVANCE:2026-06-12:405042
ESK-1169,DIST_101,202,Work 170: OTHER Project at Location 169,Synthetic work description for demo data import,OTHER,2144309,0,2144309,2022-09-27,2022-10-04,2023-10-14,COMPLETED,100,true,Municipal Corporation,Location 169,28.578957,77.190854,false,false,
ESK-1170,DIST_103,202,Work 171: DRINKING_WATER Project at Location 170,Synthetic work description for demo data import,DRINKING_WATER,668971,217416,668971,2026-01-11,2026-02-27,2026-09-05,COMPLETED,100,true,Irrigation & Flood Control Dept,Location 170,28.711974,77.237375,false,false,MOBILISATION_ADVANCE:2026-03-20:100346|RUNNING_BILL:2026-07-23:117070
ESK-1171,DIST_104,202,Work 172: HEALTH Project at Location 171,Synthetic work description for demo data import,HEALTH,4301222,0,4170092,2025-01-13,2025-01-20,,IN_PROGRESS,89,false,Municipal Corporation,Location 171,28.687632,77.219904,false,false,
ESK-1172,DIST_103,203,Work 173: HEALTH Project at Location 172,Synthetic work description for demo data import,HEALTH,461383,246839,0,2024-02-19,2024-03-09,,ON_HOLD,55,false,Public Works Department (PWD),Location 172,28.519578,77.249017,false,false,MOBILISATION_ADVANCE:2024-03-27:69207|RUNNING_BILL:2024-08-01:88816|RUNNING_BILL:2024-10-21:88816
ESK-1173,DIST_102,203,Work 174: ROADS_BRIDGES Project at Location 173,Synthetic work description for demo data import,ROADS_BRIDGES,877085,877085,877085,2024-06-19,2024-08-02,2026-06-04,COMPLETED,100,true,Public Works Department (PWD),Location 173,28.594330,77.211789,true,false,MOBILISATION_ADVANCE:2024-08-30:131563|RUNNING_BILL:2024-12-10:204653|RUNNING_BILL:2025-02-21:204653|RUNNING_BILL:2025-04-17:204653|FINAL_BILL:2025-07-01:87709|RETENTION_RELEASE:2025-12-28:43854
ESK-1174,DIST_102,203,Work 175: SANITATION Project at Location 174,Synthetic work description for demo data import,SANITATION,3059635,458945,3059635,2024-12-30,2025-02-12,2026-02-13,COMPLETED,100,true,Irrigation & Flood Control Dept,Location 174,28.571165,77.256191,false,false,MOBILISATION_ADVANCE:2025-03-07:458945
ESK-1175,DIST_104,201,Work 176: ROADS_BRIDGES Project at Location 175,Synthetic work description for demo data import,ROADS_BRIDGES,3121186,3121186,3121186,2025-01-24,2025-02-22,2026-09-05,COMPLETED,100,false,Municipal Corporation,Location 175,28.592887,77.158798,false,false,MOBILISATION_ADVANCE:2025-03-16:468178|RUNNING_BILL:2025-06-23:1092415|RUNNING_BILL:2025-09-02:1092415|FINAL_BILL:2025-11-16:312119|RETENTION_RELEASE:2026-05-15:156059
ESK-1176,DIST_101,202,Work 177: OTHER Project at Location 176,Synthetic work description for demo data import,OTHER,280685,42103,280685,2025-04-05,2025-05-02,2026-08-11,COMPLETED,100,true,Irrigation & Flood Control Dept,Location 176,28.680475,77.309969,false,true,MOBILISATION_ADVANCE:2025-05-31:42103
ESK-1177,DIST_102,202,Work 178: SANITATION Project at Location 177,Synthetic work description for demo data import,SANITATION,1634924,1634923,1634924,2023-02-22,2023-03-02,2023-12-02,COMPLETED,100,false,Public Works Department (PWD),Location 177,28.706539,77.226626,false,false,MOBILISATION_ADVANCE:2023-04-12:245239|RUNNING_BILL:2023-07-09:572223|RUNNING_BILL:2023-09-20:572223|FINAL_BILL:2023-12-04:163492|RETENTION_RELEASE:2024-06-01:81746
ESK-1178,DIST_101,203,Work 179: SANITATION Project at Location 178,Synthetic work description for demo data import,SANITATION,297043,297042,297043,2023-10-17,2023-11-24,2024-06-29,COMPLETED,100,false,Municipal Corporation,Location 178,28.675571,77.225427,true,true,MOBILISATION_ADVANCE:2023-12-30:44556|RUNNING_BILL:2024-04-11:103965|RUNNING_BILL:2024-05-27:103965|FINAL_BILL:2024-08-10:29704|RETENTION_RELEASE:2025-02-06:14852
ESK-1179,DIST_101,202,Work 180: EDUCATION Project at Location 179,Synthetic work description for demo data import,EDUCATION,3345821,501873,2464545,2025-07-16,2025-08-10,,IN_PROGRESS,65,false,Municipal Corporation,Location 179,28.553366,77.342408,false,true,MOBILISATION_ADVANCE:2025-08-29:501873
ESK-1180,DIST_103,202,Work 181: HEALTH Project at Location 180,Synthetic work description for demo data import,HEALTH,2000562,0,2000562,2022-07-29,2022-09-02,2023-07-22,COMPLETED,100,true,Municipal Corporation,Location 180,28.608265,77.332626,false,false,
ESK-1181,DIST_101,202,Work 182: HEALTH Project at Location 181,Synthetic work description for demo data import,HEALTH,3948776,592316,49655,2024-10-18,2024-12-04,,IN_PROGRESS,55,false,Municipal Corporation,Location 181,28.501785,77.379408,false,false,MOBILISATION_ADVANCE:2024-12-14:592316
ESK-1182,DIST_102,203,Work 183: SANITATION Project at Location 182,Synthetic work description for demo data import,SANITATION,303899,45585,303899,2025-11-20,2025-12-12,2026-09-05,COMPLETED,100,true,Irrigation & Flood Control Dept,Location 182,28.653294,77.268836,false,false,MOBILISATION_ADVANCE:2025-12-29:45585
ESK-1183,DIST_103,202,Work 184: SANITATION Project at Location 183,Synthetic work description for demo data import,SANITATION,928085,275641,0,2023-05-27,2023-07-10,,ON_HOLD,21,false,Municipal Corporation,Location 183,28.570485,77.277356,false,false,MOBILISATION_ADVANCE:2023-08-22:139213|RUNNING_BILL:2023-11-05:68214|RUNNING_BILL:2024-01-07:68214
ESK-1184,DIST_104,202,Work 185: EDUCATION Project at Location 184,Synthetic work description for demo data import,EDUCATION,229200,229200,229200,2023-01-09,2023-01-31,2024-08-16,COMPLETED,100,true,Municipal Corporation,Location 184,28.676790,77.220902,false,false,MOBILISATION_ADVANCE:2023-02-14:34380|RUNNING_BILL:2023-06-14:80220|RUNNING_BILL:2023-09-03:80220|FINAL_BILL:2023-11-17:22920|RETENTION_RELEASE:2024-05-15:11460
ESK-1185,DIST_101,204,Work 186: EDUCATION Project at Location 185,Synthetic work description for demo data import,EDUCATION,855986,855986,855986,2024-07-06,2024-07-11,2024-11-24,COMPLETED,100,true,Public Works Department (PWD),Location 185,28.695289,77.387424,false,false,MOBILISATION_ADVANCE:2024-07-29:128398|RUNNING_BILL:2024-11-01:299595|RUNNING_BILL:2025-01-21:299595|FINAL_BILL:2025-04-06:85599|RETENTION_RELEASE:2025-10-03:42799
ESK-1186,DIST_103,203,Work 187: SANITATION Project at Location 186,Synthetic work description for demo data import,SANITATION,3953700,593055,343707,2025-12-13,2025-12-23,,IN_PROGRESS,57,false,Public Works Department (PWD),Location 186,28.748241,77.186700,false,false,MOBILISATION_ADVANCE:2026-01-27:593055
ESK-1187,DIST_103,201,Work 188: ROADS_BRIDGES Project at Location 187,Synthetic work description for demo data import,ROADS_BRIDGES,2129683,2129682,2129683,2023-12-19,2024-01-12,2025-02-20,COMPLETED,100,true,Municipal Corporation,Location 187,28.572309,77.229721,false,false,MOBILISATION_ADVANCE:2024-02-26:319452|RUNNING_BILL:2024-06-08:745389|RUNNING_BILL:2024-08-07:745389|FINAL_BILL:2024-10-21:212968|RETENTION_RELEASE:2025-04-19:106484
ESK-1188,DIST_101,201,Work 189: ROADS_BRIDGES Project at Location 188,Synthetic work description for demo data import,ROADS_BRIDGES,4723766,0,0,2026-08-02,,,CANCELLED,0,false,Rural Development Agency (DRDA),Location 188,28.660982,77.269953,false,false,
ESK-1189,DIST_101,204,Work 190: EDUCATION Project at Location 189,Synthetic work description for demo data import,EDUCATION,498247,423509,498247,2025-10-22,2025-11-24,2026-08-15,COMPLETED,100,true,Rural Development Agency (DRDA),Location 189,28.699158,77.288227,true,false,MOBILISATION_ADVANCE:2025-12-10:74737|RUNNING_BILL:2026-04-14:174386|RUNNING_BILL:2026-07-06:174386
ESK-1190,DIST_102,202,Work 191: DRINKING_WATER Project at Location 190,Synthetic work description for demo data import,DRINKING_WATER,2870769,2727230,2870769,2025-09-30,2025-10-24,2026-09-05,COMPLETED,100,true,Municipal Corporation,Location 190,28.608418,77.279185,false,false,MOBILISATION_ADVANCE:2025-11-14:430615|RUNNING_BILL:2026-02-19:669846|RUNNING_BILL:2026-04-05:669846|RUNNING_BILL:2026-06-03:669846|FINAL_BILL:2026-08-17:287077
ESK-1191,DIST_101,203,Work 192: OTHER Project at Location 191,Synthetic work description for demo data import,OTHER,1714041,1714040,1714041,2024-07-21,2024-08-02,2025-06-16,COMPLETED,100,true,Irrigation & Flood Control Dept,Location 191,28.720496,77.234024,false,true,MOBILISATION_ADVANCE:2024-08-19:257106|RUNNING_BILL:2024-11-29:599914|RUNNING_BILL:2025-02-22:599914|FINAL_BILL:2025-05-08:171404|RETENTION_RELEASE:2025-11-04:85702
ESK-1192,DIST_104,201,Work 193: OTHER Project at Location 192,Synthetic work description for demo data import,OTHER,3022539,2871413,3022539,2025-10-29,2025-11-17,2026-09-05,COMPLETED,100,true,Irrigation & Flood Control Dept,Location 192,28.540201,77.228625,true,false,MOBILISATION_ADVANCE:2025-12-01:453381|RUNNING_BILL:2026-04-03:1057889|RUNNING_BILL:2026-06-10:1057889|FINAL_BILL:2026-08-24:302254
ESK-1193,DIST_101,204,Work 194: OTHER Project at Location 193,Synthetic work description for demo data import,OTHER,4153671,1059185,0,2024-05-11,2024-06-23,,ON_HOLD,15,false,Rural Development Agency (DRDA),Location 193,28.513608,77.382826,false,true,MOBILISATION_ADVANCE:2024-07-23:623051|RUNNING_BILL:2024-10-25:145378|RUNNING_BILL:2025-01-05:145378|RUNNING_BILL:2025-03-21:145378
ESK-1194,DIST_102,201,Work 195: DRINKING_WATER Project at Location 194,Synthetic work description for demo data import,DRINKING_WATER,349043,349042,349043,2024-08-02,2024-08-20,2025-10-23,COMPLETED,100,true,Municipal Corporation,Location 194,28.517756,77.232786,false,true,MOBILISATION_ADVANCE:2024-08-31:52356|RUNNING_BILL:2024-12-20:122165|RUNNING_BILL:2025-03-12:122165|FINAL_BILL:2025-05-26:34904|RETENTION_RELEASE:2025-11-22:17452
ESK-1195,DIST_103,203,Work 196: SANITATION Project at Location 195,Synthetic work description for demo data import,SANITATION,2613047,2613046,2613047,2024-02-05,2024-02-18,2024-08-24,COMPLETED,100,true,Municipal Corporation,Location 195,28.594167,77.345007,false,false,MOBILISATION_ADVANCE:2024-03-29:391957|RUNNING_BILL:2024-07-02:457283|RUNNING_BILL:2024-08-24:457283|RUNNING_BILL:2024-10-23:457283|RUNNING_BILL:2024-12-17:457283|FINAL_BILL:2025-03-02:261305|RETENTION_RELEASE:2025-08-29:130652
ESK-1196,DIST_101,202,Work 197: SANITATION Project at Location 196,Synthetic work description for demo data import,SANITATION,2366308,2366309,2366308,2022-08-22,2022-10-11,2023-11-20,COMPLETED,100,true,Municipal Corporation,Location 196,28.667891,77.269763,false,false,MOBILISATION_ADVANCE:2022-11-25:354946|RUNNING_BILL:2023-01-25:552139|RUNNING_BILL:2023-04-03:552139|RUNNING_BILL:2023-05-23:552139|FINAL_BILL:2023-08-06:236631|RETENTION_RELEASE:2024-02-02:118315
ESK-1197,DIST_101,203,Work 198: SANITATION Project at Location 197,Synthetic work description for demo data import,SANITATION,1622442,0,1622442,2025-06-04,2025-06-18,2026-09-05,COMPLETED,100,true,Public Works Department (PWD),Location 197,28.553002,77.288781,false,false,
ESK-1198,DIST_102,204,Work 199: ROADS_BRIDGES Project at Location 198,Synthetic work description for demo data import,ROADS_BRIDGES,3931385,589708,875869,2022-08-18,2022-09-21,,IN_PROGRESS,62,false,Irrigation & Flood Control Dept,Location 198,28.586125,77.372621,false,false,MOBILISATION_ADVANCE:2022-10-13:589708
ESK-1199,DIST_103,201,Work 200: OTHER Project at Location 199,Synthetic work description for demo data import,OTHER,595573,89336,595573,2024-09-30,2024-10-17,2025-10-10,COMPLETED,100,false,Public Works Department (PWD),Location 199,28.606528,77.200041,false,false,MOBILISATION_ADVANCE:2024-11-15:89336
ESK-1200,DIST_104,204,Work 201: SANITATION Project at Location 200,Synthetic work description for demo data import,SANITATION,2386419,2386418,2386419,2023-06-26,2023-08-01,2025-01-04,COMPLETED,100,true,Rural Development Agency (DRDA),Location 200,28.651830,77.265156,false,false,MOBILISATION_ADVANCE:2023-08-23:357963|RUNNING_BILL:2023-12-06:417623|RUNNING_BILL:2024-02-17:417623|RUNNING_BILL:2024-05-04:417623|RUNNING_BILL:2024-07-16:417623|FINAL_BILL:2024-09-29:238642|RETENTION_RELEASE:2025-03-28:119321
ESK-1201,DIST_101,203,Work 202: SANITATION Project at Location 201,Synthetic work description for demo data import,SANITATION,927461,881089,927461,2025-05-01,2025-05-18,2026-09-05,COMPLETED,100,false,Irrigation & Flood Control Dept,Location 201,28.712534,77.399023,false,false,MOBILISATION_ADVANCE:2025-06-30:139119|RUNNING_BILL:2025-09-15:162306|RUNNING_BILL:2025-12-03:162306|RUNNING_BILL:2026-01-19:162306|RUNNING_BILL:2026-03-29:162306|FINAL_BILL:2026-06-12:92746
ESK-1202,DIST_104,203,Work 203: EDUCATION Project at Location 202,Synthetic work description for demo data import,EDUCATION,1064818,1011577,1064818,2025-05-07,2025-06-17,2026-06-23,COMPLETED,100,true,Rural Development Agency (DRDA),Location 202,28.733927,77.342148,false,false,MOBILISATION_ADVANCE:2025-07-10:159723|RUNNING_BILL:2025-10-07:186343|RUNNING_BILL:2025-12-29:186343|RUNNING_BILL:2026-02-18:186343|RUNNING_BILL:2026-05-14:186343|FINAL_BILL:2026-07-28:106482
ESK-1203,DIST_103,202,Work 204: HEALTH Project at Location 203,Synthetic work description for demo data import,HEALTH,2479308,1239654,2479308,2025-11-21,2025-12-27,2026-09-05,COMPLETED,100,true,Municipal Corporation,Location 203,28.653013,77.385719,false,false,MOBILISATION_ADVANCE:2026-01-09:371896|RUNNING_BILL:2026-05-15:433879|RUNNING_BILL:2026-07-06:433879
ESK-1204,DIST_102,204,Work 205: ROADS_BRIDGES Project at Location 204,Synthetic work description for demo data import,ROADS_BRIDGES,4229492,634424,870888,2025-08-23,2025-08-30,,IN_PROGRESS,84,false,Irrigation & Flood Control Dept,Location 204,28.565173,77.393520,false,false,MOBILISATION_ADVANCE:2025-09-09:634424
ESK-1205,DIST_102,203,Work 206: HEALTH Project at Location 205,Synthetic work description for demo data import,HEALTH,107648,107648,107648,2023-05-05,2023-06-18,2025-01-15,COMPLETED,100,false,Public Works Department (PWD),Location 205,28.581232,77.280885,false,false,MOBILISATION_ADVANCE:2023-07-10:16147|RUNNING_BILL:2023-10-06:37677|RUNNING_BILL:2023-12-25:37677|FINAL_BILL:2024-03-09:10765|RETENTION_RELEASE:2024-09-05:5382
ESK-1206,DIST_102,202,Work 207: ROADS_BRIDGES Project at Location 206,Synthetic work description for demo data import,ROADS_BRIDGES,1551664,0,0,2026-05-18,2026-06-08,,CANCELLED,0,false,Irrigation & Flood Control Dept,Location 206,28.502647,77.223645,false,false,
ESK-1207,DIST_104,203,Work 208: EDUCATION Project at Location 207,Synthetic work description for demo data import,EDUCATION,4255279,0,2626618,2023-09-12,2023-10-01,,IN_PROGRESS,63,false,Public Works Department (PWD),Location 207,28.742778,77.307429,false,false,
ESK-1208,DIST_101,203,Work 209: HEALTH Project at Location 208,Synthetic work description for demo data import,HEALTH,2698293,2698292,2698293,2022-11-09,2022-12-16,2024-08-15,COMPLETED,100,true,Irrigation & Flood Control Dept,Location 208,28.659990,77.175033,false,false,MOBILISATION_ADVANCE:2023-01-17:404744|RUNNING_BILL:2023-05-10:472201|RUNNING_BILL:2023-07-25:472201|RUNNING_BILL:2023-09-20:472201|RUNNING_BILL:2023-12-13:472201|FINAL_BILL:2024-02-26:269829|RETENTION_RELEASE:2024-08-24:134915
ESK-1209,DIST_103,202,Work 210: EDUCATION Project at Location 209,Synthetic work description for demo data import,EDUCATION,4734320,710148,0,2026-05-23,2026-05-30,,ON_HOLD,61,false,Public Works Department (PWD),Location 209,28.708645,77.292831,false,false,MOBILISATION_ADVANCE:2026-06-13:710148
ESK-1210,DIST_102,204,Work 211: ROADS_BRIDGES Project at Location 210,Synthetic work description for demo data import,ROADS_BRIDGES,889436,0,0,2026-04-25,,,NOT_STARTED,0,false,Rural Development Agency (DRDA),Location 210,28.611378,77.278153,false,false,
ESK-1211,DIST_101,203,Work 212: SANITATION Project at Location 211,Synthetic work description for demo data import,SANITATION,4089672,613451,1036730,2023-09-19,2023-10-26,,IN_PROGRESS,82,false,Rural Development Agency (DRDA),Location 211,28.527343,77.360765,false,true,MOBILISATION_ADVANCE:2023-11-24:613451
ESK-1212,DIST_103,201,Work 213: HEALTH Project at Location 212,Synthetic work description for demo data import,HEALTH,684064,684064,684064,2024-11-30,2025-01-01,2026-09-05,COMPLETED,100,true,Municipal Corporation,Location 212,28.568389,77.377077,true,true,MOBILISATION_ADVANCE:2025-02-05:102610|RUNNING_BILL:2025-04-22:159615|RUNNING_BILL:2025-06-14:159615|RUNNING_BILL:2025-09-05:159615|FINAL_BILL:2025-11-19:68406|RETENTION_RELEASE:2026-05-18:34203
ESK-1213,DIST_101,202,Work 214: OTHER Project at Location 213,Synthetic work description for demo data import,OTHER,1382043,207306,1382043,2025-12-12,2026-01-17,2026-09-05,COMPLETED,100,true,Municipal Corporation,Location 213,28.604053,77.371598,false,false,MOBILISATION_ADVANCE:2026-03-01:207306
ESK-1214,DIST_102,202,Work 215: EDUCATION Project at Location 214,Synthetic work description for demo data import,EDUCATION,3110604,3110605,3110604,2023-12-25,2024-01-05,2025-05-05,COMPLETED,100,true,Municipal Corporation,Location 214,28.639170,77.352525,false,true,MOBILISATION_ADVANCE:2024-01-21:466591|RUNNING_BILL:2024-04-25:725808|RUNNING_BILL:2024-06-28:725808|RUNNING_BILL:2024-09-19:725808|FINAL_BILL:2024-12-03:311060|RETENTION_RELEASE:2025-06-01:155530
ESK-1215,DIST_102,201,Work 216: EDUCATION Project at Location 215,Synthetic work description for demo data import,EDUCATION,2933515,440027,2933515,2022-09-20,2022-10-05,2024-06-19,COMPLETED,100,true,Municipal Corporation,Location 215,28.603653,77.174699,false,false,MOBILISATION_ADVANCE:2022-11-02:440027
ESK-1216,DIST_102,204,Work 217: ROADS_BRIDGES Project at Location 216,Synthetic work description for demo data import,ROADS_BRIDGES,359130,53870,0,2023-01-18,2023-02-12,,NOT_STARTED,0,false,Irrigation & Flood Control Dept,Location 216,28.614380,77.225083,false,false,MOBILISATION_ADVANCE:2023-02-28:53870|RUNNING_BILL:2023-07-04:0|RUNNING_BILL:2023-08-31:0|RUNNING_BILL:2023-11-10:0
ESK-1217,DIST_101,204,Work 218: EDUCATION Project at Location 217,Synthetic work description for demo data import,EDUCATION,3311748,496762,177212,2022-11-11,2022-12-21,,IN_PROGRESS,58,false,Municipal Corporation,Location 217,28.586761,77.182636,false,false,MOBILISATION_ADVANCE:2023-01-02:496762
ESK-1218,DIST_101,204,Work 219: EDUCATION Project at Location 218,Synthetic work description for demo data import,EDUCATION,4735055,710258,1969103,2024-02-17,2024-04-02,,IN_PROGRESS,65,false,Irrigation & Flood Control Dept,Location 218,28.696950,77.237014,false,false,MOBILISATION_ADVANCE:2024-04-12:710258
ESK-1219,DIST_102,201,Work 220: OTHER Project at Location 219,Synthetic work description for demo data import,OTHER,3003138,3003138,3003138,2024-05-17,2024-06-30,2024-12-28,COMPLETED,100,true,Rural Development Agency (DRDA),Location 219,28.603194,77.164484,false,true,MOBILISATION_ADVANCE:2024-07-27:450471|RUNNING_BILL:2024-10-23:1051098|RUNNING_BILL:2024-12-29:1051098|FINAL_BILL:2025-03-14:300314|RETENTION_RELEASE:2025-09-10:150157
ESK-1220,DIST_103,203,Work 221: EDUCATION Project at Location 220,Synthetic work description for demo data import,EDUCATION,1962932,1962932,1962932,2025-03-23,2025-05-03,2026-08-28,COMPLETED,100,true,Public Works Department (PWD),Location 220,28.645620,77.320308,false,false,MOBILISATION_ADVANCE:2025-06-17:294440|RUNNING_BILL:2025-08-27:687026|RUNNING_BILL:2025-10-11:687026|FINAL_BILL:2025-12-25:196293|RETENTION_RELEASE:2026-06-23:98147
ESK-1221,DIST_102,201,Work 222: OTHER Project at Location 221,Synthetic work description for demo data import,OTHER,952295,142844,952295,2022-09-08,2022-10-02,2023-04-03,COMPLETED,100,true,Public Works Department (PWD),Location 221,28.606836,77.360776,false,false,MOBILISATION_ADVANCE:2022-10-21:142844
ESK-1222,DIST_103,203,Work 223: ROADS_BRIDGES Project at Location 222,Synthetic work description for demo data import,ROADS_BRIDGES,2050291,2050292,2050291,2024-09-07,2024-09-20,2026-01-08,COMPLETED,100,true,Public Works Department (PWD),Location 222,28.740599,77.322259,false,false,MOBILISATION_ADVANCE:2024-11-03:307544|RUNNING_BILL:2025-01-20:358801|RUNNING_BILL:2025-03-10:358801|RUNNING_BILL:2025-04-30:358801|RUNNING_BILL:2025-07-03:358801|FINAL_BILL:2025-09-16:205029|RETENTION_RELEASE:2026-03-15:102515
ESK-1223,DIST_103,203,Work 224: EDUCATION Project at Location 223,Synthetic work description for demo data import,EDUCATION,1058811,158822,0,2024-11-03,2024-12-08,,NOT_STARTED,0,false,Rural Development Agency (DRDA),Location 223,28.734113,77.310912,true,false,MOBILISATION_ADVANCE:2024-12-18:158822|RUNNING_BILL:2025-04-16:0
ESK-1224,DIST_103,202,Work 225: ROADS_BRIDGES Project at Location 224,Synthetic work description for demo data import,ROADS_BRIDGES,1831944,1831943,1831944,2022-10-29,2022-11-27,2023-05-21,COMPLETED,100,false,Municipal Corporation,Location 224,28.547504,77.238899,false,false,MOBILISATION_ADVANCE:2022-12-30:274792|RUNNING_BILL:2023-04-06:641180|RUNNING_BILL:2023-06-11:641180|FINAL_BILL:2023-08-25:183194|RETENTION_RELEASE:2024-02-21:91597
ESK-1225,DIST_103,203,Work 226: OTHER Project at Location 225,Synthetic work description for demo data import,OTHER,3789047,568357,270714,2024-06-05,2024-06-26,,IN_PROGRESS,92,false,Public Works Department (PWD),Location 225,28.717734,77.251721,false,false,MOBILISATION_ADVANCE:2024-08-01:568357
ESK-1226,DIST_102,201,Work 227: OTHER Project at Location 226,Synthetic work description for demo data import,OTHER,904636,904637,904636,2022-08-09,2022-09-04,2024-03-04,COMPLETED,100,false,Irrigation & Flood Control Dept,Location 226,28.695172,77.172407,false,false,MOBILISATION_ADVANCE:2022-09-25:135695|RUNNING_BILL:2023-01-10:316623|RUNNING_BILL:2023-02-26:316623|FINAL_BILL:2023-05-12:90464|RETENTION_RELEASE:2023-11-08:45232
ESK-1227,DIST_101,203,Work 228: OTHER Project at Location 227,Synthetic work description for demo data import,OTHER,4880633,732095,554042,2023-07-17,2023-08-06,,IN_PROGRESS,80,false,Rural Development Agency (DRDA),Location 227,28.711891,77.175533,false,false,MOBILISATION_ADVANCE:2023-09-14:732095
ESK-1228,DIST_102,203,Work 229: SANITATION Project at Location 228,Synthetic work description for demo data import,SANITATION,3739338,560901,0,2026-05-07,2026-06-12,,NOT_STARTED,0,false,Municipal Corporation,Location 228,28.681124,77.219503,true,false,MOBILISATION_ADVANCE:2026-07-13:560901
ESK-1229,DIST_102,203,Work 230: DRINKING_WATER Project at Location 229,Synthetic work description for demo data import,DRINKING_WATER,2760781,414117,311507,2026-04-07,2026-04-19,,IN_PROGRESS,89,false,Rural Development Agency (DRDA),Location 229,28.708744,77.309089,false,false,MOBILISATION_ADVANCE:2026-05-03:414117
ESK-1230,DIST_101,202,Work 231: HEALTH Project at Location 230,Synthetic work description for demo data import,HEALTH,1479088,1257225,1479088,2025-11-19,2025-12-22,2026-09-05,COMPLETED,100,false,Public Works Department (PWD),Location 230,28.661045,77.265762,false,false,MOBILISATION_ADVANCE:2026-01-24:221863|RUNNING_BILL:2026-05-12:517681|RUNNING_BILL:2026-07-22:517681
ESK-1231,DIST_104,202,Work 232: EDUCATION Project at Location 231,Synthetic work description for demo data import,EDUCATION,1071141,445595,206318,2024-06-18,2024-07-07,,IN_PROGRESS,38,false,Rural Development Agency (DRDA),Location 231,28.713285,77.157607,false,false,MOBILISATION_ADVANCE:2024-08-09:160671|RUNNING_BILL:2024-11-20:284924
ESK-1232,DIST_103,201,Work 233: HEALTH Project at Location 232,Synthetic work description for demo data import,HEALTH,2206175,330926,2206175,2026-03-13,2026-03-18,2026-09-05,COMPLETED,100,true,Public Works Department (PWD),Location 232,28.529771,77.283590,true,false,MOBILISATION_ADVANCE:2026-04-14:330926
ESK-1233,DIST_102,204,Work 234: EDUCATION Project at Location 233,Synthetic work description for demo data import,EDUCATION,3341361,945606,903381,2024-11-14,2024-12-13,,IN_PROGRESS,19,false,Public Works Department (PWD),Location 233,28.725620,77.386249,false,false,MOBILISATION_ADVANCE:2025-01-25:501204|RUNNING_BILL:2025-04-13:148134|RUNNING_BILL:2025-06-11:148134|RUNNING_BILL:2025-08-06:148134
ESK-1234,DIST_103,201,Work 235: OTHER Project at Location 234,Synthetic work description for demo data import,OTHER,2177221,707597,2177221,2026-03-10,2026-04-04,2026-09-05,COMPLETED,100,true,Irrigation & Flood Control Dept,Location 234,28.625634,77.314070,false,false,MOBILISATION_ADVANCE:2026-05-07:326583|RUNNING_BILL:2026-08-11:381014
ESK-1235,DIST_101,202,Work 236: DRINKING_WATER Project at Location 235,Synthetic work description for demo data import,DRINKING_WATER,612355,91853,612355,2023-03-29,2023-04-20,2023-08-23,COMPLETED,100,true,Rural Development Agency (DRDA),Location 235,28.515960,77.208338,false,false,MOBILISATION_ADVANCE:2023-05-26:91853
ESK-1236,DIST_104,204,Work 237: OTHER Project at Location 236,Synthetic work description for demo data import,OTHER,2886003,432900,0,2024-10-17,2024-11-13,,NOT_STARTED,0,false,Municipal Corporation,Location 236,28.558028,77.196989,false,false,MOBILISATION_ADVANCE:2024-12-26:432900|RUNNING_BILL:2025-03-08:0|RUNNING_BILL:2025-04-22:0
ESK-1237,DIST_103,202,Work 238: SANITATION Project at Location 237,Synthetic work description for demo data import,SANITATION,2318972,2318972,2318972,2022-12-29,2023-01-08,2023-09-01,COMPLETED,100,false,Rural Development Agency (DRDA),Location 237,28.646675,77.278556,false,false,MOBILISATION_ADVANCE:2023-02-06:347846|RUNNING_BILL:2023-05-11:811640|RUNNING_BILL:2023-08-08:811640|FINAL_BILL:2023-10-22:231897|RETENTION_RELEASE:2024-04-19:115949
ESK-1238,DIST_101,202,Work 239: DRINKING_WATER Project at Location 238,Synthetic work description for demo data import,DRINKING_WATER,1098614,1098613,1098614,2022-12-23,2023-01-27,2023-10-25,COMPLETED,100,false,Irrigation & Flood Control Dept,Location 238,28.639900,77.253603,false,false,MOBILISATION_ADVANCE:2023-03-04:164792|RUNNING_BILL:2023-06-14:256343|RUNNING_BILL:2023-09-10:256343|RUNNING_BILL:2023-11-26:256343|FINAL_BILL:2024-02-09:109861|RETENTION_RELEASE:2024-08-07:54931
ESK-1239,DIST_102,202,Work 240: DRINKING_WATER Project at Location 239,Synthetic work description for demo data import,DRINKING_WATER,2186916,328037,2186916,2024-05-10,2024-06-19,2024-12-24,COMPLETED,100,true,Public Works Department (PWD),Location 239,28.601744,77.207019,false,false,MOBILISATION_ADVANCE:2024-07-10:328037
ESK-1240,DIST_104,203,Work 241: DRINKING_WATER Project at Location 240,Synthetic work description for demo data import,DRINKING_WATER,2817072,2817073,2817072,2022-10-26,2022-12-15,2024-10-26,COMPLETED,100,true,Municipal Corporation,Location 240,28.743785,77.181896,false,false,MOBILISATION_ADVANCE:2023-01-19:422561|RUNNING_BILL:2023-04-30:657317|RUNNING_BILL:2023-07-14:657317|RUNNING_BILL:2023-09-24:657317|FINAL_BILL:2023-12-08:281707|RETENTION_RELEASE:2024-06-05:140854
ESK-1241,DIST_101,203,Work 242: EDUCATION Project at Location 241,Synthetic work description for demo data import,EDUCATION,1485223,1485222,1485223,2025-02-05,2025-02-14,2026-06-26,COMPLETED,100,true,Municipal Corporation,Location 241,28.617709,77.323719,false,true,MOBILISATION_ADVANCE:2025-03-04:222783|RUNNING_BILL:2025-06-04:346552|RUNNING_BILL:2025-07-27:346552|RUNNING_BILL:2025-09-26:346552|FINAL_BILL:2025-12-10:148522|RETENTION_RELEASE:2026-06-08:74261
ESK-1242,DIST_102,202,Work 243: EDUCATION Project at Location 242,Synthetic work description for demo data import,EDUCATION,442115,354133,414546,2023-05-10,2023-06-23,,IN_PROGRESS,93,false,Public Works Department (PWD),Location 242,28.643277,77.284725,false,false,MOBILISATION_ADVANCE:2023-08-05:66317|RUNNING_BILL:2023-10-08:143908|RUNNING_BILL:2023-12-18:143908
ESK-1243,DIST_104,201,Work 244: SANITATION Project at Location 243,Synthetic work description for demo data import,SANITATION,222835,33425,222835,2026-05-08,2026-06-09,2026-09-05,COMPLETED,100,true,Municipal Corporation,Location 243,28.614581,77.261006,false,true,MOBILISATION_ADVANCE:2026-07-06:33425
ESK-1244,DIST_104,204,Work 245: EDUCATION Project at Location 244,Synthetic work description for demo data import,EDUCATION,1417388,1417388,1417388,2023-03-29,2023-05-11,2024-03-07,COMPLETED,100,true,Public Works Department (PWD),Location 244,28.564096,77.288729,false,false,MOBILISATION_ADVANCE:2023-06-19:212608|RUNNING_BILL:2023-09-07:248043|RUNNING_BILL:2023-11-30:248043|RUNNING_BILL:2024-02-18:248043|RUNNING_BILL:2024-05-08:248043|FINAL_BILL:2024-07-22:141739|RETENTION_RELEASE:2025-01-18:70869
ESK-1245,DIST_104,204,Work 246: DRINKING_WATER Project at Location 245,Synthetic work description for demo data import,DRINKING_WATER,2843714,2178284,1774607,2024-09-09,2024-10-09,,IN_PROGRESS,88,false,Irrigation & Flood Control Dept,Location 245,28.673954,77.305318,false,false,MOBILISATION_ADVANCE:2024-11-02:426557|RUNNING_BILL:2025-02-04:583909|RUNNING_BILL:2025-04-15:583909|RUNNING_BILL:2025-06-11:583909
ESK-1246,DIST_101,201,Work 247: DRINKING_WATER Project at Location 246,Synthetic work description for demo data import,DRINKING_WATER,1240309,1240307,1240309,2025-01-08,2025-02-22,2026-05-30,COMPLETED,100,true,Municipal Corporation,Location 246,28.613266,77.302222,false,false,MOBILISATION_ADVANCE:2025-03-11:186046|RUNNING_BILL:2025-06-11:289405|RUNNING_BILL:2025-09-03:289405|RUNNING_BILL:2025-11-21:289405|FINAL_BILL:2026-02-04:124031|RETENTION_RELEASE:2026-08-03:62015
ESK-1247,DIST_103,202,Work 248: SANITATION Project at Location 247,Synthetic work description for demo data import,SANITATION,1991071,1991070,1991071,2023-10-26,2023-11-17,2025-02-20,COMPLETED,100,true,Municipal Corporation,Location 247,28.656518,77.268748,false,true,MOBILISATION_ADVANCE:2023-12-21:298661|RUNNING_BILL:2024-04-13:348437|RUNNING_BILL:2024-06-24:348437|RUNNING_BILL:2024-08-30:348437|RUNNING_BILL:2024-11-15:348437|FINAL_BILL:2025-01-29:199107|RETENTION_RELEASE:2025-07-28:99554
ESK-1248,DIST_101,203,Work 249: OTHER Project at Location 248,Synthetic work description for demo data import,OTHER,3889369,719533,399571,2025-05-13,2025-06-18,,IN_PROGRESS,5,false,Public Works Department (PWD),Location 248,28.645039,77.224493,true,false,MOBILISATION_ADVANCE:2025-07-05:583405|RUNNING_BILL:2025-10-08:45376|RUNNING_BILL:2025-12-21:45376|RUNNING_BILL:2026-02-28:45376
ESK-1249,DIST_104,202,Work 250: HEALTH Project at Location 249,Synthetic work description for demo data import,HEALTH,1004745,1004746,1004745,2023-10-23,2023-12-08,2024-04-14,COMPLETED,100,true,Irrigation & Flood Control Dept,Location 249,28.500145,77.224932,false,false,MOBILISATION_ADVANCE:2024-01-05:150712|RUNNING_BILL:2024-04-01:351661|RUNNING_BILL:2024-06-19:351661|FINAL_BILL:2024-09-02:100475|RETENTION_RELEASE:2025-03-01:50237
ESK-1250,DIST_102,202,Work 251: EDUCATION Project at Location 250,Synthetic work description for demo data import,EDUCATION,1007871,1007872,1007871,2022-09-15,2022-10-02,2024-06-29,COMPLETED,100,true,Municipal Corporation,Location 250,28.670686,77.232196,false,false,MOBILISATION_ADVANCE:2022-10-16:151181|RUNNING_BILL:2023-02-02:235170|RUNNING_BILL:2023-03-29:235170|RUNNING_BILL:2023-05-31:235170|FINAL_BILL:2023-08-14:100787|RETENTION_RELEASE:2024-02-10:50394
ESK-1251,DIST_104,201,Work 252: ROADS_BRIDGES Project at Location 251,Synthetic work description for demo data import,ROADS_BRIDGES,871373,871372,871373,2022-10-24,2022-11-22,2024-10-13,COMPLETED,100,false,Public Works Department (PWD),Location 251,28.548575,77.368905,false,false,MOBILISATION_ADVANCE:2022-12-03:130706|RUNNING_BILL:2023-03-30:203320|RUNNING_BILL:2023-06-05:203320|RUNNING_BILL:2023-08-07:203320|FINAL_BILL:2023-10-21:87137|RETENTION_RELEASE:2024-04-18:43569
ESK-1252,DIST_101,203,Work 253: OTHER Project at Location 252,Synthetic work description for demo data import,OTHER,1752563,1752561,1752563,2025-01-22,2025-03-09,2026-04-19,COMPLETED,100,true,Public Works Department (PWD),Location 252,28.580233,77.182918,false,false,MOBILISATION_ADVANCE:2025-04-15:262884|RUNNING_BILL:2025-07-01:408931|RUNNING_BILL:2025-09-03:408931|RUNNING_BILL:2025-11-28:408931|FINAL_BILL:2026-02-11:175256|RETENTION_RELEASE:2026-08-10:87628
ESK-1253,DIST_101,202,Work 254: ROADS_BRIDGES Project at Location 253,Synthetic work description for demo data import,ROADS_BRIDGES,1267793,1267794,1267793,2023-08-26,2023-10-03,2024-11-08,COMPLETED,100,true,Municipal Corporation,Location 253,28.516092,77.217119,true,false,MOBILISATION_ADVANCE:2023-11-09:190169|RUNNING_BILL:2024-01-23:221864|RUNNING_BILL:2024-04-06:221864|RUNNING_BILL:2024-05-28:221864|RUNNING_BILL:2024-08-19:221864|FINAL_BILL:2024-11-02:126779|RETENTION_RELEASE:2025-05-01:63390
ESK-1254,DIST_101,203,Work 255: ROADS_BRIDGES Project at Location 254,Synthetic work description for demo data import,ROADS_BRIDGES,582315,494969,582315,2025-08-27,2025-09-16,2026-05-07,COMPLETED,100,false,Municipal Corporation,Location 254,28.608632,77.164554,true,true,MOBILISATION_ADVANCE:2025-09-26:87347|RUNNING_BILL:2026-02-10:135874|RUNNING_BILL:2026-04-23:135874|RUNNING_BILL:2026-07-03:135874
ESK-1255,DIST_103,204,Work 256: EDUCATION Project at Location 255,Synthetic work description for demo data import,EDUCATION,3872455,0,236209,2024-07-12,2024-08-02,,IN_PROGRESS,79,false,Public Works Department (PWD),Location 255,28.578731,77.368263,true,false,
ESK-1256,DIST_103,201,Work 257: HEALTH Project at Location 256,Synthetic work description for demo data import,HEALTH,2023669,501871,0,2024-01-18,2024-02-19,,ON_HOLD,14,false,Municipal Corporation,Location 256,28.604956,77.348598,false,false,MOBILISATION_ADVANCE:2024-03-18:303550|RUNNING_BILL:2024-07-02:66107|RUNNING_BILL:2024-09-13:66107|RUNNING_BILL:2024-11-18:66107
ESK-1257,DIST_104,201,Work 258: ROADS_BRIDGES Project at Location 257,Synthetic work description for demo data import,ROADS_BRIDGES,1359830,594247,1236205,2023-06-28,2023-08-10,,IN_PROGRESS,41,false,Rural Development Agency (DRDA),Location 257,28.645769,77.208589,false,false,MOBILISATION_ADVANCE:2023-09-07:203975|RUNNING_BILL:2023-12-03:195136|RUNNING_BILL:2024-01-31:195136
ESK-1258,DIST_101,204,Work 259: HEALTH Project at Location 258,Synthetic work description for demo data import,HEALTH,2602473,390371,2602473,2026-05-23,2026-06-25,2026-09-05,COMPLETED,100,true,Public Works Department (PWD),Location 258,28.529793,77.378713,false,false,MOBILISATION_ADVANCE:2026-07-08:390371
ESK-1259,DIST_104,204,Work 260: HEALTH Project at Location 259,Synthetic work description for demo data import,HEALTH,574259,574258,574259,2023-08-07,2023-08-14,2024-09-11,COMPLETED,100,false,Public Works Department (PWD),Location 259,28.587458,77.258934,false,false,MOBILISATION_ADVANCE:2023-09-14:86139|RUNNING_BILL:2024-01-03:100495|RUNNING_BILL:2024-03-24:100495|RUNNING_BILL:2024-05-27:100495|RUNNING_BILL:2024-07-29:100495|FINAL_BILL:2024-10-12:57426|RETENTION_RELEASE:2025-04-10:28713
ESK-1260,DIST_101,201,Work 261: OTHER Project at Location 260,Synthetic work description for demo data import,OTHER,1728916,1642471,1728916,2025-08-15,2025-10-02,2026-04-26,COMPLETED,100,false,Irrigation & Flood Control Dept,Location 260,28.748945,77.181784,false,true,MOBILISATION_ADVANCE:2025-10-27:259337|RUNNING_BILL:2026-02-16:403414|RUNNING_BILL:2026-04-08:403414|RUNNING_BILL:2026-06-12:403414|FINAL_BILL:2026-08-26:172892
ESK-1261,DIST_104,201,Work 262: OTHER Project at Location 261,Synthetic work description for demo data import,OTHER,3473046,2052571,0,2025-06-30,2025-07-18,,ON_HOLD,63,false,Municipal Corporation,Location 261,28.515364,77.397633,true,false,MOBILISATION_ADVANCE:2025-07-30:520957|RUNNING_BILL:2025-11-09:765807|RUNNING_BILL:2025-12-25:765807
ESK-1262,DIST_102,201,Work 263: SANITATION Project at Location 262,Synthetic work description for demo data import,SANITATION,346215,81014,152886,2022-12-31,2023-01-08,,IN_PROGRESS,12,false,Municipal Corporation,Location 262,28.739068,77.154218,true,false,MOBILISATION_ADVANCE:2023-02-16:51932|RUNNING_BILL:2023-06-03:29082
ESK-1263,DIST_102,204,Work 264: HEALTH Project at Location 263,Synthetic work description for demo data import,HEALTH,1648464,247270,1648464,2024-04-15,2024-05-25,2025-03-03,COMPLETED,100,true,Irrigation & Flood Control Dept,Location 263,28.727049,77.361376,false,false,MOBILISATION_ADVANCE:2024-06-26:247270
ESK-1264,DIST_101,204,Work 265: DRINKING_WATER Project at Location 264,Synthetic work description for demo data import,DRINKING_WATER,1118855,167828,1118855,2025-02-06,2025-03-19,2026-03-21,COMPLETED,100,false,Public Works Department (PWD),Location 264,28.598693,77.344788,false,true,MOBILISATION_ADVANCE:2025-04-25:167828
ESK-1265,DIST_102,204,Work 266: DRINKING_WATER Project at Location 265,Synthetic work description for demo data import,DRINKING_WATER,3117676,3117677,3117676,2022-08-04,2022-08-18,2023-01-05,COMPLETED,100,true,Public Works Department (PWD),Location 265,28.548207,77.227405,true,false,MOBILISATION_ADVANCE:2022-08-30:467651|RUNNING_BILL:2023-01-06:727458|RUNNING_BILL:2023-03-28:727458|RUNNING_BILL:2023-06-24:727458|FINAL_BILL:2023-09-07:311768|RETENTION_RELEASE:2024-03-05:155884
ESK-1266,DIST_101,202,Work 267: OTHER Project at Location 266,Synthetic work description for demo data import,OTHER,1308093,1308092,1308093,2024-11-06,2024-12-02,2025-08-10,COMPLETED,100,true,Rural Development Agency (DRDA),Location 266,28.554953,77.376686,true,false,MOBILISATION_ADVANCE:2024-12-20:196214|RUNNING_BILL:2025-03-22:228916|RUNNING_BILL:2025-06-11:228916|RUNNING_BILL:2025-09-01:228916|RUNNING_BILL:2025-11-02:228916|FINAL_BILL:2026-01-16:130809|RETENTION_RELEASE:2026-07-15:65405
ESK-1267,DIST_102,202,Work 268: DRINKING_WATER Project at Location 267,Synthetic work description for demo data import,DRINKING_WATER,1917687,1187049,595648,2023-09-17,2023-10-21,,IN_PROGRESS,67,false,Municipal Corporation,Location 267,28.501713,77.372832,false,false,MOBILISATION_ADVANCE:2023-12-05:287653|RUNNING_BILL:2024-02-06:449698|RUNNING_BILL:2024-03-23:449698
ESK-1268,DIST_102,204,Work 269: ROADS_BRIDGES Project at Location 268,Synthetic work description for demo data import,ROADS_BRIDGES,2232379,1178696,1513678,2023-05-26,2023-06-01,,IN_PROGRESS,54,false,Irrigation & Flood Control Dept,Location 268,28.690079,77.228978,false,true,MOBILISATION_ADVANCE:2023-06-20:334857|RUNNING_BILL:2023-09-21:843839
ESK-1269,DIST_101,201,Work 270: DRINKING_WATER Project at Location 269,Synthetic work description for demo data import,DRINKING_WATER,1188675,1188675,1188675,2024-11-11,2024-11-22,2025-08-29,COMPLETED,100,true,Public Works Department (PWD),Location 269,28.622187,77.259991,false,false,MOBILISATION_ADVANCE:2024-12-12:178301|RUNNING_BILL:2025-04-05:208018|RUNNING_BILL:2025-07-01:208018|RUNNING_BILL:2025-08-28:208018|RUNNING_BILL:2025-11-13:208018|FINAL_BILL:2026-01-27:118868|RETENTION_RELEASE:2026-07-26:59434
ESK-1270,DIST_104,202,Work 271: ROADS_BRIDGES Project at Location 270,Synthetic work description for demo data import,ROADS_BRIDGES,2062851,0,0,2026-06-02,,,NOT_STARTED,0,false,Public Works Department (PWD),Location 270,28.516047,77.306872,true,false,
ESK-1271,DIST_102,202,Work 272: DRINKING_WATER Project at Location 271,Synthetic work description for demo data import,DRINKING_WATER,1592557,907758,1503869,2024-08-22,2024-09-30,,IN_PROGRESS,60,false,Rural Development Agency (DRDA),Location 271,28.635009,77.272941,false,false,MOBILISATION_ADVANCE:2024-10-29:238884|RUNNING_BILL:2025-01-17:668874
ESK-1272,DIST_101,201,Work 273: OTHER Project at Location 272,Synthetic work description for demo data import,OTHER,2693683,2558998,2693683,2025-09-27,2025-11-15,2026-03-16,COMPLETED,100,true,Public Works Department (PWD),Location 272,28.714457,77.261901,false,false,MOBILISATION_ADVANCE:2025-11-26:404052|RUNNING_BILL:2026-04-12:942789|RUNNING_BILL:2026-06-06:942789|FINAL_BILL:2026-08-20:269368
ESK-1273,DIST_102,204,Work 274: SANITATION Project at Location 273,Synthetic work description for demo data import,SANITATION,2464504,2464504,2464504,2023-01-23,2023-02-16,2024-03-17,COMPLETED,100,true,Rural Development Agency (DRDA),Location 273,28.581542,77.372394,false,false,MOBILISATION_ADVANCE:2023-03-18:369676|RUNNING_BILL:2023-07-08:575051|RUNNING_BILL:2023-09-25:575051|RUNNING_BILL:2023-12-24:575051|FINAL_BILL:2024-03-08:246450|RETENTION_RELEASE:2024-09-04:123225
ESK-1274,DIST_102,203,Work 275: OTHER Project at Location 274,Synthetic work description for demo data import,OTHER,2373343,0,0,2026-07-06,,,NOT_STARTED,0,false,Public Works Department (PWD),Location 274,28.749959,77.155383,false,false,
ESK-1275,DIST_101,202,Work 276: EDUCATION Project at Location 275,Synthetic work description for demo data import,EDUCATION,3005244,450787,0,2024-05-25,2024-06-28,,NOT_STARTED,0,false,Rural Development Agency (DRDA),Location 275,28.600908,77.331661,false,false,MOBILISATION_ADVANCE:2024-07-17:450787|RUNNING_BILL:2024-11-13:0|RUNNING_BILL:2025-01-27:0|RUNNING_BILL:2025-03-24:0
ESK-1276,DIST_103,203,Work 277: EDUCATION Project at Location 276,Synthetic work description for demo data import,EDUCATION,882688,882686,882688,2023-07-03,2023-08-20,2024-12-18,COMPLETED,100,true,Public Works Department (PWD),Location 276,28.613780,77.265223,false,false,MOBILISATION_ADVANCE:2023-09-27:132403|RUNNING_BILL:2024-01-08:154470|RUNNING_BILL:2024-03-27:154470|RUNNING_BILL:2024-06-04:154470|RUNNING_BILL:2024-08-13:154470|FINAL_BILL:2024-10-27:88269|RETENTION_RELEASE:2025-04-25:44134
ESK-1277,DIST_104,201,Work 278: OTHER Project at Location 277,Synthetic work description for demo data import,OTHER,1428422,1428422,1428422,2023-02-28,2023-03-11,2024-01-12,COMPLETED,100,true,Rural Development Agency (DRDA),Location 277,28.729293,77.346346,false,false,MOBILISATION_ADVANCE:2023-04-10:214263|RUNNING_BILL:2023-07-10:499948|RUNNING_BILL:2023-10-04:499948|FINAL_BILL:2023-12-18:142842|RETENTION_RELEASE:2024-06-15:71421
ESK-1278,DIST_103,202,Work 279: DRINKING_WATER Project at Location 278,Synthetic work description for demo data import,DRINKING_WATER,2856868,0,0,2025-01-25,2025-02-17,,CANCELLED,0,false,Municipal Corporation,Location 278,28.577589,77.339407,false,false,
ESK-1279,DIST_102,201,Work 280: OTHER Project at Location 279,Synthetic work description for demo data import,OTHER,499432,130850,49160,2024-01-16,2024-02-12,,IN_PROGRESS,16,false,Irrigation & Flood Control Dept,Location 279,28.513427,77.195264,false,false,MOBILISATION_ADVANCE:2024-03-01:74915|RUNNING_BILL:2024-06-29:18645|RUNNING_BILL:2024-09-11:18645|RUNNING_BILL:2024-12-02:18645
ESK-1280,DIST_101,204,Work 281: EDUCATION Project at Location 280,Synthetic work description for demo data import,EDUCATION,2312927,2312927,2312927,2023-03-20,2023-03-29,2023-12-17,COMPLETED,100,false,Irrigation & Flood Control Dept,Location 280,28.686655,77.213665,false,false,MOBILISATION_ADVANCE:2023-05-05:346939|RUNNING_BILL:2023-08-08:539683|RUNNING_BILL:2023-10-26:539683|RUNNING_BILL:2023-12-19:539683|FINAL_BILL:2024-03-03:231293|RETENTION_RELEASE:2024-08-30:115646
ESK-1281,DIST_104,202,Work 282: OTHER Project at Location 281,Synthetic work description for demo data import,OTHER,3457607,518641,0,2024-11-27,2024-12-03,,NOT_STARTED,0,false,Rural Development Agency (DRDA),Location 281,28.713027,77.235025,true,false,MOBILISATION_ADVANCE:2024-12-15:518641
ESK-1282,DIST_103,203,Work 283: HEALTH Project at Location 282,Synthetic work description for demo data import,HEALTH,4700953,1297463,0,2023-03-27,2023-04-23,,ON_HOLD,18,false,Irrigation & Flood Control Dept,Location 282,28.560294,77.287650,false,false,MOBILISATION_ADVANCE:2023-05-31:705143|RUNNING_BILL:2023-08-19:592320
ESK-1283,DIST_102,204,Work 284: OTHER Project at Location 283,Synthetic work description for demo data import,OTHER,671259,637696,671259,2025-07-12,2025-07-20,2026-09-05,COMPLETED,100,true,Municipal Corporation,Location 283,28.503739,77.364347,false,false,MOBILISATION_ADVANCE:2025-08-28:100689|RUNNING_BILL:2025-11-09:156627|RUNNING_BILL:2026-02-01:156627|RUNNING_BILL:2026-03-20:156627|FINAL_BILL:2026-06-03:67126
ESK-1284,DIST_103,204,Work 285: DRINKING_WATER Project at Location 284,Synthetic work description for demo data import,DRINKING_WATER,1782076,1514763,1782076,2025-11-09,2025-11-26,2026-04-04,COMPLETED,100,false,Public Works Department (PWD),Location 284,28.618996,77.329865,false,false,MOBILISATION_ADVANCE:2026-01-01:267311|RUNNING_BILL:2026-03-12:311863|RUNNING_BILL:2026-04-28:311863|RUNNING_BILL:2026-07-12:311863|RUNNING_BILL:2026-08-27:311863
ESK-1285,DIST_103,204,Work 286: DRINKING_WATER Project at Location 285,Synthetic work description for demo data import,DRINKING_WATER,1655723,827861,1655723,2026-04-03,2026-04-10,2026-09-05,COMPLETED,100,true,Public Works Department (PWD),Location 285,28.636204,77.309788,true,false,MOBILISATION_ADVANCE:2026-05-20:248358|RUNNING_BILL:2026-08-11:579503
ESK-1286,DIST_102,202,Work 287: SANITATION Project at Location 286,Synthetic work description for demo data import,SANITATION,1429441,1429440,1429441,2022-12-14,2023-01-20,2023-10-09,COMPLETED,100,true,Rural Development Agency (DRDA),Location 286,28.614941,77.183907,false,false,MOBILISATION_ADVANCE:2023-02-19:214416|RUNNING_BILL:2023-05-12:333536|RUNNING_BILL:2023-07-20:333536|RUNNING_BILL:2023-10-02:333536|FINAL_BILL:2023-12-16:142944|RETENTION_RELEASE:2024-06-13:71472
ESK-1287,DIST_101,201,Work 288: SANITATION Project at Location 287,Synthetic work description for demo data import,SANITATION,2919047,0,1340844,2023-10-23,2023-12-11,,IN_PROGRESS,26,false,Rural Development Agency (DRDA),Location 287,28.507313,77.289209,false,false,
ESK-1288,DIST_104,203,Work 289: SANITATION Project at Location 288,Synthetic work description for demo data import,SANITATION,1483829,222574,0,2023-02-01,2023-03-06,,ON_HOLD,63,false,Municipal Corporation,Location 288,28.695949,77.376865,false,false,MOBILISATION_ADVANCE:2023-04-08:222574
ESK-1289,DIST_104,204,Work 290: OTHER Project at Location 289,Synthetic work description for demo data import,OTHER,348130,52220,348130,2024-05-24,2024-06-14,2025-04-12,COMPLETED,100,true,Irrigation & Flood Control Dept,Location 289,28.721207,77.215732,false,false,MOBILISATION_ADVANCE:2024-07-07:52220
ESK-1290,DIST_101,201,Work 291: EDUCATION Project at Location 290,Synthetic work description for demo data import,EDUCATION,1571547,235732,1571547,2025-11-23,2025-12-12,2026-04-22,COMPLETED,100,false,Rural Development Agency (DRDA),Location 290,28.599988,77.290833,false,false,MOBILISATION_ADVANCE:2026-01-11:235732
ESK-1291,DIST_102,202,Work 292: DRINKING_WATER Project at Location 291,Synthetic work description for demo data import,DRINKING_WATER,2915730,2915731,2915730,2022-12-23,2023-01-23,2024-05-02,COMPLETED,100,false,Irrigation & Flood Control Dept,Location 291,28.543471,77.302521,false,false,MOBILISATION_ADVANCE:2023-02-14:437360|RUNNING_BILL:2023-06-16:680337|RUNNING_BILL:2023-08-01:680337|RUNNING_BILL:2023-10-24:680337|FINAL_BILL:2024-01-07:291573|RETENTION_RELEASE:2024-07-05:145787
ESK-1292,DIST_103,202,Work 293: DRINKING_WATER Project at Location 292,Synthetic work description for demo data import,DRINKING_WATER,2392245,358837,2392245,2024-12-19,2024-12-30,2025-06-23,COMPLETED,100,true,Irrigation & Flood Control Dept,Location 292,28.542169,77.255433,false,false,MOBILISATION_ADVANCE:2025-02-08:358837
ESK-1293,DIST_101,202,Work 294: HEALTH Project at Location 293,Synthetic work description for demo data import,HEALTH,2039428,2039429,2039428,2023-07-18,2023-08-14,2025-06-13,COMPLETED,100,true,Rural Development Agency (DRDA),Location 293,28.730594,77.150298,false,false,MOBILISATION_ADVANCE:2023-09-10:305914|RUNNING_BILL:2023-12-05:475867|RUNNING_BILL:2024-01-23:475867|RUNNING_BILL:2024-04-03:475867|FINAL_BILL:2024-06-17:203943|RETENTION_RELEASE:2024-12-14:101971
ESK-1294,DIST_104,201,Work 295: OTHER Project at Location 294,Synthetic work description for demo data import,OTHER,1008812,151322,1008812,2026-04-02,2026-05-17,2026-09-05,COMPLETED,100,true,Irrigation & Flood Control Dept,Location 294,28.634467,77.325432,false,false,MOBILISATION_ADVANCE:2026-06-23:151322
ESK-1295,DIST_102,203,Work 296: HEALTH Project at Location 295,Synthetic work description for demo data import,HEALTH,3063279,2910116,3063279,2025-07-25,2025-09-07,2026-09-05,COMPLETED,100,true,Public Works Department (PWD),Location 295,28.563214,77.197758,false,false,MOBILISATION_ADVANCE:2025-10-02:459492|RUNNING_BILL:2026-02-04:1072148|RUNNING_BILL:2026-05-01:1072148|FINAL_BILL:2026-07-15:306328
ESK-1296,DIST_102,202,Work 297: OTHER Project at Location 296,Synthetic work description for demo data import,OTHER,2246378,1201813,1667989,2023-03-18,2023-03-31,,IN_PROGRESS,55,false,Rural Development Agency (DRDA),Location 296,28.558917,77.211166,false,false,MOBILISATION_ADVANCE:2023-04-16:336957|RUNNING_BILL:2023-08-17:864856
ESK-1297,DIST_102,204,Work 298: OTHER Project at Location 297,Synthetic work description for demo data import,OTHER,2637894,1011193,2637894,2026-02-16,2026-03-25,2026-09-05,COMPLETED,100,true,Irrigation & Flood Control Dept,Location 297,28.688602,77.313742,false,false,MOBILISATION_ADVANCE:2026-04-17:395684|RUNNING_BILL:2026-08-10:615509
ESK-1298,DIST_102,202,Work 299: ROADS_BRIDGES Project at Location 298,Synthetic work description for demo data import,ROADS_BRIDGES,960812,816689,960812,2025-12-03,2025-12-20,2026-06-16,COMPLETED,100,true,Irrigation & Flood Control Dept,Location 298,28.695738,77.298344,true,false,MOBILISATION_ADVANCE:2026-01-28:144122|RUNNING_BILL:2026-04-08:224189|RUNNING_BILL:2026-06-27:224189|RUNNING_BILL:2026-08-12:224189
ESK-1299,DIST_104,201,Work 300: HEALTH Project at Location 299,Synthetic work description for demo data import,HEALTH,618957,0,618957,2025-02-08,2025-03-20,2026-01-10,COMPLETED,100,true,Municipal Corporation,Location 299,28.632832,77.255467,false,false,
ESK-1300,DIST_101,201,Work 301: DRINKING_WATER Project at Location 300,Synthetic work description for demo data import,DRINKING_WATER,562040,127584,541092,2025-10-08,2025-11-01,,IN_PROGRESS,11,false,Public Works Department (PWD),Location 300,28.568974,77.347231,true,false,MOBILISATION_ADVANCE:2025-12-06:84306|RUNNING_BILL:2026-02-26:14426|RUNNING_BILL:2026-04-14:14426|RUNNING_BILL:2026-06-26:14426
ESK-1301,DIST_104,201,Work 302: SANITATION Project at Location 301,Synthetic work description for demo data import,SANITATION,4115825,617374,3714591,2024-09-14,2024-10-19,,IN_PROGRESS,6,false,Municipal Corporation,Location 301,28.527727,77.277086,false,false,MOBILISATION_ADVANCE:2024-11-26:617374
ESK-1302,DIST_103,201,Work 303: OTHER Project at Location 302,Synthetic work description for demo data import,OTHER,2979959,593012,2552265,2025-03-19,2025-05-06,,IN_PROGRESS,7,false,Public Works Department (PWD),Location 302,28.613130,77.323442,false,false,MOBILISATION_ADVANCE:2025-06-14:446994|RUNNING_BILL:2025-09-09:146018
ESK-1303,DIST_103,201,Work 304: EDUCATION Project at Location 303,Synthetic work description for demo data import,EDUCATION,4478985,671848,1836216,2023-03-02,2023-03-31,,IN_PROGRESS,34,false,Rural Development Agency (DRDA),Location 303,28.668035,77.247353,false,false,MOBILISATION_ADVANCE:2023-04-12:671848
ESK-1304,DIST_103,203,Work 305: ROADS_BRIDGES Project at Location 304,Synthetic work description for demo data import,ROADS_BRIDGES,707729,0,707729,2024-05-28,2024-07-08,2026-03-07,COMPLETED,100,true,Rural Development Agency (DRDA),Location 304,28.610049,77.380976,false,false,
ESK-1305,DIST_102,204,Work 306: OTHER Project at Location 305,Synthetic work description for demo data import,OTHER,2847829,0,2847829,2024-03-31,2024-04-18,2025-10-01,COMPLETED,100,true,Rural Development Agency (DRDA),Location 305,28.645150,77.347635,false,false,
ESK-1306,DIST_101,201,Work 307: SANITATION Project at Location 306,Synthetic work description for demo data import,SANITATION,3055424,2902652,3055424,2025-08-12,2025-08-26,2026-05-20,COMPLETED,100,false,Public Works Department (PWD),Location 306,28.580028,77.366851,false,false,MOBILISATION_ADVANCE:2025-09-06:458314|RUNNING_BILL:2026-01-14:712932|RUNNING_BILL:2026-03-16:712932|RUNNING_BILL:2026-05-27:712932|FINAL_BILL:2026-08-10:305542
ESK-1307,DIST_102,203,Work 308: HEALTH Project at Location 307,Synthetic work description for demo data import,HEALTH,2208049,1876840,2208049,2025-11-23,2025-12-24,2026-09-05,COMPLETED,100,true,Irrigation & Flood Control Dept,Location 307,28.566406,77.338976,false,false,MOBILISATION_ADVANCE:2026-01-03:331207|RUNNING_BILL:2026-05-13:515211|RUNNING_BILL:2026-07-14:515211|RUNNING_BILL:2026-09-04:515211
ESK-1308,DIST_103,202,Work 309: HEALTH Project at Location 308,Synthetic work description for demo data import,HEALTH,1515708,1515708,1515708,2023-02-10,2023-03-19,2023-09-27,COMPLETED,100,false,Irrigation & Flood Control Dept,Location 308,28.694681,77.247234,false,false,MOBILISATION_ADVANCE:2023-04-23:227356|RUNNING_BILL:2023-08-03:265249|RUNNING_BILL:2023-10-12:265249|RUNNING_BILL:2023-11-30:265249|RUNNING_BILL:2024-02-12:265249|FINAL_BILL:2024-04-27:151571|RETENTION_RELEASE:2024-10-24:75785
ESK-1309,DIST_103,201,Work 310: EDUCATION Project at Location 309,Synthetic work description for demo data import,EDUCATION,3780813,567122,803556,2026-03-10,2026-04-26,,IN_PROGRESS,99,false,Irrigation & Flood Control Dept,Location 309,28.554720,77.281353,true,true,MOBILISATION_ADVANCE:2026-05-25:567122
ESK-1310,DIST_102,203,Work 311: DRINKING_WATER Project at Location 310,Synthetic work description for demo data import,DRINKING_WATER,2685259,402789,2685259,2025-04-06,2025-04-17,2026-09-05,COMPLETED,100,true,Public Works Department (PWD),Location 310,28.573308,77.234932,true,false,MOBILISATION_ADVANCE:2025-05-02:402789
ESK-1311,DIST_101,203,Work 312: EDUCATION Project at Location 311,Synthetic work description for demo data import,EDUCATION,1102116,1102115,1102116,2023-01-31,2023-03-19,2025-02-13,COMPLETED,100,true,Rural Development Agency (DRDA),Location 311,28.529267,77.161852,false,false,MOBILISATION_ADVANCE:2023-04-14:165317|RUNNING_BILL:2023-07-02:257160|RUNNING_BILL:2023-09-20:257160|RUNNING_BILL:2023-11-24:257160|FINAL_BILL:2024-02-07:110212|RETENTION_RELEASE:2024-08-05:55106
ESK-1312,DIST_103,204,Work 313: SANITATION Project at Location 312,Synthetic work description for demo data import,SANITATION,2908606,0,2908606,2022-08-23,2022-09-08,2023-06-11,COMPLETED,100,true,Irrigation & Flood Control Dept,Location 312,28.745290,77.245199,false,false,
ESK-1313,DIST_102,202,Work 314: HEALTH Project at Location 313,Synthetic work description for demo data import,HEALTH,475233,451472,475233,2025-03-25,2025-04-26,2025-12-25,COMPLETED,100,true,Public Works Department (PWD),Location 313,28.687181,77.155121,false,false,MOBILISATION_ADVANCE:2025-05-12:71285|RUNNING_BILL:2025-08-25:110888|RUNNING_BILL:2025-11-08:110888|RUNNING_BILL:2026-01-27:110888|FINAL_BILL:2026-04-12:47523
ESK-1314,DIST_102,203,Work 315: OTHER Project at Location 314,Synthetic work description for demo data import,OTHER,2456456,2456457,2456456,2023-03-29,2023-04-24,2023-10-01,COMPLETED,100,false,Irrigation & Flood Control Dept,Location 314,28.666345,77.210154,true,false,MOBILISATION_ADVANCE:2023-05-17:368468|RUNNING_BILL:2023-08-10:429880|RUNNING_BILL:2023-10-12:429880|RUNNING_BILL:2023-11-27:429880|RUNNING_BILL:2024-02-09:429880|FINAL_BILL:2024-04-24:245646|RETENTION_RELEASE:2024-10-21:122823
ESK-1315,DIST_102,204,Work 316: HEALTH Project at Location 315,Synthetic work description for demo data import,HEALTH,1496261,1496260,1496261,2025-01-28,2025-03-15,2026-09-05,COMPLETED,100,true,Municipal Corporation,Location 315,28.692439,77.288421,false,false,MOBILISATION_ADVANCE:2025-03-26:224439|RUNNING_BILL:2025-08-06:523691|RUNNING_BILL:2025-09-29:523691|FINAL_BILL:2025-12-13:149626|RETENTION_RELEASE:2026-06-11:74813
ESK-1316,DIST_103,203,Work 317: EDUCATION Project at Location 316,Synthetic work description for demo data import,EDUCATION,1582262,0,1582262,2024-05-27,2024-06-14,2024-10-17,COMPLETED,100,true,Public Works Department (PWD),Location 316,28.570573,77.341551,false,false,
ESK-1317,DIST_102,201,Work 318: OTHER Project at Location 317,Synthetic work description for demo data import,OTHER,507470,431349,507470,2025-05-21,2025-06-21,2025-11-16,COMPLETED,100,true,Rural Development Agency (DRDA),Location 317,28.726607,77.328079,true,false,MOBILISATION_ADVANCE:2025-07-05:76121|RUNNING_BILL:2025-11-16:88807|RUNNING_BILL:2026-02-02:88807|RUNNING_BILL:2026-04-16:88807|RUNNING_BILL:2026-06-27:88807
ESK-1318,DIST_103,202,Work 319: ROADS_BRIDGES Project at Location 318,Synthetic work description for demo data import,ROADS_BRIDGES,3372867,1119793,0,2025-04-03,2025-05-12,,ON_HOLD,26,false,Public Works Department (PWD),Location 318,28.698095,77.230589,true,false,MOBILISATION_ADVANCE:2025-06-01:505930|RUNNING_BILL:2025-10-08:204621|RUNNING_BILL:2025-12-03:204621|RUNNING_BILL:2026-02-26:204621
ESK-1319,DIST_103,204,Work 320: OTHER Project at Location 319,Synthetic work description for demo data import,OTHER,1390692,1321157,1390692,2025-04-24,2025-06-12,2026-01-08,COMPLETED,100,true,Irrigation & Flood Control Dept,Location 319,28.721924,77.295474,false,false,MOBILISATION_ADVANCE:2025-07-02:208604|RUNNING_BILL:2025-10-14:243371|RUNNING_BILL:2025-12-24:243371|RUNNING_BILL:2026-02-22:243371|RUNNING_BILL:2026-04-30:243371|FINAL_BILL:2026-07-14:139069
ESK-1320,DIST_104,202,Work 321: OTHER Project at Location 320,Synthetic work description for demo data import,OTHER,2981745,2981744,2981745,2024-08-27,2024-10-15,2025-04-14,COMPLETED,100,true,Municipal Corporation,Location 320,28.730733,77.153838,true,false,MOBILISATION_ADVANCE:2024-10-26:447262|RUNNING_BILL:2025-02-08:521805|RUNNING_BILL:2025-04-24:521805|RUNNING_BILL:2025-06-14:521805|RUNNING_BILL:2025-08-07:521805|FINAL_BILL:2025-10-21:298175|RETENTION_RELEASE:2026-04-19:149087
ESK-1321,DIST_102,201,Work 322: EDUCATION Project at Location 321,Synthetic work description for demo data import,EDUCATION,2446679,367002,0,2023-10-15,2023-10-22,,NOT_STARTED,0,false,Irrigation & Flood Control Dept,Location 321,28.749523,77.393819,true,false,MOBILISATION_ADVANCE:2023-11-05:367002|RUNNING_BILL:2024-02-21:0|RUNNING_BILL:2024-05-01:0
ESK-1322,DIST_101,202,Work 323: DRINKING_WATER Project at Location 322,Synthetic work description for demo data import,DRINKING_WATER,936940,936940,936940,2023-08-24,2023-10-02,2025-08-11,COMPLETED,100,false,Municipal Corporation,Location 322,28.621377,77.343394,false,false,MOBILISATION_ADVANCE:2023-10-31:140541|RUNNING_BILL:2024-02-15:327929|RUNNING_BILL:2024-04-19:327929|FINAL_BILL:2024-07-03:93694|RETENTION_RELEASE:2024-12-30:46847
ESK-1323,DIST_101,201,Work 324: HEALTH Project at Location 323,Synthetic work description for demo data import,HEALTH,2214692,2103956,2214692,2025-07-31,2025-09-18,2026-09-05,COMPLETED,100,false,Public Works Department (PWD),Location 323,28.596217,77.387888,false,false,MOBILISATION_ADVANCE:2025-10-08:332204|RUNNING_BILL:2026-01-13:516761|RUNNING_BILL:2026-03-23:516761|RUNNING_BILL:2026-06-19:516761|FINAL_BILL:2026-09-02:221469
ESK-1324,DIST_103,203,Work 325: HEALTH Project at Location 324,Synthetic work description for demo data import,HEALTH,2137186,2137186,2137186,2024-01-24,2024-03-06,2025-08-13,COMPLETED,100,true,Irrigation & Flood Control Dept,Location 324,28.624291,77.309834,false,true,MOBILISATION_ADVANCE:2024-04-14:320578|RUNNING_BILL:2024-06-25:748015|RUNNING_BILL:2024-08-31:748015|FINAL_BILL:2024-11-14:213719|RETENTION_RELEASE:2025-05-13:106859
ESK-1325,DIST_104,202,Work 326: EDUCATION Project at Location 325,Synthetic work description for demo data import,EDUCATION,2268679,419706,1757259,2024-04-04,2024-05-06,,IN_PROGRESS,5,false,Rural Development Agency (DRDA),Location 325,28.710381,77.318790,false,false,MOBILISATION_ADVANCE:2024-05-29:340302|RUNNING_BILL:2024-08-31:39702|RUNNING_BILL:2024-11-11:39702
ESK-1326,DIST_104,203,Work 327: SANITATION Project at Location 326,Synthetic work description for demo data import,SANITATION,2880982,0,2880982,2022-08-27,2022-09-30,2023-04-02,COMPLETED,100,false,Rural Development Agency (DRDA),Location 326,28.695769,77.344538,false,false,
ESK-1327,DIST_103,202,Work 328: HEALTH Project at Location 327,Synthetic work description for demo data import,HEALTH,928831,139325,928831,2023-06-20,2023-07-10,2025-06-02,COMPLETED,100,true,Public Works Department (PWD),Location 327,28.523924,77.219874,false,false,MOBILISATION_ADVANCE:2023-08-16:139325
ESK-1328,DIST_104,201,Work 329: HEALTH Project at Location 328,Synthetic work description for demo data import,HEALTH,2688711,403307,2688711,2025-11-02,2025-12-15,2026-09-05,COMPLETED,100,false,Public Works Department (PWD),Location 328,28.738224,77.325821,false,false,MOBILISATION_ADVANCE:2026-01-16:403307
ESK-1329,DIST_101,203,Work 330: DRINKING_WATER Project at Location 329,Synthetic work description for demo data import,DRINKING_WATER,1731822,1731822,1731822,2024-06-14,2024-06-26,2025-04-05,COMPLETED,100,true,Public Works Department (PWD),Location 329,28.731374,77.315663,true,false,MOBILISATION_ADVANCE:2024-07-21:259773|RUNNING_BILL:2024-10-24:404092|RUNNING_BILL:2024-12-09:404092|RUNNING_BILL:2025-02-06:404092|FINAL_BILL:2025-04-22:173182|RETENTION_RELEASE:2025-10-19:86591
ESK-1330,DIST_101,204,Work 331: DRINKING_WATER Project at Location 330,Synthetic work description for demo data import,DRINKING_WATER,1124869,192352,692148,2022-09-19,2022-11-07,,IN_PROGRESS,3,false,Rural Development Agency (DRDA),Location 330,28.655136,77.301177,false,false,MOBILISATION_ADVANCE:2022-11-18:168730|RUNNING_BILL:2023-03-03:23622
ESK-1331,DIST_101,204,Work 332: OTHER Project at Location 331,Synthetic work description for demo data import,OTHER,1741784,1654694,1741784,2025-10-01,2025-11-01,2026-09-05,COMPLETED,100,false,Municipal Corporation,Location 331,28.599581,77.246676,false,false,MOBILISATION_ADVANCE:2025-11-13:261268|RUNNING_BILL:2026-02-14:609624|RUNNING_BILL:2026-04-30:609624|FINAL_BILL:2026-07-14:174178
ESK-1332,DIST_103,204,Work 333: SANITATION Project at Location 332,Synthetic work description for demo data import,SANITATION,1997348,1997348,1997348,2023-05-19,2023-06-22,2023-12-12,COMPLETED,100,true,Municipal Corporation,Location 332,28.576776,77.178735,false,false,MOBILISATION_ADVANCE:2023-07-04:299602|RUNNING_BILL:2023-10-31:466048|RUNNING_BILL:2024-01-28:466048|RUNNING_BILL:2024-03-25:466048|FINAL_BILL:2024-06-08:199735|RETENTION_RELEASE:2024-12-05:99867
ESK-1333,DIST_101,204,Work 334: HEALTH Project at Location 333,Synthetic work description for demo data import,HEALTH,1053738,158061,623896,2026-05-01,2026-05-14,,IN_PROGRESS,86,false,Municipal Corporation,Location 333,28.619025,77.200463,false,false,MOBILISATION_ADVANCE:2026-05-26:158061
ESK-1334,DIST_103,201,Work 335: SANITATION Project at Location 334,Synthetic work description for demo data import,SANITATION,2131216,0,2131216,2023-11-12,2023-12-25,2024-08-08,COMPLETED,100,false,Irrigation & Flood Control Dept,Location 334,28.568484,77.355416,false,false,
ESK-1335,DIST_102,203,Work 336: SANITATION Project at Location 335,Synthetic work description for demo data import,SANITATION,1091360,308856,0,2022-08-13,2022-09-04,,ON_HOLD,19,false,Public Works Department (PWD),Location 335,28.723636,77.163237,false,true,MOBILISATION_ADVANCE:2022-09-23:163704|RUNNING_BILL:2023-01-22:48384|RUNNING_BILL:2023-03-18:48384|RUNNING_BILL:2023-05-17:48384
ESK-1336,DIST_104,202,Work 337: HEALTH Project at Location 336,Synthetic work description for demo data import,HEALTH,156238,112023,29628,2022-12-08,2022-12-16,,IN_PROGRESS,81,false,Rural Development Agency (DRDA),Location 336,28.686608,77.282679,true,false,MOBILISATION_ADVANCE:2023-01-08:23436|RUNNING_BILL:2023-04-12:88587
ESK-1337,DIST_102,201,Work 338: HEALTH Project at Location 337,Synthetic work description for demo data import,HEALTH,601519,601520,601519,2023-06-09,2023-07-25,2025-06-13,COMPLETED,100,true,Irrigation & Flood Control Dept,Location 337,28.617678,77.166161,false,false,MOBILISATION_ADVANCE:2023-08-17:90228|RUNNING_BILL:2023-12-16:105266|RUNNING_BILL:2024-02-23:105266|RUNNING_BILL:2024-04-16:105266|RUNNING_BILL:2024-06-13:105266|FINAL_BILL:2024-08-27:60152|RETENTION_RELEASE:2025-02-23:30076
ESK-1338,DIST_102,204,Work 339: SANITATION Project at Location 338,Synthetic work description for demo data import,SANITATION,2224581,2224581,2224581,2023-11-01,2023-11-24,2024-11-13,COMPLETED,100,false,Irrigation & Flood Control Dept,Location 338,28.556014,77.296220,false,true,MOBILISATION_ADVANCE:2024-01-02:333687|RUNNING_BILL:2024-04-15:519069|RUNNING_BILL:2024-06-07:519069|RUNNING_BILL:2024-07-24:519069|FINAL_BILL:2024-10-07:222458|RETENTION_RELEASE:2025-04-05:111229
ESK-1339,DIST_102,202,Work 340: HEALTH Project at Location 339,Synthetic work description for demo data import,HEALTH,4939615,3126776,2990194,2023-06-17,2023-08-05,,IN_PROGRESS,69,false,Municipal Corporation,Location 339,28.573148,77.180541,false,false,MOBILISATION_ADVANCE:2023-09-19:740942|RUNNING_BILL:2023-12-02:1192917|RUNNING_BILL:2024-02-28:1192917
ESK-1340,DIST_102,201,Work 341: SANITATION Project at Location 340,Synthetic work description for demo data import,SANITATION,2645409,0,2645409,2024-01-27,2024-02-15,2025-03-31,COMPLETED,100,true,Public Works Department (PWD),Location 340,28.614691,77.360460,true,false,
ESK-1341,DIST_103,202,Work 342: HEALTH Project at Location 341,Synthetic work description for demo data import,HEALTH,1202439,601220,1202439,2025-12-22,2025-12-29,2026-09-05,COMPLETED,100,false,Public Works Department (PWD),Location 341,28.740903,77.302461,false,false,MOBILISATION_ADVANCE:2026-01-24:180366|RUNNING_BILL:2026-04-23:210427|RUNNING_BILL:2026-07-15:210427
ESK-1342,DIST_102,204,Work 343: SANITATION Project at Location 342,Synthetic work description for demo data import,SANITATION,1460721,1460720,1460721,2024-06-15,2024-07-19,2025-10-11,COMPLETED,100,true,Rural Development Agency (DRDA),Location 342,28.501453,77.212958,false,false,MOBILISATION_ADVANCE:2024-08-10:219108|RUNNING_BILL:2024-12-04:511252|RUNNING_BILL:2025-01-25:511252|FINAL_BILL:2025-04-10:146072|RETENTION_RELEASE:2025-10-07:73036
ESK-1343,DIST_101,204,Work 344: SANITATION Project at Location 343,Synthetic work description for demo data import,SANITATION,3859059,2793959,0,2023-03-19,2023-04-04,,ON_HOLD,82,false,Irrigation & Flood Control Dept,Location 343,28.585297,77.354449,false,false,MOBILISATION_ADVANCE:2023-05-06:578859|RUNNING_BILL:2023-08-12:1107550|RUNNING_BILL:2023-11-04:1107550
ESK-1344,DIST_102,201,Work 345: EDUCATION Project at Location 344,Synthetic work description for demo data import,EDUCATION,654321,98148,654321,2024-09-30,2024-10-19,2025-04-01,COMPLETED,100,true,Public Works Department (PWD),Location 344,28.670482,77.170043,false,false,MOBILISATION_ADVANCE:2024-11-09:98148
ESK-1345,DIST_104,201,Work 346: EDUCATION Project at Location 345,Synthetic work description for demo data import,EDUCATION,214933,182693,214933,2025-11-22,2025-12-02,2026-09-05,COMPLETED,100,true,Municipal Corporation,Location 345,28.677341,77.372783,true,false,MOBILISATION_ADVANCE:2026-01-06:32240|RUNNING_BILL:2026-03-27:50151|RUNNING_BILL:2026-05-18:50151|RUNNING_BILL:2026-07-05:50151
ESK-1346,DIST_103,201,Work 347: OTHER Project at Location 346,Synthetic work description for demo data import,OTHER,142098,142098,142098,2024-02-12,2024-03-24,2025-02-17,COMPLETED,100,true,Rural Development Agency (DRDA),Location 346,28.646236,77.191265,false,false,MOBILISATION_ADVANCE:2024-04-10:21315|RUNNING_BILL:2024-07-18:24867|RUNNING_BILL:2024-09-15:24867|RUNNING_BILL:2024-11-06:24867|RUNNING_BILL:2024-12-31:24867|FINAL_BILL:2025-03-16:14210|RETENTION_RELEASE:2025-09-12:7105
ESK-1347,DIST_101,204,Work 348: ROADS_BRIDGES Project at Location 347,Synthetic work description for demo data import,ROADS_BRIDGES,2047880,2047881,2047880,2024-01-30,2024-02-26,2025-04-11,COMPLETED,100,false,Irrigation & Flood Control Dept,Location 347,28.690312,77.334600,false,false,MOBILISATION_ADVANCE:2024-03-30:307182|RUNNING_BILL:2024-07-06:477839|RUNNING_BILL:2024-09-21:477839|RUNNING_BILL:2024-11-24:477839|FINAL_BILL:2025-02-07:204788|RETENTION_RELEASE:2025-08-06:102394
ESK-1348,DIST_104,204,Work 349: SANITATION Project at Location 348,Synthetic work description for demo data import,SANITATION,2803699,420555,2803699,2022-10-30,2022-11-07,2023-12-06,COMPLETED,100,true,Rural Development Agency (DRDA),Location 348,28.703993,77.364034,false,false,MOBILISATION_ADVANCE:2022-12-13:420555
ESK-1349,DIST_103,201,Work 350: HEALTH Project at Location 349,Synthetic work description for demo data import,HEALTH,2966504,2521528,2966504,2025-11-01,2025-11-07,2026-09-05,COMPLETED,100,true,Irrigation & Flood Control Dept,Location 349,28.601980,77.185567,false,false,MOBILISATION_ADVANCE:2025-12-20:444976|RUNNING_BILL:2026-03-21:692184|RUNNING_BILL:2026-06-03:692184|RUNNING_BILL:2026-08-04:692184
ESK-1350,DIST_101,204,Work 351: HEALTH Project at Location 350,Synthetic work description for demo data import,HEALTH,1377535,1377535,1377535,2024-01-01,2024-02-17,2024-10-10,COMPLETED,100,true,Public Works Department (PWD),Location 350,28.569091,77.192650,true,false,MOBILISATION_ADVANCE:2024-03-16:206630|RUNNING_BILL:2024-06-23:482137|RUNNING_BILL:2024-08-24:482137|FINAL_BILL:2024-11-07:137754|RETENTION_RELEASE:2025-05-06:68877
ESK-1351,DIST_101,203,Work 352: OTHER Project at Location 351,Synthetic work description for demo data import,OTHER,1571001,1571001,1571001,2023-03-01,2023-03-07,2023-07-17,COMPLETED,100,false,Municipal Corporation,Location 351,28.541070,77.254397,false,false,MOBILISATION_ADVANCE:2023-04-18:235650|RUNNING_BILL:2023-07-31:366567|RUNNING_BILL:2023-10-02:366567|RUNNING_BILL:2023-12-09:366567|FINAL_BILL:2024-02-22:157100|RETENTION_RELEASE:2024-08-20:78550
ESK-1352,DIST_104,202,Work 353: HEALTH Project at Location 352,Synthetic work description for demo data import,HEALTH,3059775,1401377,224092,2023-07-03,2023-08-09,,IN_PROGRESS,44,false,Rural Development Agency (DRDA),Location 352,28.701510,77.159123,false,false,MOBILISATION_ADVANCE:2023-09-01:458966|RUNNING_BILL:2023-11-29:942411
ESK-1353,DIST_101,202,Work 354: DRINKING_WATER Project at Location 353,Synthetic work description for demo data import,DRINKING_WATER,1709312,256397,1709312,2024-10-27,2024-11-04,2025-10-15,COMPLETED,100,true,Public Works Department (PWD),Location 353,28.520081,77.247148,false,false,MOBILISATION_ADVANCE:2024-11-19:256397
ESK-1354,DIST_102,202,Work 355: OTHER Project at Location 354,Synthetic work description for demo data import,OTHER,4855802,728370,0,2025-12-04,2026-01-15,,NOT_STARTED,0,false,Public Works Department (PWD),Location 354,28.610946,77.392614,true,false,MOBILISATION_ADVANCE:2026-02-09:728370|RUNNING_BILL:2026-05-11:0|RUNNING_BILL:2026-08-03:0
ESK-1355,DIST_101,201,Work 356: EDUCATION Project at Location 355,Synthetic work description for demo data import,EDUCATION,873502,400064,580627,2024-03-29,2024-04-26,,IN_PROGRESS,44,false,Municipal Corporation,Location 355,28.603558,77.364997,false,false,MOBILISATION_ADVANCE:2024-05-08:131025|RUNNING_BILL:2024-09-16:269039
ESK-1356,DIST_102,204,Work 357: OTHER Project at Location 356,Synthetic work description for demo data import,OTHER,1057640,684293,953081,2024-12-17,2025-01-25,,IN_PROGRESS,71,false,Rural Development Agency (DRDA),Location 356,28.656775,77.273948,false,false,MOBILISATION_ADVANCE:2025-02-09:158646|RUNNING_BILL:2025-06-01:525647
ESK-1357,DIST_101,201,Work 358: EDUCATION Project at Location 357,Synthetic work description for demo data import,EDUCATION,634326,0,596477,2024-01-30,2024-02-11,,IN_PROGRESS,38,false,Public Works Department (PWD),Location 357,28.591024,77.308874,false,false,
ESK-1358,DIST_102,202,Work 359: ROADS_BRIDGES Project at Location 358,Synthetic work description for demo data import,ROADS_BRIDGES,2880471,1137786,0,2025-05-19,2025-06-26,,ON_HOLD,35,false,Rural Development Agency (DRDA),Location 358,28.603757,77.313327,false,false,MOBILISATION_ADVANCE:2025-08-04:432071|RUNNING_BILL:2025-11-14:705715
ESK-1359,DIST_103,202,Work 360: OTHER Project at Location 359,Synthetic work description for demo data import,OTHER,798450,306073,798450,2026-02-01,2026-03-06,2026-09-05,COMPLETED,100,true,Public Works Department (PWD),Location 359,28.669410,77.263018,false,false,MOBILISATION_ADVANCE:2026-03-31:119768|RUNNING_BILL:2026-07-14:186305
ESK-1360,DIST_101,204,Work 361: HEALTH Project at Location 360,Synthetic work description for demo data import,HEALTH,3031833,454775,3031833,2024-04-16,2024-04-30,2025-07-18,COMPLETED,100,false,Public Works Department (PWD),Location 360,28.513194,77.380523,false,false,MOBILISATION_ADVANCE:2024-06-10:454775
ESK-1361,DIST_103,202,Work 362: EDUCATION Project at Location 361,Synthetic work description for demo data import,EDUCATION,2272908,340936,2272908,2024-08-11,2024-09-17,2026-02-09,COMPLETED,100,false,Public Works Department (PWD),Location 361,28.530941,77.385850,false,false,MOBILISATION_ADVANCE:2024-10-22:340936
ESK-1362,DIST_102,201,Work 363: SANITATION Project at Location 362,Synthetic work description for demo data import,SANITATION,3123918,3123920,3123918,2024-05-18,2024-05-30,2025-02-23,COMPLETED,100,false,Rural Development Agency (DRDA),Location 362,28.543212,77.384454,true,true,MOBILISATION_ADVANCE:2024-06-15:468588|RUNNING_BILL:2024-10-03:546686|RUNNING_BILL:2024-11-29:546686|RUNNING_BILL:2025-02-22:546686|RUNNING_BILL:2025-04-16:546686|FINAL_BILL:2025-06-30:312392|RETENTION_RELEASE:2025-12-27:156196
ESK-1363,DIST_101,202,Work 364: DRINKING_WATER Project at Location 363,Synthetic work description for demo data import,DRINKING_WATER,2751880,0,2751880,2024-08-04,2024-08-14,2025-12-15,COMPLETED,100,true,Irrigation & Flood Control Dept,Location 363,28.649797,77.286472,true,false,
ESK-1364,DIST_104,201,Work 365: DRINKING_WATER Project at Location 364,Synthetic work description for demo data import,DRINKING_WATER,2209673,0,1615242,2022-11-06,2022-12-16,,IN_PROGRESS,84,false,Public Works Department (PWD),Location 364,28.505927,77.386876,false,false,
ESK-1365,DIST_102,204,Work 366: DRINKING_WATER Project at Location 365,Synthetic work description for demo data import,DRINKING_WATER,1266566,1203238,1266566,2025-07-05,2025-08-23,2026-01-28,COMPLETED,100,true,Municipal Corporation,Location 365,28.738430,77.213282,true,false,MOBILISATION_ADVANCE:2025-09-21:189985|RUNNING_BILL:2026-01-18:295532|RUNNING_BILL:2026-03-14:295532|RUNNING_BILL:2026-06-05:295532|FINAL_BILL:2026-08-19:126657
ESK-1366,DIST_103,202,Work 367: EDUCATION Project at Location 366,Synthetic work description for demo data import,EDUCATION,636386,540928,636386,2025-10-06,2025-10-24,2026-09-05,COMPLETED,100,false,Irrigation & Flood Control Dept,Location 366,28.545539,77.366389,true,false,MOBILISATION_ADVANCE:2025-11-08:95458|RUNNING_BILL:2026-03-01:148490|RUNNING_BILL:2026-05-25:148490|RUNNING_BILL:2026-07-16:148490
ESK-1367,DIST_103,204,Work 368: ROADS_BRIDGES Project at Location 367,Synthetic work description for demo data import,ROADS_BRIDGES,733962,733962,733962,2022-08-21,2022-10-05,2023-08-06,COMPLETED,100,true,Municipal Corporation,Location 367,28.593347,77.169608,true,false,MOBILISATION_ADVANCE:2022-10-20:110094|RUNNING_BILL:2023-02-14:256887|RUNNING_BILL:2023-04-19:256887|FINAL_BILL:2023-07-03:73396|RETENTION_RELEASE:2023-12-30:36698
ESK-1368,DIST_103,202,Work 369: ROADS_BRIDGES Project at Location 368,Synthetic work description for demo data import,ROADS_BRIDGES,2184760,2075522,2184760,2025-03-25,2025-05-14,2025-12-29,COMPLETED,100,true,Rural Development Agency (DRDA),Location 368,28.560944,77.243603,true,false,MOBILISATION_ADVANCE:2025-06-17:327714|RUNNING_BILL:2025-09-16:382333|RUNNING_BILL:2025-11-19:382333|RUNNING_BILL:2026-02-06:382333|RUNNING_BILL:2026-04-24:382333|FINAL_BILL:2026-07-08:218476
ESK-1369,DIST_101,204,Work 370: ROADS_BRIDGES Project at Location 369,Synthetic work description for demo data import,ROADS_BRIDGES,2424515,1025570,1672191,2023-10-27,2023-11-02,,IN_PROGRESS,39,false,Public Works Department (PWD),Location 369,28.577918,77.248564,false,false,MOBILISATION_ADVANCE:2023-11-29:363677|RUNNING_BILL:2024-02-26:661893
ESK-1370,DIST_102,201,Work 371: SANITATION Project at Location 370,Synthetic work description for demo data import,SANITATION,1453040,0,1453040,2024-03-16,2024-04-17,2024-11-02,COMPLETED,100,true,Municipal Corporation,Location 370,28.693745,77.299064,false,false,
ESK-1371,DIST_103,204,Work 372: OTHER Project at Location 371,Synthetic work description for demo data import,OTHER,1747488,0,1747488,2025-11-28,2025-12-25,2026-09-05,COMPLETED,100,true,Public Works Department (PWD),Location 371,28.660080,77.225720,false,false,
ESK-1372,DIST_104,202,Work 373: HEALTH Project at Location 372,Synthetic work description for demo data import,HEALTH,1381895,1381897,1381895,2024-12-29,2025-01-27,2026-09-05,COMPLETED,100,true,Irrigation & Flood Control Dept,Location 372,28.566291,77.379903,false,false,MOBILISATION_ADVANCE:2025-02-14:207284|RUNNING_BILL:2025-05-26:241832|RUNNING_BILL:2025-08-04:241832|RUNNING_BILL:2025-09-20:241832|RUNNING_BILL:2025-11-29:241832|FINAL_BILL:2026-02-12:138190|RETENTION_RELEASE:2026-08-11:69095
ESK-1373,DIST_103,203,Work 374: SANITATION Project at Location 373,Synthetic work description for demo data import,SANITATION,931043,602384,249130,2023-11-26,2023-12-30,,IN_PROGRESS,71,false,Rural Development Agency (DRDA),Location 373,28.587653,77.221065,false,false,MOBILISATION_ADVANCE:2024-01-24:139656|RUNNING_BILL:2024-05-22:462728
ESK-1374,DIST_104,202,Work 375: OTHER Project at Location 374,Synthetic work description for demo data import,OTHER,2251896,2251897,2251896,2022-11-05,2022-11-18,2024-01-26,COMPLETED,100,true,Irrigation & Flood Control Dept,Location 374,28.609866,77.205793,false,false,MOBILISATION_ADVANCE:2022-12-13:337784|RUNNING_BILL:2023-03-11:788164|RUNNING_BILL:2023-05-16:788164|FINAL_BILL:2023-07-30:225190|RETENTION_RELEASE:2024-01-26:112595
ESK-1375,DIST_102,202,Work 376: EDUCATION Project at Location 375,Synthetic work description for demo data import,EDUCATION,692437,427004,692437,2025-12-20,2026-01-19,2026-09-05,COMPLETED,100,true,Municipal Corporation,Location 375,28.684941,77.358785,false,false,MOBILISATION_ADVANCE:2026-03-01:103866|RUNNING_BILL:2026-06-04:161569|RUNNING_BILL:2026-08-31:161569
ESK-1376,DIST_101,204,Work 377: HEALTH Project at Location 376,Synthetic work description for demo data import,HEALTH,1866999,1867000,1866999,2023-09-19,2023-10-14,2025-02-21,COMPLETED,100,true,Municipal Corporation,Location 376,28.581314,77.161793,false,false,MOBILISATION_ADVANCE:2023-11-12:280050|RUNNING_BILL:2024-03-07:326725|RUNNING_BILL:2024-05-23:326725|RUNNING_BILL:2024-07-25:326725|RUNNING_BILL:2024-09-18:326725|FINAL_BILL:2024-12-02:186700|RETENTION_RELEASE:2025-05-31:93350
ESK-1377,DIST_102,203,Work 378: DRINKING_WATER Project at Location 377,Synthetic work description for demo data import,DRINKING_WATER,2172776,1846860,2172776,2026-01-09,2026-02-13,2026-09-05,COMPLETED,100,true,Public Works Department (PWD),Location 377,28.511073,77.195246,false,false,MOBILISATION_ADVANCE:2026-03-22:325916|RUNNING_BILL:2026-06-11:760472|RUNNING_BILL:2026-08-27:760472
ESK-1378,DIST_103,202,Work 379: HEALTH Project at Location 378,Synthetic work description for demo data import,HEALTH,228472,0,228472,2025-02-18,2025-03-14,2026-02-27,COMPLETED,100,false,Public Works Department (PWD),Location 378,28.520877,77.202334,false,false,
ESK-1379,DIST_104,204,Work 380: HEALTH Project at Location 379,Synthetic work description for demo data import,HEALTH,4115410,1481549,520450,2022-12-09,2023-01-07,,IN_PROGRESS,30,false,Rural Development Agency (DRDA),Location 379,28.736981,77.355180,false,false,MOBILISATION_ADVANCE:2023-02-20:617312|RUNNING_BILL:2023-06-06:288079|RUNNING_BILL:2023-08-29:288079|RUNNING_BILL:2023-10-25:288079
ESK-1380,DIST_103,201,Work 381: HEALTH Project at Location 380,Synthetic work description for demo data import,HEALTH,1316044,197407,0,2022-11-02,2022-12-07,,NOT_STARTED,0,false,Irrigation & Flood Control Dept,Location 380,28.524457,77.205641,false,true,MOBILISATION_ADVANCE:2023-01-05:197407|RUNNING_BILL:2023-05-02:0|RUNNING_BILL:2023-07-18:0|RUNNING_BILL:2023-10-01:0
ESK-1381,DIST_103,202,Work 382: EDUCATION Project at Location 381,Synthetic work description for demo data import,EDUCATION,311871,311870,311871,2024-09-06,2024-10-16,2026-07-24,COMPLETED,100,true,Rural Development Agency (DRDA),Location 381,28.509919,77.362606,false,false,MOBILISATION_ADVANCE:2024-10-26:46781|RUNNING_BILL:2025-01-31:54577|RUNNING_BILL:2025-03-27:54577|RUNNING_BILL:2025-06-08:54577|RUNNING_BILL:2025-08-21:54577|FINAL_BILL:2025-11-04:31187|RETENTION_RELEASE:2026-05-03:15594
ESK-1382,DIST_101,203,Work 383: OTHER Project at Location 382,Synthetic work description for demo data import,OTHER,2705723,405858,2705723,2023-08-04,2023-09-14,2025-01-29,COMPLETED,100,false,Rural Development Agency (DRDA),Location 382,28.528886,77.341735,false,false,MOBILISATION_ADVANCE:2023-10-25:405858
ESK-1383,DIST_102,201,Work 384: ROADS_BRIDGES Project at Location 383,Synthetic work description for demo data import,ROADS_BRIDGES,548403,548402,548403,2025-03-15,2025-04-12,2025-12-28,COMPLETED,100,true,Municipal Corporation,Location 383,28.742543,77.160083,true,false,MOBILISATION_ADVANCE:2025-05-18:82260|RUNNING_BILL:2025-08-29:191941|RUNNING_BILL:2025-10-18:191941|FINAL_BILL:2026-01-01:54840|RETENTION_RELEASE:2026-06-30:27420
ESK-1384,DIST_101,201,Work 385: ROADS_BRIDGES Project at Location 384,Synthetic work description for demo data import,ROADS_BRIDGES,1056501,404992,1056501,2026-04-14,2026-04-29,2026-09-05,COMPLETED,100,true,Public Works Department (PWD),Location 384,28.673187,77.255760,false,false,MOBILISATION_ADVANCE:2026-06-06:158475|RUNNING_BILL:2026-08-24:246517
ESK-1385,DIST_101,204,Work 386: SANITATION Project at Location 385,Synthetic work description for demo data import,SANITATION,875184,253804,864050,2025-09-29,2025-10-24,,IN_PROGRESS,20,false,Public Works Department (PWD),Location 385,28.583543,77.256110,true,false,MOBILISATION_ADVANCE:2025-11-15:131278|RUNNING_BILL:2026-03-09:61263|RUNNING_BILL:2026-04-27:61263
ESK-1386,DIST_101,203,Work 387: DRINKING_WATER Project at Location 386,Synthetic work description for demo data import,DRINKING_WATER,1430535,1430535,1430535,2022-12-22,2023-01-29,2024-04-08,COMPLETED,100,true,Rural Development Agency (DRDA),Location 386,28.657800,77.378308,false,false,MOBILISATION_ADVANCE:2023-03-01:214580|RUNNING_BILL:2023-06-02:500687|RUNNING_BILL:2023-08-03:500687|FINAL_BILL:2023-10-17:143054|RETENTION_RELEASE:2024-04-14:71527
ESK-1387,DIST_103,201,Work 388: ROADS_BRIDGES Project at Location 387,Synthetic work description for demo data import,ROADS_BRIDGES,3697828,0,3360453,2024-04-11,2024-04-25,,IN_PROGRESS,14,false,Municipal Corporation,Location 387,28.633190,77.209550,false,false,
ESK-1388,DIST_104,203,Work 389: OTHER Project at Location 388,Synthetic work description for demo data import,OTHER,1127060,0,0,2026-01-10,2026-02-17,,CANCELLED,0,false,Irrigation & Flood Control Dept,Location 388,28.675484,77.186915,false,false,
ESK-1389,DIST_101,202,Work 390: EDUCATION Project at Location 389,Synthetic work description for demo data import,EDUCATION,4099437,2365376,3325023,2023-11-11,2023-12-31,,IN_PROGRESS,61,false,Municipal Corporation,Location 389,28.710236,77.353580,false,false,MOBILISATION_ADVANCE:2024-01-20:614916|RUNNING_BILL:2024-04-18:1750460
ESK-1390,DIST_104,201,Work 391: EDUCATION Project at Location 390,Synthetic work description for demo data import,EDUCATION,723292,128746,188094,2022-11-02,2022-11-30,,IN_PROGRESS,4,false,Rural Development Agency (DRDA),Location 390,28.552940,77.223432,false,false,MOBILISATION_ADVANCE:2023-01-12:108494|RUNNING_BILL:2023-04-20:20252
ESK-1391,DIST_103,201,Work 392: HEALTH Project at Location 391,Synthetic work description for demo data import,HEALTH,977624,977623,977624,2023-12-16,2023-12-29,2024-05-03,COMPLETED,100,false,Public Works Department (PWD),Location 391,28.575722,77.159584,false,false,MOBILISATION_ADVANCE:2024-01-24:146644|RUNNING_BILL:2024-05-12:342168|RUNNING_BILL:2024-07-10:342168|FINAL_BILL:2024-09-23:97762|RETENTION_RELEASE:2025-03-22:48881
ESK-1392,DIST_104,202,Work 393: SANITATION Project at Location 392,Synthetic work description for demo data import,SANITATION,3111660,466749,3111660,2025-03-09,2025-03-20,2025-11-12,COMPLETED,100,true,Municipal Corporation,Location 392,28.607061,77.364042,false,false,MOBILISATION_ADVANCE:2025-04-29:466749
ESK-1393,DIST_103,203,Work 394: SANITATION Project at Location 393,Synthetic work description for demo data import,SANITATION,165085,24763,165085,2025-08-04,2025-08-29,2026-03-08,COMPLETED,100,true,Rural Development Agency (DRDA),Location 393,28.649766,77.325183,false,false,MOBILISATION_ADVANCE:2025-09-15:24763
ESK-1394,DIST_101,204,Work 395: EDUCATION Project at Location 394,Synthetic work description for demo data import,EDUCATION,3501949,1187161,2845557,2023-06-20,2023-07-05,,IN_PROGRESS,27,false,Municipal Corporation,Location 394,28.558149,77.273122,false,false,MOBILISATION_ADVANCE:2023-07-18:525292|RUNNING_BILL:2023-10-31:220623|RUNNING_BILL:2023-12-17:220623|RUNNING_BILL:2024-02-12:220623
ESK-1395,DIST_102,202,Work 396: ROADS_BRIDGES Project at Location 395,Synthetic work description for demo data import,ROADS_BRIDGES,3916098,0,0,2026-06-07,,,NOT_STARTED,0,false,Public Works Department (PWD),Location 395,28.712435,77.377641,false,false,
ESK-1396,DIST_102,204,Work 397: EDUCATION Project at Location 396,Synthetic work description for demo data import,EDUCATION,2254905,2254907,2254905,2023-04-20,2023-05-24,2024-05-05,COMPLETED,100,false,Public Works Department (PWD),Location 396,28.674982,77.235237,false,false,MOBILISATION_ADVANCE:2023-07-02:338236|RUNNING_BILL:2023-09-15:526145|RUNNING_BILL:2023-12-09:526145|RUNNING_BILL:2024-02-22:526145|FINAL_BILL:2024-05-07:225491|RETENTION_RELEASE:2024-11-03:112745
ESK-1397,DIST_101,203,Work 398: ROADS_BRIDGES Project at Location 397,Synthetic work description for demo data import,ROADS_BRIDGES,365460,365458,365460,2023-07-10,2023-08-06,2024-05-22,COMPLETED,100,true,Public Works Department (PWD),Location 397,28.633937,77.271815,false,false,MOBILISATION_ADVANCE:2023-08-20:54819|RUNNING_BILL:2023-12-23:63955|RUNNING_BILL:2024-03-01:63955|RUNNING_BILL:2024-05-02:63955|RUNNING_BILL:2024-07-23:63955|FINAL_BILL:2024-10-06:36546|RETENTION_RELEASE:2025-04-04:18273
ESK-1398,DIST_101,204,Work 399: SANITATION Project at Location 398,Synthetic work description for demo data import,SANITATION,1642477,246372,1642477,2023-04-08,2023-05-15,2024-10-25,COMPLETED,100,true,Municipal Corporation,Location 398,28.712520,77.223913,false,false,MOBILISATION_ADVANCE:2023-06-19:246372
ESK-1399,DIST_101,204,Work 400: OTHER Project at Location 399,Synthetic work description for demo data import,OTHER,2589174,2589172,2589174,2024-05-20,2024-07-04,2026-03-24,COMPLETED,100,true,Rural Development Agency (DRDA),Location 399,28.685879,77.255089,false,false,MOBILISATION_ADVANCE:2024-08-10:388376|RUNNING_BILL:2024-10-30:453105|RUNNING_BILL:2025-01-18:453105|RUNNING_BILL:2025-03-12:453105|RUNNING_BILL:2025-05-21:453105|FINAL_BILL:2025-08-04:258917|RETENTION_RELEASE:2026-01-31:129459
ESK-1400,DIST_102,201,Work 401: DRINKING_WATER Project at Location 400,Synthetic work description for demo data import,DRINKING_WATER,1709666,0,1709666,2023-07-08,2023-08-01,2024-06-30,COMPLETED,100,false,Public Works Department (PWD),Location 400,28.584863,77.158248,false,false,
ESK-1401,DIST_102,203,Work 402: HEALTH Project at Location 401,Synthetic work description for demo data import,HEALTH,4176384,0,0,2024-04-03,2024-04-28,,ON_HOLD,79,false,Public Works Department (PWD),Location 401,28.701505,77.169026,false,false,
ESK-1402,DIST_104,202,Work 403: HEALTH Project at Location 402,Synthetic work description for demo data import,HEALTH,4273546,0,0,2026-05-29,,,NOT_STARTED,0,false,Rural Development Agency (DRDA),Location 402,28.537397,77.388877,true,false,
ESK-1403,DIST_101,204,Work 404: OTHER Project at Location 403,Synthetic work description for demo data import,OTHER,783771,0,783771,2024-03-14,2024-04-06,2024-12-12,COMPLETED,100,true,Irrigation & Flood Control Dept,Location 403,28.747199,77.352569,false,false,
ESK-1404,DIST_103,204,Work 405: HEALTH Project at Location 404,Synthetic work description for demo data import,HEALTH,1903112,0,406283,2024-01-20,2024-02-29,,IN_PROGRESS,86,false,Rural Development Agency (DRDA),Location 404,28.665331,77.260827,true,false,
ESK-1405,DIST_103,201,Work 406: ROADS_BRIDGES Project at Location 405,Synthetic work description for demo data import,ROADS_BRIDGES,559126,559126,559126,2025-01-31,2025-02-14,2026-07-07,COMPLETED,100,true,Irrigation & Flood Control Dept,Location 405,28.706718,77.289696,false,false,MOBILISATION_ADVANCE:2025-03-19:83869|RUNNING_BILL:2025-07-02:195694|RUNNING_BILL:2025-09-09:195694|FINAL_BILL:2025-11-23:55913|RETENTION_RELEASE:2026-05-22:27956
ESK-1406,DIST_104,202,Work 407: DRINKING_WATER Project at Location 406,Synthetic work description for demo data import,DRINKING_WATER,2708752,2573314,2708752,2025-05-22,2025-06-11,2025-11-10,COMPLETED,100,false,Irrigation & Flood Control Dept,Location 406,28.696315,77.172099,false,false,MOBILISATION_ADVANCE:2025-07-06:406313|RUNNING_BILL:2025-11-06:948063|RUNNING_BILL:2026-01-13:948063|FINAL_BILL:2026-03-29:270875
ESK-1407,DIST_101,202,Work 408: OTHER Project at Location 407,Synthetic work description for demo data import,OTHER,3600435,2606715,1906609,2025-04-09,2025-04-17,,IN_PROGRESS,82,false,Public Works Department (PWD),Location 407,28.641631,77.355557,false,false,MOBILISATION_ADVANCE:2025-05-14:540065|RUNNING_BILL:2025-08-27:1033325|RUNNING_BILL:2025-10-20:1033325
ESK-1408,DIST_101,203,Work 409: ROADS_BRIDGES Project at Location 408,Synthetic work description for demo data import,ROADS_BRIDGES,1705481,1620206,1705481,2025-07-01,2025-07-23,2026-02-05,COMPLETED,100,true,Rural Development Agency (DRDA),Location 408,28.512174,77.299325,false,false,MOBILISATION_ADVANCE:2025-08-17:255822|RUNNING_BILL:2025-12-02:596918|RUNNING_BILL:2026-02-26:596918|FINAL_BILL:2026-05-12:170548
ESK-1409,DIST_101,201,Work 410: SANITATION Project at Location 409,Synthetic work description for demo data import,SANITATION,234144,222436,234144,2025-07-08,2025-07-26,2026-09-05,COMPLETED,100,true,Municipal Corporation,Location 409,28.639179,77.190669,false,false,MOBILISATION_ADVANCE:2025-08-14:35122|RUNNING_BILL:2025-12-04:40975|RUNNING_BILL:2026-02-06:40975|RUNNING_BILL:2026-04-29:40975|RUNNING_BILL:2026-06-13:40975|FINAL_BILL:2026-08-27:23414
ESK-1410,DIST_101,202,Work 411: OTHER Project at Location 410,Synthetic work description for demo data import,OTHER,1896586,1801757,1896586,2025-10-10,2025-11-04,2026-09-05,COMPLETED,100,false,Rural Development Agency (DRDA),Location 410,28.644050,77.379992,false,false,MOBILISATION_ADVANCE:2025-11-20:284488|RUNNING_BILL:2026-02-27:663805|RUNNING_BILL:2026-05-25:663805|FINAL_BILL:2026-08-08:189659
ESK-1411,DIST_104,202,Work 412: OTHER Project at Location 411,Synthetic work description for demo data import,OTHER,3663697,2062661,1471334,2023-01-26,2023-02-25,,IN_PROGRESS,59,false,Rural Development Agency (DRDA),Location 411,28.509237,77.289212,false,true,MOBILISATION_ADVANCE:2023-03-25:549555|RUNNING_BILL:2023-07-20:756553|RUNNING_BILL:2023-09-03:756553
ESK-1412,DIST_104,201,Work 413: DRINKING_WATER Project at Location 412,Synthetic work description for demo data import,DRINKING_WATER,4374061,0,526562,2024-02-28,2024-03-07,,IN_PROGRESS,3,false,Public Works Department (PWD),Location 412,28.505831,77.208338,false,false,
ESK-1413,DIST_103,204,Work 414: ROADS_BRIDGES Project at Location 413,Synthetic work description for demo data import,ROADS_BRIDGES,2105311,1421084,2105311,2025-09-06,2025-10-07,2026-09-05,COMPLETED,100,true,Irrigation & Flood Control Dept,Location 413,28.556955,77.291233,false,false,MOBILISATION_ADVANCE:2025-10-28:315797|RUNNING_BILL:2026-02-23:368429|RUNNING_BILL:2026-04-18:368429|RUNNING_BILL:2026-07-14:368429
ESK-1414,DIST_101,203,Work 415: EDUCATION Project at Location 414,Synthetic work description for demo data import,EDUCATION,557740,83661,557740,2026-04-29,2026-05-23,2026-09-05,COMPLETED,100,false,Public Works Department (PWD),Location 414,28.628753,77.184137,false,true,MOBILISATION_ADVANCE:2026-06-09:83661
ESK-1415,DIST_102,203,Work 416: ROADS_BRIDGES Project at Location 415,Synthetic work description for demo data import,ROADS_BRIDGES,2540700,2540700,2540700,2023-05-27,2023-06-11,2024-10-12,COMPLETED,100,false,Municipal Corporation,Location 415,28.614246,77.366071,false,false,MOBILISATION_ADVANCE:2023-07-21:381105|RUNNING_BILL:2023-10-03:889245|RUNNING_BILL:2023-12-17:889245|FINAL_BILL:2024-03-01:254070|RETENTION_RELEASE:2024-08-28:127035
ESK-1416,DIST_102,202,Work 417: OTHER Project at Location 416,Synthetic work description for demo data import,OTHER,2527579,1263789,2527579,2025-11-23,2025-12-25,2026-09-05,COMPLETED,100,true,Public Works Department (PWD),Location 416,28.615751,77.371267,false,false,MOBILISATION_ADVANCE:2026-01-18:379137|RUNNING_BILL:2026-04-30:442326|RUNNING_BILL:2026-06-28:442326
ESK-1417,DIST_104,202,Work 418: OTHER Project at Location 417,Synthetic work description for demo data import,OTHER,366746,0,366746,2026-03-13,2026-04-07,2026-09-05,COMPLETED,100,false,Municipal Corporation,Location 417,28.714141,77.389400,false,false,
ESK-1418,DIST_102,202,Work 419: HEALTH Project at Location 418,Synthetic work description for demo data import,HEALTH,227702,216315,227702,2025-07-07,2025-08-10,2025-12-15,COMPLETED,100,true,Municipal Corporation,Location 418,28.659444,77.301194,false,false,MOBILISATION_ADVANCE:2025-09-01:34155|RUNNING_BILL:2025-12-19:53130|RUNNING_BILL:2026-02-22:53130|RUNNING_BILL:2026-05-22:53130|FINAL_BILL:2026-08-05:22770
ESK-1419,DIST_102,202,Work 420: SANITATION Project at Location 419,Synthetic work description for demo data import,SANITATION,3930698,0,0,2023-03-04,2023-04-17,,ON_HOLD,41,false,Irrigation & Flood Control Dept,Location 419,28.609753,77.201063,false,false,
ESK-1420,DIST_101,204,Work 421: HEALTH Project at Location 420,Synthetic work description for demo data import,HEALTH,3076779,461517,3076779,2024-12-05,2024-12-17,2026-09-05,COMPLETED,100,false,Irrigation & Flood Control Dept,Location 420,28.545342,77.168737,false,false,MOBILISATION_ADVANCE:2024-12-27:461517
ESK-1421,DIST_103,201,Work 422: ROADS_BRIDGES Project at Location 421,Synthetic work description for demo data import,ROADS_BRIDGES,2001305,300196,2001305,2025-11-01,2025-11-18,2026-09-04,COMPLETED,100,false,Municipal Corporation,Location 421,28.693756,77.394469,true,false,MOBILISATION_ADVANCE:2025-12-23:300196
ESK-1422,DIST_102,202,Work 423: HEALTH Project at Location 422,Synthetic work description for demo data import,HEALTH,2302171,1956845,2302171,2025-09-24,2025-10-26,2026-07-12,COMPLETED,100,true,Irrigation & Flood Control Dept,Location 422,28.703588,77.237005,false,false,MOBILISATION_ADVANCE:2025-12-10:345326|RUNNING_BILL:2026-03-14:537173|RUNNING_BILL:2026-05-16:537173|RUNNING_BILL:2026-07-27:537173
ESK-1423,DIST_103,204,Work 424: SANITATION Project at Location 423,Synthetic work description for demo data import,SANITATION,616729,524221,616729,2025-07-25,2025-08-21,2026-01-15,COMPLETED,100,true,Rural Development Agency (DRDA),Location 423,28.641683,77.191038,true,false,MOBILISATION_ADVANCE:2025-09-29:92509|RUNNING_BILL:2025-12-17:107928|RUNNING_BILL:2026-03-15:107928|RUNNING_BILL:2026-06-13:107928|RUNNING_BILL:2026-08-30:107928
ESK-1424,DIST_104,204,Work 425: DRINKING_WATER Project at Location 424,Synthetic work description for demo data import,DRINKING_WATER,4439589,0,0,2026-05-05,,,NOT_STARTED,0,false,Public Works Department (PWD),Location 424,28.518847,77.325129,false,false,
ESK-1425,DIST_101,201,Work 426: ROADS_BRIDGES Project at Location 425,Synthetic work description for demo data import,ROADS_BRIDGES,4807172,2134385,2494145,2022-10-23,2022-11-03,,IN_PROGRESS,42,false,Municipal Corporation,Location 425,28.536170,77.307507,true,false,MOBILISATION_ADVANCE:2022-11-24:721076|RUNNING_BILL:2023-02-16:1413309
ESK-1426,DIST_101,201,Work 427: EDUCATION Project at Location 426,Synthetic work description for demo data import,EDUCATION,1868392,0,1868392,2022-11-22,2022-12-21,2024-08-01,COMPLETED,100,false,Public Works Department (PWD),Location 426,28.575948,77.207395,true,false,
ESK-1427,DIST_103,204,Work 428: DRINKING_WATER Project at Location 427,Synthetic work description for demo data import,DRINKING_WATER,1377423,1377423,1377423,2023-08-04,2023-09-02,2024-08-16,COMPLETED,100,false,Irrigation & Flood Control Dept,Location 427,28.621823,77.151704,false,true,MOBILISATION_ADVANCE:2023-10-09:206613|RUNNING_BILL:2024-01-29:321399|RUNNING_BILL:2024-03-23:321399|RUNNING_BILL:2024-06-04:321399|FINAL_BILL:2024-08-18:137742|RETENTION_RELEASE:2025-02-14:68871
ESK-1428,DIST_102,202,Work 429: ROADS_BRIDGES Project at Location 428,Synthetic work description for demo data import,ROADS_BRIDGES,194224,184512,194224,2025-02-24,2025-03-14,2025-10-21,COMPLETED,100,true,Municipal Corporation,Location 428,28.596452,77.185465,false,false,MOBILISATION_ADVANCE:2025-03-30:29134|RUNNING_BILL:2025-07-23:33989|RUNNING_BILL:2025-09-22:33989|RUNNING_BILL:2025-11-20:33989|RUNNING_BILL:2026-01-23:33989|FINAL_BILL:2026-04-08:19422
ESK-1429,DIST_102,201,Work 430: SANITATION Project at Location 429,Synthetic work description for demo data import,SANITATION,2717322,1675682,2717322,2025-12-21,2026-01-19,2026-09-05,COMPLETED,100,true,Rural Development Agency (DRDA),Location 429,28.713883,77.353529,false,false,MOBILISATION_ADVANCE:2026-02-04:407598|RUNNING_BILL:2026-05-19:634042|RUNNING_BILL:2026-08-05:634042
ESK-1430,DIST_101,203,Work 431: OTHER Project at Location 430,Synthetic work description for demo data import,OTHER,4645093,1964874,3100293,2025-10-01,2025-10-17,,IN_PROGRESS,39,false,Municipal Corporation,Location 430,28.543165,77.225133,false,false,MOBILISATION_ADVANCE:2025-11-16:696764|RUNNING_BILL:2026-02-02:1268110
ESK-1431,DIST_103,201,Work 432: SANITATION Project at Location 431,Synthetic work description for demo data import,SANITATION,1808446,1808446,1808446,2023-11-27,2023-12-10,2025-02-05,COMPLETED,100,true,Irrigation & Flood Control Dept,Location 431,28.745658,77.363569,false,false,MOBILISATION_ADVANCE:2023-12-26:271267|RUNNING_BILL:2024-04-11:632956|RUNNING_BILL:2024-06-21:632956|FINAL_BILL:2024-09-04:180845|RETENTION_RELEASE:2025-03-03:90422
ESK-1432,DIST_102,204,Work 433: DRINKING_WATER Project at Location 432,Synthetic work description for demo data import,DRINKING_WATER,3731744,0,0,2026-05-27,,,NOT_STARTED,0,false,Irrigation & Flood Control Dept,Location 432,28.736863,77.196317,false,false,
ESK-1433,DIST_102,202,Work 434: HEALTH Project at Location 433,Synthetic work description for demo data import,HEALTH,1580759,0,1580759,2025-08-06,2025-08-23,2026-09-05,COMPLETED,100,true,Rural Development Agency (DRDA),Location 433,28.628117,77.184547,false,false,
ESK-1434,DIST_102,203,Work 435: DRINKING_WATER Project at Location 434,Synthetic work description for demo data import,DRINKING_WATER,2972749,0,0,2026-05-22,,,CANCELLED,0,false,Public Works Department (PWD),Location 434,28.563372,77.215868,false,false,
ESK-1435,DIST_101,202,Work 436: DRINKING_WATER Project at Location 435,Synthetic work description for demo data import,DRINKING_WATER,2662694,2662694,2662694,2023-08-01,2023-08-08,2024-01-25,COMPLETED,100,true,Municipal Corporation,Location 435,28.605083,77.312725,false,false,MOBILISATION_ADVANCE:2023-09-13:399404|RUNNING_BILL:2023-12-23:931943|RUNNING_BILL:2024-03-12:931943|FINAL_BILL:2024-05-26:266269|RETENTION_RELEASE:2024-11-22:133135
ESK-1436,DIST_102,204,Work 437: ROADS_BRIDGES Project at Location 436,Synthetic work description for demo data import,ROADS_BRIDGES,4508019,3484699,4238487,2023-04-16,2023-05-11,,IN_PROGRESS,89,false,Rural Development Agency (DRDA),Location 436,28.579300,77.263220,false,false,MOBILISATION_ADVANCE:2023-06-10:676203|RUNNING_BILL:2023-08-24:1404248|RUNNING_BILL:2023-10-15:1404248
ESK-1437,DIST_103,204,Work 438: ROADS_BRIDGES Project at Location 437,Synthetic work description for demo data import,ROADS_BRIDGES,2009608,2009606,2009608,2024-10-26,2024-11-25,2025-03-29,COMPLETED,100,true,Rural Development Agency (DRDA),Location 437,28.511466,77.199824,false,false,MOBILISATION_ADVANCE:2024-12-21:301441|RUNNING_BILL:2025-04-07:351681|RUNNING_BILL:2025-06-18:351681|RUNNING_BILL:2025-09-13:351681|RUNNING_BILL:2025-11-20:351681|FINAL_BILL:2026-02-03:200961|RETENTION_RELEASE:2026-08-02:100480
ESK-1438,DIST_101,204,Work 439: DRINKING_WATER Project at Location 438,Synthetic work description for demo data import,DRINKING_WATER,897966,518125,114336,2024-11-16,2025-01-05,,IN_PROGRESS,61,false,Irrigation & Flood Control Dept,Location 438,28.729817,77.293802,false,false,MOBILISATION_ADVANCE:2025-01-31:134695|RUNNING_BILL:2025-05-06:127810|RUNNING_BILL:2025-07-11:127810|RUNNING_BILL:2025-10-07:127810
ESK-1439,DIST_103,203,Work 440: SANITATION Project at Location 439,Synthetic work description for demo data import,SANITATION,2735756,2735755,2735756,2024-10-11,2024-10-31,2025-11-29,COMPLETED,100,true,Public Works Department (PWD),Location 439,28.634174,77.310434,false,false,MOBILISATION_ADVANCE:2024-11-27:410363|RUNNING_BILL:2025-03-05:478757|RUNNING_BILL:2025-06-03:478757|RUNNING_BILL:2025-08-01:478757|RUNNING_BILL:2025-10-12:478757|FINAL_BILL:2025-12-26:273576|RETENTION_RELEASE:2026-06-24:136788
ESK-1440,DIST_103,204,Work 441: SANITATION Project at Location 440,Synthetic work description for demo data import,SANITATION,3130887,469633,3130887,2026-03-31,2026-05-03,2026-09-05,COMPLETED,100,true,Municipal Corporation,Location 440,28.616719,77.197383,false,false,MOBILISATION_ADVANCE:2026-06-05:469633
ESK-1441,DIST_104,204,Work 442: SANITATION Project at Location 441,Synthetic work description for demo data import,SANITATION,1143705,1086522,1143705,2025-04-20,2025-05-04,2026-09-05,COMPLETED,100,true,Irrigation & Flood Control Dept,Location 441,28.663532,77.364979,false,false,MOBILISATION_ADVANCE:2025-06-03:171556|RUNNING_BILL:2025-09-04:266865|RUNNING_BILL:2025-10-27:266865|RUNNING_BILL:2026-01-10:266865|FINAL_BILL:2026-03-26:114371
ESK-1442,DIST_104,204,Work 443: OTHER Project at Location 442,Synthetic work description for demo data import,OTHER,735145,0,0,2026-07-15,,,CANCELLED,0,false,Rural Development Agency (DRDA),Location 442,28.741142,77.376101,true,false,
ESK-1443,DIST_101,202,Work 444: OTHER Project at Location 443,Synthetic work description for demo data import,OTHER,3500958,2387654,3248455,2025-02-27,2025-04-06,,IN_PROGRESS,76,false,Irrigation & Flood Control Dept,Location 443,28.628638,77.380493,false,false,MOBILISATION_ADVANCE:2025-05-12:525144|RUNNING_BILL:2025-08-30:1862510
ESK-1444,DIST_104,203,Work 445: HEALTH Project at Location 444,Synthetic work description for demo data import,HEALTH,2193745,2193746,2193745,2023-05-16,2023-06-17,2025-02-11,COMPLETED,100,false,Municipal Corporation,Location 444,28.700975,77.309826,false,false,MOBILISATION_ADVANCE:2023-07-14:329062|RUNNING_BILL:2023-10-16:767811|RUNNING_BILL:2023-12-22:767811|FINAL_BILL:2024-03-06:219375|RETENTION_RELEASE:2024-09-02:109687
ESK-1445,DIST_104,202,Work 446: EDUCATION Project at Location 445,Synthetic work description for demo data import,EDUCATION,2598874,2598874,2598874,2022-10-15,2022-10-30,2023-11-13,COMPLETED,100,true,Municipal Corporation,Location 445,28.738124,77.246811,false,false,MOBILISATION_ADVANCE:2022-12-03:389831|RUNNING_BILL:2023-03-24:606404|RUNNING_BILL:2023-06-22:606404|RUNNING_BILL:2023-08-15:606404|FINAL_BILL:2023-10-29:259887|RETENTION_RELEASE:2024-04-26:129944
ESK-1446,DIST_104,202,Work 447: EDUCATION Project at Location 446,Synthetic work description for demo data import,EDUCATION,2240302,1653343,1095756,2025-11-05,2025-11-23,,IN_PROGRESS,84,false,Municipal Corporation,Location 446,28.609419,77.329353,false,false,MOBILISATION_ADVANCE:2026-01-05:336045|RUNNING_BILL:2026-03-10:658649|RUNNING_BILL:2026-05-23:658649
ESK-1447,DIST_102,203,Work 448: DRINKING_WATER Project at Location 447,Synthetic work description for demo data import,DRINKING_WATER,3033988,455098,3033988,2025-05-22,2025-07-01,2026-09-05,COMPLETED,100,true,Public Works Department (PWD),Location 447,28.521689,77.388400,true,false,MOBILISATION_ADVANCE:2025-07-21:455098
ESK-1448,DIST_101,201,Work 449: HEALTH Project at Location 448,Synthetic work description for demo data import,HEALTH,430806,430806,430806,2023-11-28,2023-12-22,2025-02-22,COMPLETED,100,true,Rural Development Agency (DRDA),Location 448,28.577368,77.177294,true,false,MOBILISATION_ADVANCE:2024-01-13:64621|RUNNING_BILL:2024-04-28:150782|RUNNING_BILL:2024-06-24:150782|FINAL_BILL:2024-09-07:43081|RETENTION_RELEASE:2025-03-06:21540
ESK-1449,DIST_101,201,Work 450: ROADS_BRIDGES Project at Location 449,Synthetic work description for demo data import,ROADS_BRIDGES,2539772,0,2539772,2023-07-20,2023-08-06,2024-07-08,COMPLETED,100,false,Public Works Department (PWD),Location 449,28.689728,77.288741,false,false,
ESK-1450,DIST_104,204,Work 451: OTHER Project at Location 450,Synthetic work description for demo data import,OTHER,2392977,1196489,2392977,2025-12-19,2026-01-22,2026-09-05,COMPLETED,100,true,Rural Development Agency (DRDA),Location 450,28.572681,77.205575,false,false,MOBILISATION_ADVANCE:2026-02-20:358947|RUNNING_BILL:2026-05-18:418771|RUNNING_BILL:2026-07-12:418771
ESK-1451,DIST_103,201,Work 452: ROADS_BRIDGES Project at Location 451,Synthetic work description for demo data import,ROADS_BRIDGES,1695551,0,0,2026-07-15,,,NOT_STARTED,0,false,Municipal Corporation,Location 451,28.647739,77.353078,false,false,
ESK-1452,DIST_104,203,Work 453: EDUCATION Project at Location 452,Synthetic work description for demo data import,EDUCATION,4138731,0,0,2026-05-30,,,NOT_STARTED,0,false,Irrigation & Flood Control Dept,Location 452,28.749408,77.327855,false,false,
ESK-1453,DIST_101,201,Work 454: DRINKING_WATER Project at Location 453,Synthetic work description for demo data import,DRINKING_WATER,658511,658512,658511,2025-05-03,2025-05-14,2026-03-05,COMPLETED,100,true,Irrigation & Flood Control Dept,Location 453,28.681608,77.214255,false,false,MOBILISATION_ADVANCE:2025-06-26:98777|RUNNING_BILL:2025-09-22:230479|RUNNING_BILL:2025-11-26:230479|FINAL_BILL:2026-02-09:65851|RETENTION_RELEASE:2026-08-08:32926
ESK-1454,DIST_101,203,Work 455: EDUCATION Project at Location 454,Synthetic work description for demo data import,EDUCATION,1654255,248138,1654255,2026-04-02,2026-05-16,2026-09-05,COMPLETED,100,false,Irrigation & Flood Control Dept,Location 454,28.530628,77.281047,false,false,MOBILISATION_ADVANCE:2026-05-28:248138
ESK-1455,DIST_101,203,Work 456: HEALTH Project at Location 455,Synthetic work description for demo data import,HEALTH,3642785,0,0,2026-06-15,,,CANCELLED,0,false,Irrigation & Flood Control Dept,Location 455,28.569351,77.179926,false,false,
ESK-1456,DIST_104,204,Work 457: EDUCATION Project at Location 456,Synthetic work description for demo data import,EDUCATION,1499341,1424373,1499341,2025-07-06,2025-07-13,2026-02-23,COMPLETED,100,false,Public Works Department (PWD),Location 456,28.747823,77.156645,true,true,MOBILISATION_ADVANCE:2025-08-02:224901|RUNNING_BILL:2025-10-26:524769|RUNNING_BILL:2026-01-20:524769|FINAL_BILL:2026-04-05:149934
ESK-1457,DIST_104,203,Work 458: HEALTH Project at Location 457,Synthetic work description for demo data import,HEALTH,609269,578805,609269,2025-02-08,2025-03-25,2026-08-14,COMPLETED,100,true,Rural Development Agency (DRDA),Location 457,28.533337,77.234011,false,false,MOBILISATION_ADVANCE:2025-05-06:91390|RUNNING_BILL:2025-07-22:106622|RUNNING_BILL:2025-09-05:106622|RUNNING_BILL:2025-11-18:106622|RUNNING_BILL:2026-01-05:106622|FINAL_BILL:2026-03-21:60927
ESK-1458,DIST_104,204,Work 459: DRINKING_WATER Project at Location 458,Synthetic work description for demo data import,DRINKING_WATER,1126326,0,0,2024-08-23,2024-09-05,,CANCELLED,0,false,Municipal Corporation,Location 458,28.557181,77.213243,false,false,
ESK-1459,DIST_103,204,Work 460: HEALTH Project at Location 459,Synthetic work description for demo data import,HEALTH,320925,320926,320925,2024-11-24,2024-12-04,2026-05-04,COMPLETED,100,true,Irrigation & Flood Control Dept,Location 459,28.593568,77.348564,false,false,MOBILISATION_ADVANCE:2025-01-05:48139|RUNNING_BILL:2025-03-22:56162|RUNNING_BILL:2025-06-20:56162|RUNNING_BILL:2025-09-01:56162|RUNNING_BILL:2025-11-08:56162|FINAL_BILL:2026-01-22:32093|RETENTION_RELEASE:2026-07-21:16046
ESK-1460,DIST_104,201,Work 461: HEALTH Project at Location 460,Synthetic work description for demo data import,HEALTH,1244383,831246,0,2022-09-30,2022-11-09,,ON_HOLD,74,false,Municipal Corporation,Location 460,28.603816,77.170538,false,false,MOBILISATION_ADVANCE:2022-11-23:186657|RUNNING_BILL:2023-03-09:214863|RUNNING_BILL:2023-05-12:214863|RUNNING_BILL:2023-07-29:214863
ESK-1461,DIST_102,202,Work 462: SANITATION Project at Location 461,Synthetic work description for demo data import,SANITATION,915184,915183,915184,2023-07-23,2023-08-04,2024-12-08,COMPLETED,100,true,Municipal Corporation,Location 461,28.531196,77.161504,true,false,MOBILISATION_ADVANCE:2023-08-28:137278|RUNNING_BILL:2023-11-27:320314|RUNNING_BILL:2024-02-13:320314|FINAL_BILL:2024-04-28:91518|RETENTION_RELEASE:2024-10-25:45759
ESK-1462,DIST_104,203,Work 463: HEALTH Project at Location 462,Synthetic work description for demo data import,HEALTH,2905781,2905780,2905781,2024-02-22,2024-03-28,2025-03-02,COMPLETED,100,true,Public Works Department (PWD),Location 462,28.704222,77.231126,false,false,MOBILISATION_ADVANCE:2024-04-19:435867|RUNNING_BILL:2024-07-18:1017023|RUNNING_BILL:2024-09-20:1017023|FINAL_BILL:2024-12-04:290578|RETENTION_RELEASE:2025-06-02:145289
ESK-1463,DIST_103,202,Work 464: OTHER Project at Location 463,Synthetic work description for demo data import,OTHER,1906871,419512,1677747,2024-01-16,2024-02-17,,IN_PROGRESS,10,false,Rural Development Agency (DRDA),Location 463,28.630508,77.227084,false,false,MOBILISATION_ADVANCE:2024-03-05:286031|RUNNING_BILL:2024-07-09:133481
ESK-1464,DIST_103,202,Work 465: HEALTH Project at Location 464,Synthetic work description for demo data import,HEALTH,2922515,0,1399972,2025-07-27,2025-08-18,,IN_PROGRESS,50,false,Irrigation & Flood Control Dept,Location 464,28.693510,77.289938,false,false,
ESK-1465,DIST_104,204,Work 466: EDUCATION Project at Location 465,Synthetic work description for demo data import,EDUCATION,3787493,656498,815071,2025-12-31,2026-01-12,,IN_PROGRESS,5,false,Public Works Department (PWD),Location 465,28.625190,77.336037,false,true,MOBILISATION_ADVANCE:2026-02-08:568124|RUNNING_BILL:2026-06-06:44187|RUNNING_BILL:2026-07-26:44187
ESK-1466,DIST_101,204,Work 467: DRINKING_WATER Project at Location 466,Synthetic work description for demo data import,DRINKING_WATER,2006571,2006572,2006571,2023-01-30,2023-02-12,2025-01-07,COMPLETED,100,true,Municipal Corporation,Location 466,28.581995,77.266141,false,false,MOBILISATION_ADVANCE:2023-02-25:300986|RUNNING_BILL:2023-06-19:351150|RUNNING_BILL:2023-09-06:351150|RUNNING_BILL:2023-12-04:351150|RUNNING_BILL:2024-02-01:351150|FINAL_BILL:2024-04-16:200657|RETENTION_RELEASE:2024-10-13:100329
ESK-1467,DIST_104,203,Work 468: SANITATION Project at Location 467,Synthetic work description for demo data import,SANITATION,2170402,1465020,2170402,2025-10-13,2025-10-19,2026-09-05,COMPLETED,100,true,Public Works Department (PWD),Location 467,28.609325,77.278375,false,false,MOBILISATION_ADVANCE:2025-11-24:325560|RUNNING_BILL:2026-02-20:379820|RUNNING_BILL:2026-04-06:379820|RUNNING_BILL:2026-06-30:379820
ESK-1468,DIST_101,204,Work 469: HEALTH Project at Location 468,Synthetic work description for demo data import,HEALTH,1925416,288812,1925416,2026-05-24,2026-07-01,2026-09-05,COMPLETED,100,true,Municipal Corporation,Location 468,28.615080,77.247304,true,false,MOBILISATION_ADVANCE:2026-08-15:288812
ESK-1469,DIST_104,202,Work 470: DRINKING_WATER Project at Location 469,Synthetic work description for demo data import,DRINKING_WATER,3484893,522734,3464362,2023-01-19,2023-02-03,,IN_PROGRESS,39,false,Public Works Department (PWD),Location 469,28.640066,77.305533,false,false,MOBILISATION_ADVANCE:2023-03-12:522734
ESK-1470,DIST_104,202,Work 471: HEALTH Project at Location 470,Synthetic work description for demo data import,HEALTH,323982,220955,112010,2023-09-18,2023-09-29,,IN_PROGRESS,76,false,Rural Development Agency (DRDA),Location 470,28.549651,77.278208,false,false,MOBILISATION_ADVANCE:2023-11-02:48597|RUNNING_BILL:2024-01-30:172358
ESK-1471,DIST_104,202,Work 472: HEALTH Project at Location 471,Synthetic work description for demo data import,HEALTH,2314741,2314742,2314741,2024-07-22,2024-09-07,2025-10-17,COMPLETED,100,true,Municipal Corporation,Location 471,28.728273,77.353049,false,false,MOBILISATION_ADVANCE:2024-10-15:347211|RUNNING_BILL:2024-12-22:405080|RUNNING_BILL:2025-03-20:405080|RUNNING_BILL:2025-06-16:405080|RUNNING_BILL:2025-08-23:405080|FINAL_BILL:2025-11-06:231474|RETENTION_RELEASE:2026-05-05:115737
ESK-1472,DIST_103,202,Work 473: DRINKING_WATER Project at Location 472,Synthetic work description for demo data import,DRINKING_WATER,2874029,1919852,954034,2024-04-02,2024-05-05,,IN_PROGRESS,74,false,Irrigation & Flood Control Dept,Location 472,28.736183,77.159196,false,false,MOBILISATION_ADVANCE:2024-06-11:431104|RUNNING_BILL:2024-08-24:744374|RUNNING_BILL:2024-10-10:744374
ESK-1473,DIST_104,203,Work 474: SANITATION Project at Location 473,Synthetic work description for demo data import,SANITATION,1724674,258701,1724674,2026-05-02,2026-05-19,2026-09-05,COMPLETED,100,false,Public Works Department (PWD),Location 473,28.623211,77.391357,false,false,MOBILISATION_ADVANCE:2026-06-03:258701
ESK-1474,DIST_104,201,Work 475: DRINKING_WATER Project at Location 474,Synthetic work description for demo data import,DRINKING_WATER,2000149,2000148,2000149,2025-02-13,2025-03-19,2026-09-05,COMPLETED,100,true,Irrigation & Flood Control Dept,Location 474,28.683765,77.227104,false,false,MOBILISATION_ADVANCE:2025-04-13:300022|RUNNING_BILL:2025-07-10:350026|RUNNING_BILL:2025-08-24:350026|RUNNING_BILL:2025-11-03:350026|RUNNING_BILL:2025-12-21:350026|FINAL_BILL:2026-03-06:200015|RETENTION_RELEASE:2026-09-02:100007
ESK-1475,DIST_104,201,Work 476: EDUCATION Project at Location 475,Synthetic work description for demo data import,EDUCATION,1703953,1703953,1703953,2022-08-06,2022-09-10,2024-05-31,COMPLETED,100,true,Rural Development Agency (DRDA),Location 475,28.678251,77.331509,false,false,MOBILISATION_ADVANCE:2022-10-05:255593|RUNNING_BILL:2023-01-03:397589|RUNNING_BILL:2023-03-22:397589|RUNNING_BILL:2023-05-23:397589|FINAL_BILL:2023-08-06:170395|RETENTION_RELEASE:2024-02-02:85198
ESK-1476,DIST_101,201,Work 477: SANITATION Project at Location 476,Synthetic work description for demo data import,SANITATION,1903167,1903166,1903167,2022-12-13,2023-01-06,2023-05-13,COMPLETED,100,true,Rural Development Agency (DRDA),Location 476,28.534441,77.182678,false,false,MOBILISATION_ADVANCE:2023-02-12:285475|RUNNING_BILL:2023-05-02:333054|RUNNING_BILL:2023-06-28:333054|RUNNING_BILL:2023-08-29:333054|RUNNING_BILL:2023-10-13:333054|FINAL_BILL:2023-12-27:190317|RETENTION_RELEASE:2024-06-24:95158
ESK-1477,DIST_102,202,Work 478: HEALTH Project at Location 477,Synthetic work description for demo data import,HEALTH,1748781,0,1748781,2023-07-08,2023-07-16,2025-01-27,COMPLETED,100,true,Municipal Corporation,Location 477,28.673744,77.396945,false,false,
ESK-1478,DIST_102,203,Work 479: ROADS_BRIDGES Project at Location 478,Synthetic work description for demo data import,ROADS_BRIDGES,2483607,783992,1241784,2026-03-29,2026-04-10,,IN_PROGRESS,71,false,Rural Development Agency (DRDA),Location 478,28.683887,77.342165,false,false,MOBILISATION_ADVANCE:2026-04-25:372541|RUNNING_BILL:2026-07-25:411451
ESK-1479,DIST_102,202,Work 480: EDUCATION Project at Location 479,Synthetic work description for demo data import,EDUCATION,2994659,2844925,2994659,2025-01-15,2025-02-04,2026-03-12,COMPLETED,100,false,Rural Development Agency (DRDA),Location 479,28.652116,77.238686,true,false,MOBILISATION_ADVANCE:2025-03-21:449199|RUNNING_BILL:2025-06-17:524065|RUNNING_BILL:2025-08-15:524065|RUNNING_BILL:2025-10-19:524065|RUNNING_BILL:2025-12-30:524065|FINAL_BILL:2026-03-15:299466
ESK-1480,DIST_102,202,Work 481: ROADS_BRIDGES Project at Location 480,Synthetic work description for demo data import,ROADS_BRIDGES,3017552,3017551,3017552,2024-03-01,2024-04-02,2025-11-14,COMPLETED,100,true,Municipal Corporation,Location 480,28.693551,77.183930,false,false,MOBILISATION_ADVANCE:2024-05-02:452633|RUNNING_BILL:2024-08-09:704095|RUNNING_BILL:2024-10-15:704095|RUNNING_BILL:2024-12-03:704095|FINAL_BILL:2025-02-16:301755|RETENTION_RELEASE:2025-08-15:150878
ESK-1481,DIST_102,201,Work 482: EDUCATION Project at Location 481,Synthetic work description for demo data import,EDUCATION,639923,95988,639923,2025-08-20,2025-09-23,2026-09-05,COMPLETED,100,false,Irrigation & Flood Control Dept,Location 481,28.677487,77.193656,false,false,MOBILISATION_ADVANCE:2025-10-16:95988
ESK-1482,DIST_104,203,Work 483: DRINKING_WATER Project at Location 482,Synthetic work description for demo data import,DRINKING_WATER,1107911,166187,1107911,2025-08-25,2025-10-11,2026-09-05,COMPLETED,100,true,Municipal Corporation,Location 482,28.561963,77.326117,false,false,MOBILISATION_ADVANCE:2025-10-31:166187
ESK-1483,DIST_103,204,Work 484: EDUCATION Project at Location 483,Synthetic work description for demo data import,EDUCATION,1261056,630528,1261056,2026-01-13,2026-02-28,2026-09-05,COMPLETED,100,true,Rural Development Agency (DRDA),Location 483,28.570423,77.269153,false,false,MOBILISATION_ADVANCE:2026-04-02:189158|RUNNING_BILL:2026-07-13:441370
ESK-1484,DIST_104,201,Work 485: SANITATION Project at Location 484,Synthetic work description for demo data import,SANITATION,1893472,284021,1893472,2023-09-12,2023-10-03,2025-03-08,COMPLETED,100,true,Irrigation & Flood Control Dept,Location 484,28.741694,77.341675,false,false,MOBILISATION_ADVANCE:2023-11-12:284021
ESK-1485,DIST_101,204,Work 486: HEALTH Project at Location 485,Synthetic work description for demo data import,HEALTH,2008288,1004144,2008288,2026-03-07,2026-04-12,2026-09-05,COMPLETED,100,true,Public Works Department (PWD),Location 485,28.747451,77.199250,false,false,MOBILISATION_ADVANCE:2026-05-17:301243|RUNNING_BILL:2026-08-15:702901
ESK-1486,DIST_102,204,Work 487: ROADS_BRIDGES Project at Location 486,Synthetic work description for demo data import,ROADS_BRIDGES,319852,319852,319852,2024-10-29,2024-11-14,2026-01-15,COMPLETED,100,false,Rural Development Agency (DRDA),Location 486,28.635408,77.156483,false,false,MOBILISATION_ADVANCE:2024-12-26:47978|RUNNING_BILL:2025-04-04:74632|RUNNING_BILL:2025-07-01:74632|RUNNING_BILL:2025-09-05:74632|FINAL_BILL:2025-11-19:31985|RETENTION_RELEASE:2026-05-18:15993
ESK-1487,DIST_103,204,Work 488: SANITATION Project at Location 487,Synthetic work description for demo data import,SANITATION,2264114,2264114,2264114,2024-10-16,2024-11-04,2025-11-27,COMPLETED,100,true,Irrigation & Flood Control Dept,Location 487,28.503656,77.168512,false,false,MOBILISATION_ADVANCE:2024-11-15:339617|RUNNING_BILL:2025-03-25:792440|RUNNING_BILL:2025-05-24:792440|FINAL_BILL:2025-08-07:226411|RETENTION_RELEASE:2026-02-03:113206
ESK-1488,DIST_104,201,Work 489: OTHER Project at Location 488,Synthetic work description for demo data import,OTHER,923338,300085,923338,2026-01-27,2026-03-01,2026-09-05,COMPLETED,100,true,Rural Development Agency (DRDA),Location 488,28.726617,77.266535,true,false,MOBILISATION_ADVANCE:2026-04-15:138501|RUNNING_BILL:2026-07-16:161584
ESK-1489,DIST_101,204,Work 490: EDUCATION Project at Location 489,Synthetic work description for demo data import,EDUCATION,2387055,2387057,2387055,2022-11-19,2022-11-28,2023-05-13,COMPLETED,100,true,Irrigation & Flood Control Dept,Location 489,28.620962,77.395298,false,false,MOBILISATION_ADVANCE:2022-12-18:358058|RUNNING_BILL:2023-04-05:556980|RUNNING_BILL:2023-06-12:556980|RUNNING_BILL:2023-09-04:556980|FINAL_BILL:2023-11-18:238706|RETENTION_RELEASE:2024-05-16:119353
ESK-1490,DIST_104,204,Work 491: DRINKING_WATER Project at Location 490,Synthetic work description for demo data import,DRINKING_WATER,1982145,297322,1982145,2026-04-21,2026-05-09,2026-09-05,COMPLETED,100,true,Public Works Department (PWD),Location 490,28.654697,77.155868,false,false,MOBILISATION_ADVANCE:2026-05-29:297322
ESK-1491,DIST_103,201,Work 492: HEALTH Project at Location 491,Synthetic work description for demo data import,HEALTH,2447581,2447580,2447581,2023-03-01,2023-03-16,2023-09-07,COMPLETED,100,false,Rural Development Agency (DRDA),Location 491,28.558320,77.218673,false,false,MOBILISATION_ADVANCE:2023-04-27:367137|RUNNING_BILL:2023-07-05:856653|RUNNING_BILL:2023-09-21:856653|FINAL_BILL:2023-12-05:244758|RETENTION_RELEASE:2024-06-02:122379
ESK-1492,DIST_103,202,Work 493: EDUCATION Project at Location 492,Synthetic work description for demo data import,EDUCATION,1412098,1412098,1412098,2024-10-16,2024-11-15,2026-01-20,COMPLETED,100,true,Rural Development Agency (DRDA),Location 492,28.688166,77.344935,false,false,MOBILISATION_ADVANCE:2024-12-30:211815|RUNNING_BILL:2025-03-04:247117|RUNNING_BILL:2025-05-19:247117|RUNNING_BILL:2025-07-12:247117|RUNNING_BILL:2025-10-08:247117|FINAL_BILL:2025-12-22:141210|RETENTION_RELEASE:2026-06-20:70605
ESK-1493,DIST_101,201,Work 494: OTHER Project at Location 493,Synthetic work description for demo data import,OTHER,2334422,1984259,2334422,2025-08-17,2025-09-21,2026-09-05,COMPLETED,100,true,Rural Development Agency (DRDA),Location 493,28.566314,77.312696,false,false,MOBILISATION_ADVANCE:2025-10-28:350163|RUNNING_BILL:2026-02-04:408524|RUNNING_BILL:2026-04-17:408524|RUNNING_BILL:2026-06-30:408524|RUNNING_BILL:2026-08-19:408524
ESK-1494,DIST_101,201,Work 495: HEALTH Project at Location 494,Synthetic work description for demo data import,HEALTH,617363,586494,617363,2025-09-04,2025-09-22,2026-09-05,COMPLETED,100,true,Irrigation & Flood Control Dept,Location 494,28.696102,77.285928,false,false,MOBILISATION_ADVANCE:2025-10-17:92604|RUNNING_BILL:2026-02-06:216077|RUNNING_BILL:2026-04-14:216077|FINAL_BILL:2026-06-28:61736
ESK-1495,DIST_103,202,Work 496: HEALTH Project at Location 495,Synthetic work description for demo data import,HEALTH,3969725,595459,1783188,2024-06-29,2024-07-18,,IN_PROGRESS,64,false,Irrigation & Flood Control Dept,Location 495,28.599919,77.324278,false,false,MOBILISATION_ADVANCE:2024-07-28:595459
ESK-1496,DIST_102,202,Work 497: DRINKING_WATER Project at Location 496,Synthetic work description for demo data import,DRINKING_WATER,2315221,2315220,2315221,2024-05-14,2024-06-29,2025-08-01,COMPLETED,100,false,Public Works Department (PWD),Location 496,28.505982,77.373443,false,false,MOBILISATION_ADVANCE:2024-07-25:347283|RUNNING_BILL:2024-10-27:540218|RUNNING_BILL:2024-12-20:540218|RUNNING_BILL:2025-02-20:540218|FINAL_BILL:2025-05-06:231522|RETENTION_RELEASE:2025-11-02:115761
ESK-1497,DIST_102,203,Work 498: EDUCATION Project at Location 497,Synthetic work description for demo data import,EDUCATION,2617479,2617479,2617479,2024-03-22,2024-04-24,2025-04-07,COMPLETED,100,false,Rural Development Agency (DRDA),Location 497,28.669733,77.302577,false,true,MOBILISATION_ADVANCE:2024-06-08:392622|RUNNING_BILL:2024-08-09:610745|RUNNING_BILL:2024-10-17:610745|RUNNING_BILL:2024-12-29:610745|FINAL_BILL:2025-03-14:261748|RETENTION_RELEASE:2025-09-10:130874
ESK-1498,DIST_102,201,Work 499: EDUCATION Project at Location 498,Synthetic work description for demo data import,EDUCATION,3446886,517033,1295779,2024-04-13,2024-04-21,,IN_PROGRESS,37,false,Public Works Department (PWD),Location 498,28.677860,77.381635,false,false,MOBILISATION_ADVANCE:2024-06-03:517033
ESK-1499,DIST_103,203,Work 500: HEALTH Project at Location 499,Synthetic work description for demo data import,HEALTH,1001246,150187,0,2025-04-20,2025-05-02,,NOT_STARTED,0,false,Rural Development Agency (DRDA),Location 499,28.559932,77.370890,false,true,MOBILISATION_ADVANCE:2025-05-28:150187|RUNNING_BILL:2025-08-19:0|RUNNING_BILL:2025-10-27:0
ESK-1500,DIST_101,203,Work 501: OTHER Project at Location 500,Synthetic work description for demo data import,OTHER,4391926,658789,2235503,2025-08-29,2025-09-27,,IN_PROGRESS,35,false,Rural Development Agency (DRDA),Location 500,28.696593,77.297215,false,false,MOBILISATION_ADVANCE:2025-10-13:658789
ESK-1501,DIST_103,201,Work 502: SANITATION Project at Location 501,Synthetic work description for demo data import,SANITATION,1318771,1318772,1318771,2022-08-30,2022-10-11,2023-06-01,COMPLETED,100,true,Rural Development Agency (DRDA),Location 501,28.688896,77.265572,false,false,MOBILISATION_ADVANCE:2022-10-26:197816|RUNNING_BILL:2023-03-05:461570|RUNNING_BILL:2023-04-26:461570|FINAL_BILL:2023-07-10:131877|RETENTION_RELEASE:2024-01-06:65939
ESK-1502,DIST_101,202,Work 503: ROADS_BRIDGES Project at Location 502,Synthetic work description for demo data import,ROADS_BRIDGES,2488231,2488231,2488231,2024-02-06,2024-02-27,2024-10-11,COMPLETED,100,true,Public Works Department (PWD),Location 502,28.680606,77.386247,false,false,MOBILISATION_ADVANCE:2024-04-10:373235|RUNNING_BILL:2024-06-26:580587|RUNNING_BILL:2024-08-15:580587|RUNNING_BILL:2024-10-22:580587|FINAL_BILL:2025-01-05:248823|RETENTION_RELEASE:2025-07-04:124412
ESK-1503,DIST_102,202,Work 504: ROADS_BRIDGES Project at Location 503,Synthetic work description for demo data import,ROADS_BRIDGES,2531534,379730,0,2026-01-15,2026-02-09,,NOT_STARTED,0,false,Public Works Department (PWD),Location 503,28.684494,77.158912,false,false,MOBILISATION_ADVANCE:2026-03-26:379730|RUNNING_BILL:2026-07-07:0
ESK-1504,DIST_101,204,Work 505: HEALTH Project at Location 504,Synthetic work description for demo data import,HEALTH,1753830,1753830,1753830,2023-02-26,2023-04-12,2024-09-22,COMPLETED,100,true,Rural Development Agency (DRDA),Location 504,28.614594,77.255353,false,false,MOBILISATION_ADVANCE:2023-05-13:263075|RUNNING_BILL:2023-08-02:306920|RUNNING_BILL:2023-10-31:306920|RUNNING_BILL:2024-01-18:306920|RUNNING_BILL:2024-04-05:306920|FINAL_BILL:2024-06-19:175383|RETENTION_RELEASE:2024-12-16:87692
ESK-1505,DIST_103,203,Work 506: EDUCATION Project at Location 505,Synthetic work description for demo data import,EDUCATION,2188185,1859958,2188185,2025-12-09,2026-01-27,2026-09-05,COMPLETED,100,false,Rural Development Agency (DRDA),Location 505,28.698123,77.300842,false,false,MOBILISATION_ADVANCE:2026-03-08:328228|RUNNING_BILL:2026-05-18:765865|RUNNING_BILL:2026-07-04:765865
ESK-1506,DIST_103,203,Work 507: ROADS_BRIDGES Project at Location 506,Synthetic work description for demo data import,ROADS_BRIDGES,1997379,1997379,1997379,2022-08-18,2022-09-19,2023-04-11,COMPLETED,100,false,Irrigation & Flood Control Dept,Location 506,28.526932,77.238662,false,false,MOBILISATION_ADVANCE:2022-10-09:299607|RUNNING_BILL:2023-01-16:466055|RUNNING_BILL:2023-04-07:466055|RUNNING_BILL:2023-06-20:466055|FINAL_BILL:2023-09-03:199738|RETENTION_RELEASE:2024-03-01:99869
ESK-1507,DIST_104,201,Work 508: EDUCATION Project at Location 507,Synthetic work description for demo data import,EDUCATION,391796,322055,142117,2024-07-22,2024-09-10,,IN_PROGRESS,96,false,Irrigation & Flood Control Dept,Location 507,28.539824,77.337683,false,false,MOBILISATION_ADVANCE:2024-10-20:58769|RUNNING_BILL:2025-02-03:87762|RUNNING_BILL:2025-04-28:87762|RUNNING_BILL:2025-07-09:87762
ESK-1508,DIST_103,202,Work 509: OTHER Project at Location 508,Synthetic work description for demo data import,OTHER,1852048,1759447,1852048,2025-03-17,2025-04-16,2026-01-29,COMPLETED,100,true,Municipal Corporation,Location 508,28.531295,77.187765,false,false,MOBILISATION_ADVANCE:2025-05-28:277807|RUNNING_BILL:2025-08-21:432145|RUNNING_BILL:2025-10-30:432145|RUNNING_BILL:2026-01-23:432145|FINAL_BILL:2026-04-08:185205
ESK-1509,DIST_103,202,Work 510: OTHER Project at Location 509,Synthetic work description for demo data import,OTHER,2464917,0,0,2024-05-11,2024-06-06,,NOT_STARTED,0,false,Municipal Corporation,Location 509,28.573073,77.258437,false,false,
ESK-1510,DIST_101,204,Work 511: OTHER Project at Location 510,Synthetic work description for demo data import,OTHER,4003882,0,0,2024-10-10,2024-11-28,,CANCELLED,0,false,Rural Development Agency (DRDA),Location 510,28.671478,77.308443,false,false,
ESK-1511,DIST_102,201,Work 512: SANITATION Project at Location 511,Synthetic work description for demo data import,SANITATION,1981740,759667,1981740,2026-02-02,2026-03-01,2026-09-05,COMPLETED,100,true,Public Works Department (PWD),Location 511,28.558590,77.361023,false,false,MOBILISATION_ADVANCE:2026-03-15:297261|RUNNING_BILL:2026-07-09:462406
ESK-1512,DIST_104,203,Work 513: OTHER Project at Location 512,Synthetic work description for demo data import,OTHER,4018262,0,0,2026-05-11,,,NOT_STARTED,0,false,Irrigation & Flood Control Dept,Location 512,28.715705,77.266515,false,false,
ESK-1513,DIST_103,203,Work 514: EDUCATION Project at Location 513,Synthetic work description for demo data import,EDUCATION,1826488,1826488,1826488,2024-06-27,2024-08-03,2025-04-06,COMPLETED,100,true,Rural Development Agency (DRDA),Location 513,28.592289,77.393754,false,false,MOBILISATION_ADVANCE:2024-09-04:273973|RUNNING_BILL:2024-12-29:639271|RUNNING_BILL:2025-02-24:639271|FINAL_BILL:2025-05-10:182649|RETENTION_RELEASE:2025-11-06:91324
ESK-1514,DIST_101,201,Work 515: EDUCATION Project at Location 514,Synthetic work description for demo data import,EDUCATION,252592,37889,252592,2023-01-15,2023-02-25,2024-04-21,COMPLETED,100,true,Irrigation & Flood Control Dept,Location 514,28.712610,77.208008,false,false,MOBILISATION_ADVANCE:2023-03-18:37889
ESK-1515,DIST_102,202,Work 516: HEALTH Project at Location 515,Synthetic work description for demo data import,HEALTH,1735216,1735217,1735216,2023-11-17,2023-12-19,2025-03-10,COMPLETED,100,true,Rural Development Agency (DRDA),Location 515,28.536518,77.357293,false,false,MOBILISATION_ADVANCE:2024-01-01:260282|RUNNING_BILL:2024-05-09:303663|RUNNING_BILL:2024-07-20:303663|RUNNING_BILL:2024-09-15:303663|RUNNING_BILL:2024-11-22:303663|FINAL_BILL:2025-02-05:173522|RETENTION_RELEASE:2025-08-04:86761
ESK-1516,DIST_103,204,Work 517: OTHER Project at Location 516,Synthetic work description for demo data import,OTHER,1193716,1193715,1193716,2023-04-06,2023-05-14,2025-02-05,COMPLETED,100,true,Municipal Corporation,Location 516,28.737538,77.256925,false,false,MOBILISATION_ADVANCE:2023-06-15:179057|RUNNING_BILL:2023-09-10:208900|RUNNING_BILL:2023-11-14:208900|RUNNING_BILL:2024-01-19:208900|RUNNING_BILL:2024-03-22:208900|FINAL_BILL:2024-06-05:119372|RETENTION_RELEASE:2024-12-02:59686
ESK-1517,DIST_101,204,Work 518: DRINKING_WATER Project at Location 517,Synthetic work description for demo data import,DRINKING_WATER,835644,835643,835644,2025-02-06,2025-02-16,2025-08-26,COMPLETED,100,false,Rural Development Agency (DRDA),Location 517,28.688953,77.302200,false,false,MOBILISATION_ADVANCE:2025-03-14:125347|RUNNING_BILL:2025-06-21:292475|RUNNING_BILL:2025-08-05:292475|FINAL_BILL:2025-10-19:83564|RETENTION_RELEASE:2026-04-17:41782
ESK-1518,DIST_101,203,Work 519: OTHER Project at Location 518,Synthetic work description for demo data import,OTHER,2344557,1992872,2344557,2025-08-28,2025-09-24,2026-09-05,COMPLETED,100,true,Public Works Department (PWD),Location 518,28.628274,77.206256,false,false,MOBILISATION_ADVANCE:2025-10-06:351684|RUNNING_BILL:2026-02-04:410297|RUNNING_BILL:2026-03-27:410297|RUNNING_BILL:2026-05-11:410297|RUNNING_BILL:2026-07-20:410297
ESK-1519,DIST_104,204,Work 520: EDUCATION Project at Location 519,Synthetic work description for demo data import,EDUCATION,2456445,0,0,2026-08-06,,,NOT_STARTED,0,false,Irrigation & Flood Control Dept,Location 519,28.502836,77.227659,false,false,
ESK-1520,DIST_102,203,Work 521: ROADS_BRIDGES Project at Location 520,Synthetic work description for demo data import,ROADS_BRIDGES,1241358,186204,1241358,2022-11-13,2022-12-19,2023-05-30,COMPLETED,100,true,Municipal Corporation,Location 520,28.695604,77.162129,false,false,MOBILISATION_ADVANCE:2023-01-10:186204
ESK-1521,DIST_104,202,Work 522: ROADS_BRIDGES Project at Location 521,Synthetic work description for demo data import,ROADS_BRIDGES,3714526,0,0,2026-07-19,,,CANCELLED,0,false,Irrigation & Flood Control Dept,Location 521,28.738843,77.197143,false,false,
ESK-1522,DIST_103,203,Work 523: ROADS_BRIDGES Project at Location 522,Synthetic work description for demo data import,ROADS_BRIDGES,1251001,1063350,1251001,2025-09-03,2025-09-23,2026-06-23,COMPLETED,100,true,Municipal Corporation,Location 522,28.722777,77.333177,false,false,MOBILISATION_ADVANCE:2025-11-04:187650|RUNNING_BILL:2026-02-01:218925|RUNNING_BILL:2026-04-19:218925|RUNNING_BILL:2026-06-03:218925|RUNNING_BILL:2026-08-09:218925
ESK-1523,DIST_101,202,Work 524: ROADS_BRIDGES Project at Location 523,Synthetic work description for demo data import,ROADS_BRIDGES,1869906,0,1869906,2025-10-04,2025-10-10,2026-05-20,COMPLETED,100,true,Irrigation & Flood Control Dept,Location 523,28.643900,77.180508,false,false,
ESK-1524,DIST_101,202,Work 525: HEALTH Project at Location 524,Synthetic work description for demo data import,HEALTH,2444443,760222,1864449,2025-07-11,2025-08-28,,IN_PROGRESS,23,false,Rural Development Agency (DRDA),Location 524,28.641636,77.333495,false,false,MOBILISATION_ADVANCE:2025-10-02:366666|RUNNING_BILL:2026-01-22:196778|RUNNING_BILL:2026-03-08:196778
ESK-1525,DIST_103,204,Work 526: DRINKING_WATER Project at Location 525,Synthetic work description for demo data import,DRINKING_WATER,1427504,1427503,1427504,2023-12-12,2023-12-26,2025-05-06,COMPLETED,100,true,Municipal Corporation,Location 525,28.725871,77.355729,false,false,MOBILISATION_ADVANCE:2024-01-05:214126|RUNNING_BILL:2024-05-14:333084|RUNNING_BILL:2024-07-27:333084|RUNNING_BILL:2024-10-24:333084|FINAL_BILL:2025-01-07:142750|RETENTION_RELEASE:2025-07-06:71375
ESK-1526,DIST_103,201,Work 527: SANITATION Project at Location 526,Synthetic work description for demo data import,SANITATION,3803457,810138,2632645,2025-02-19,2025-04-03,,IN_PROGRESS,9,false,Irrigation & Flood Control Dept,Location 526,28.635995,77.175382,false,false,MOBILISATION_ADVANCE:2025-04-16:570519|RUNNING_BILL:2025-07-24:79873|RUNNING_BILL:2025-10-18:79873|RUNNING_BILL:2025-12-14:79873
ESK-1527,DIST_104,204,Work 528: OTHER Project at Location 527,Synthetic work description for demo data import,OTHER,2452474,2452474,2452474,2023-12-25,2024-02-02,2024-11-23,COMPLETED,100,true,Rural Development Agency (DRDA),Location 527,28.745351,77.289136,true,false,MOBILISATION_ADVANCE:2024-03-05:367871|RUNNING_BILL:2024-07-01:858366|RUNNING_BILL:2024-08-24:858366|FINAL_BILL:2024-11-07:245247|RETENTION_RELEASE:2025-05-06:122624
ESK-1528,DIST_104,201,Work 529: HEALTH Project at Location 528,Synthetic work description for demo data import,HEALTH,2635186,2635188,2635186,2024-02-04,2024-02-13,2024-06-25,COMPLETED,100,true,Rural Development Agency (DRDA),Location 528,28.536583,77.295832,false,false,MOBILISATION_ADVANCE:2024-02-28:395278|RUNNING_BILL:2024-07-11:461158|RUNNING_BILL:2024-10-03:461158|RUNNING_BILL:2024-11-30:461158|RUNNING_BILL:2025-02-16:461158|FINAL_BILL:2025-05-02:263519|RETENTION_RELEASE:2025-10-29:131759
ESK-1529,DIST_101,202,Work 530: OTHER Project at Location 529,Synthetic work description for demo data import,OTHER,1542223,231333,11819,2025-04-21,2025-05-11,,IN_PROGRESS,43,false,Irrigation & Flood Control Dept,Location 529,28.729899,77.277672,false,false,MOBILISATION_ADVANCE:2025-06-21:231333
ESK-1530,DIST_101,203,Work 531: HEALTH Project at Location 530,Synthetic work description for demo data import,HEALTH,1645610,1645612,1645610,2025-01-27,2025-02-28,2026-09-05,COMPLETED,100,false,Public Works Department (PWD),Location 530,28.561117,77.172381,false,false,MOBILISATION_ADVANCE:2025-03-19:246842|RUNNING_BILL:2025-06-25:575964|RUNNING_BILL:2025-09-03:575964|FINAL_BILL:2025-11-17:164561|RETENTION_RELEASE:2026-05-16:82281
ESK-1531,DIST_102,203,Work 532: DRINKING_WATER Project at Location 531,Synthetic work description for demo data import,DRINKING_WATER,874424,830702,874424,2025-03-11,2025-04-27,2026-09-05,COMPLETED,100,false,Irrigation & Flood Control Dept,Location 531,28.661029,77.322761,true,false,MOBILISATION_ADVANCE:2025-05-20:131164|RUNNING_BILL:2025-09-17:204032|RUNNING_BILL:2025-11-10:204032|RUNNING_BILL:2026-01-08:204032|FINAL_BILL:2026-03-24:87442
ESK-1532,DIST_103,203,Work 533: SANITATION Project at Location 532,Synthetic work description for demo data import,SANITATION,1919792,0,1919792,2025-11-18,2025-11-27,2026-07-15,COMPLETED,100,true,Municipal Corporation,Location 532,28.605179,77.155397,false,false,
ESK-1533,DIST_103,204,Work 534: HEALTH Project at Location 533,Synthetic work description for demo data import,HEALTH,1686891,253034,1686891,2025-10-26,2025-11-29,2026-09-05,COMPLETED,100,false,Public Works Department (PWD),Location 533,28.613400,77.374076,false,true,MOBILISATION_ADVANCE:2025-12-16:253034
ESK-1534,DIST_102,201,Work 535: SANITATION Project at Location 534,Synthetic work description for demo data import,SANITATION,3170454,2206637,0,2025-05-08,2025-05-23,,ON_HOLD,78,false,Rural Development Agency (DRDA),Location 534,28.551340,77.397816,false,false,MOBILISATION_ADVANCE:2025-06-20:475568|RUNNING_BILL:2025-09-21:577023|RUNNING_BILL:2025-11-08:577023|RUNNING_BILL:2026-01-02:577023
ESK-1535,DIST_101,202,Work 536: OTHER Project at Location 535,Synthetic work description for demo data import,OTHER,1467515,1467515,1467515,2023-10-12,2023-11-01,2025-09-10,COMPLETED,100,true,Rural Development Agency (DRDA),Location 535,28.659019,77.335086,false,false,MOBILISATION_ADVANCE:2023-12-06:220127|RUNNING_BILL:2024-03-29:256815|RUNNING_BILL:2024-06-07:256815|RUNNING_BILL:2024-09-01:256815|RUNNING_BILL:2024-10-23:256815|FINAL_BILL:2025-01-06:146752|RETENTION_RELEASE:2025-07-05:73376
ESK-1536,DIST_101,203,Work 537: SANITATION Project at Location 536,Synthetic work description for demo data import,SANITATION,2677604,1263829,254215,2024-04-18,2024-05-11,,IN_PROGRESS,46,false,Rural Development Agency (DRDA),Location 536,28.736868,77.338362,false,false,MOBILISATION_ADVANCE:2024-06-18:401641|RUNNING_BILL:2024-09-22:862188
ESK-1537,DIST_101,201,Work 538: DRINKING_WATER Project at Location 537,Synthetic work description for demo data import,DRINKING_WATER,2450497,830719,786987,2023-08-13,2023-08-18,,IN_PROGRESS,27,false,Municipal Corporation,Location 537,28.638827,77.336295,false,false,MOBILISATION_ADVANCE:2023-09-22:367575|RUNNING_BILL:2023-12-15:463144
ESK-1538,DIST_103,203,Work 539: HEALTH Project at Location 538,Synthetic work description for demo data import,HEALTH,3373486,506023,0,2023-05-17,2023-05-29,,NOT_STARTED,0,false,Municipal Corporation,Location 538,28.551039,77.392757,false,false,MOBILISATION_ADVANCE:2023-07-02:506023
ESK-1539,DIST_102,203,Work 540: OTHER Project at Location 539,Synthetic work description for demo data import,OTHER,346874,52031,346874,2024-01-07,2024-02-21,2025-07-30,COMPLETED,100,true,Municipal Corporation,Location 539,28.514233,77.338162,false,false,MOBILISATION_ADVANCE:2024-03-21:52031
ESK-1540,DIST_101,202,Work 541: OTHER Project at Location 540,Synthetic work description for demo data import,OTHER,1729905,0,1729905,2025-05-09,2025-06-13,2026-09-05,COMPLETED,100,false,Public Works Department (PWD),Location 540,28.571302,77.155723,false,false,
ESK-1541,DIST_104,203,Work 542: EDUCATION Project at Location 541,Synthetic work description for demo data import,EDUCATION,2003197,468748,733518,2024-04-07,2024-05-20,,IN_PROGRESS,12,false,Public Works Department (PWD),Location 541,28.592267,77.293900,true,true,MOBILISATION_ADVANCE:2024-06-22:300480|RUNNING_BILL:2024-10-07:84134|RUNNING_BILL:2024-12-13:84134
ESK-1542,DIST_103,201,Work 543: ROADS_BRIDGES Project at Location 542,Synthetic work description for demo data import,ROADS_BRIDGES,3734628,0,0,2026-05-16,,,NOT_STARTED,0,false,Rural Development Agency (DRDA),Location 542,28.509293,77.299307,false,false,
ESK-1543,DIST_102,201,Work 544: DRINKING_WATER Project at Location 543,Synthetic work description for demo data import,DRINKING_WATER,961677,961676,961677,2024-07-03,2024-07-15,2026-03-08,COMPLETED,100,true,Public Works Department (PWD),Location 543,28.597200,77.262598,false,false,MOBILISATION_ADVANCE:2024-08-28:144252|RUNNING_BILL:2024-11-05:168293|RUNNING_BILL:2025-01-18:168293|RUNNING_BILL:2025-03-25:168293|RUNNING_BILL:2025-06-16:168293|FINAL_BILL:2025-08-30:96168|RETENTION_RELEASE:2026-02-26:48084
ESK-1544,DIST_103,204,Work 545: DRINKING_WATER Project at Location 544,Synthetic work description for demo data import,DRINKING_WATER,2603571,2603572,2603571,2023-12-15,2024-01-23,2024-10-14,COMPLETED,100,true,Municipal Corporation,Location 544,28.537047,77.248989,false,true,MOBILISATION_ADVANCE:2024-02-09:390536|RUNNING_BILL:2024-06-12:911250|RUNNING_BILL:2024-07-30:911250|FINAL_BILL:2024-10-13:260357|RETENTION_RELEASE:2025-04-11:130179
ESK-1545,DIST_104,201,Work 546: SANITATION Project at Location 545,Synthetic work description for demo data import,SANITATION,2917786,580639,1570500,2024-06-26,2024-07-21,,IN_PROGRESS,7,false,Public Works Department (PWD),Location 545,28.617892,77.153422,false,false,MOBILISATION_ADVANCE:2024-08-11:437668|RUNNING_BILL:2024-11-08:47657|RUNNING_BILL:2025-01-25:47657|RUNNING_BILL:2025-04-15:47657
ESK-1546,DIST_103,203,Work 547: SANITATION Project at Location 546,Synthetic work description for demo data import,SANITATION,2460713,799732,2460713,2026-04-09,2026-05-04,2026-09-05,COMPLETED,100,true,Municipal Corporation,Location 546,28.554882,77.167710,false,false,MOBILISATION_ADVANCE:2026-05-24:369107|RUNNING_BILL:2026-08-23:430625
ESK-1547,DIST_102,204,Work 548: ROADS_BRIDGES Project at Location 547,Synthetic work description for demo data import,ROADS_BRIDGES,1162158,1162160,1162158,2024-10-08,2024-11-13,2026-09-05,COMPLETED,100,true,Public Works Department (PWD),Location 547,28.606495,77.343532,false,true,MOBILISATION_ADVANCE:2024-12-09:174324|RUNNING_BILL:2025-03-06:203378|RUNNING_BILL:2025-04-26:203378|RUNNING_BILL:2025-07-12:203378|RUNNING_BILL:2025-09-12:203378|FINAL_BILL:2025-11-26:116216|RETENTION_RELEASE:2026-05-25:58108
ESK-1548,DIST_102,203,Work 549: HEALTH Project at Location 548,Synthetic work description for demo data import,HEALTH,3546409,2269702,1707083,2024-07-04,2024-07-29,,IN_PROGRESS,70,false,Public Works Department (PWD),Location 548,28.701581,77.170185,false,false,MOBILISATION_ADVANCE:2024-08-31:531961|RUNNING_BILL:2024-11-21:579247|RUNNING_BILL:2025-02-09:579247|RUNNING_BILL:2025-04-21:579247
ESK-1549,DIST_103,202,Work 550: OTHER Project at Location 549,Synthetic work description for demo data import,OTHER,1039830,155975,1039830,2026-02-28,2026-03-08,2026-09-05,COMPLETED,100,false,Rural Development Agency (DRDA),Location 549,28.723876,77.396901,false,false,MOBILISATION_ADVANCE:2026-03-25:155975
ESK-1550,DIST_102,201,Work 551: EDUCATION Project at Location 550,Synthetic work description for demo data import,EDUCATION,1156286,0,0,2024-02-23,2024-03-04,,CANCELLED,0,false,Public Works Department (PWD),Location 550,28.570360,77.259498,false,false,
ESK-1551,DIST_101,201,Work 552: SANITATION Project at Location 551,Synthetic work description for demo data import,SANITATION,2080109,1040054,2080109,2026-01-16,2026-02-02,2026-09-05,COMPLETED,100,true,Municipal Corporation,Location 551,28.713579,77.288229,false,true,MOBILISATION_ADVANCE:2026-03-17:312016|RUNNING_BILL:2026-06-27:364019|RUNNING_BILL:2026-09-02:364019
ESK-1552,DIST_101,202,Work 553: EDUCATION Project at Location 552,Synthetic work description for demo data import,EDUCATION,1816306,1816308,1816306,2023-09-15,2023-09-23,2024-10-22,COMPLETED,100,true,Rural Development Agency (DRDA),Location 552,28.544351,77.246733,false,false,MOBILISATION_ADVANCE:2023-10-14:272446|RUNNING_BILL:2024-01-31:317854|RUNNING_BILL:2024-04-14:317854|RUNNING_BILL:2024-06-01:317854|RUNNING_BILL:2024-08-28:317854|FINAL_BILL:2024-11-11:181631|RETENTION_RELEASE:2025-05-10:90815
ESK-1553,DIST_103,202,Work 554: DRINKING_WATER Project at Location 553,Synthetic work description for demo data import,DRINKING_WATER,2990549,0,0,2026-07-05,,,NOT_STARTED,0,false,Public Works Department (PWD),Location 553,28.534106,77.237430,false,false,
ESK-1554,DIST_104,201,Work 555: DRINKING_WATER Project at Location 554,Synthetic work description for demo data import,DRINKING_WATER,704243,475365,704243,2025-12-06,2025-12-15,2026-09-05,COMPLETED,100,false,Rural Development Agency (DRDA),Location 554,28.560087,77.219488,false,false,MOBILISATION_ADVANCE:2026-01-01:105636|RUNNING_BILL:2026-05-06:123243|RUNNING_BILL:2026-06-20:123243|RUNNING_BILL:2026-08-24:123243
ESK-1555,DIST_101,202,Work 556: DRINKING_WATER Project at Location 555,Synthetic work description for demo data import,DRINKING_WATER,1233914,1233913,1233914,2024-08-21,2024-09-15,2025-10-06,COMPLETED,100,true,Municipal Corporation,Location 555,28.602287,77.268885,false,false,MOBILISATION_ADVANCE:2024-10-17:185087|RUNNING_BILL:2025-01-14:287913|RUNNING_BILL:2025-03-27:287913|RUNNING_BILL:2025-05-12:287913|FINAL_BILL:2025-07-26:123391|RETENTION_RELEASE:2026-01-22:61696
ESK-1556,DIST_102,201,Work 557: EDUCATION Project at Location 556,Synthetic work description for demo data import,EDUCATION,193777,184089,193777,2025-03-27,2025-04-29,2025-09-24,COMPLETED,100,true,Rural Development Agency (DRDA),Location 556,28.580520,77.398090,true,false,MOBILISATION_ADVANCE:2025-05-27:29067|RUNNING_BILL:2025-09-19:33911|RUNNING_BILL:2025-11-22:33911|RUNNING_BILL:2026-01-13:33911|RUNNING_BILL:2026-03-03:33911|FINAL_BILL:2026-05-17:19378
ESK-1557,DIST_103,203,Work 558: ROADS_BRIDGES Project at Location 557,Synthetic work description for demo data import,ROADS_BRIDGES,910255,0,910255,2024-12-17,2025-01-23,2025-12-21,COMPLETED,100,false,Rural Development Agency (DRDA),Location 557,28.639063,77.387988,false,false,
ESK-1558,DIST_102,204,Work 559: DRINKING_WATER Project at Location 558,Synthetic work description for demo data import,DRINKING_WATER,2787710,925520,1619898,2023-04-26,2023-05-27,,IN_PROGRESS,26,false,Municipal Corporation,Location 558,28.731386,77.251813,false,false,MOBILISATION_ADVANCE:2023-06-12:418157|RUNNING_BILL:2023-09-19:507363
ESK-1559,DIST_104,204,Work 560: HEALTH Project at Location 559,Synthetic work description for demo data import,HEALTH,581849,581849,581849,2023-02-15,2023-02-25,2024-03-23,COMPLETED,100,true,Rural Development Agency (DRDA),Location 559,28.541146,77.340334,false,false,MOBILISATION_ADVANCE:2023-04-06:87277|RUNNING_BILL:2023-07-05:135765|RUNNING_BILL:2023-08-30:135765|RUNNING_BILL:2023-10-23:135765|FINAL_BILL:2024-01-06:58185|RETENTION_RELEASE:2024-07-04:29092
ESK-1560,DIST_101,202,Work 561: SANITATION Project at Location 560,Synthetic work description for demo data import,SANITATION,3756054,563408,0,2022-08-29,2022-10-04,,ON_HOLD,94,false,Rural Development Agency (DRDA),Location 560,28.558202,77.212508,true,false,MOBILISATION_ADVANCE:2022-11-05:563408
ESK-1561,DIST_102,201,Work 562: HEALTH Project at Location 561,Synthetic work description for demo data import,HEALTH,2660718,2660718,2660718,2024-11-21,2025-01-04,2025-10-01,COMPLETED,100,true,Municipal Corporation,Location 561,28.575989,77.224849,true,false,MOBILISATION_ADVANCE:2025-02-04:399108|RUNNING_BILL:2025-05-14:620834|RUNNING_BILL:2025-07-09:620834|RUNNING_BILL:2025-08-30:620834|FINAL_BILL:2025-11-13:266072|RETENTION_RELEASE:2026-05-12:133036
ESK-1562,DIST_102,201,Work 563: OTHER Project at Location 562,Synthetic work description for demo data import,OTHER,2407909,923031,2407909,2026-03-15,2026-04-14,2026-09-05,COMPLETED,100,true,Rural Development Agency (DRDA),Location 562,28.661972,77.151513,false,false,MOBILISATION_ADVANCE:2026-05-29:361186|RUNNING_BILL:2026-08-17:561845
ESK-1563,DIST_103,203,Work 564: EDUCATION Project at Location 563,Synthetic work description for demo data import,EDUCATION,1431924,1360329,1431924,2025-04-22,2025-05-23,2026-01-17,COMPLETED,100,false,Public Works Department (PWD),Location 563,28.707373,77.218645,true,false,MOBILISATION_ADVANCE:2025-06-29:214789|RUNNING_BILL:2025-10-11:334116|RUNNING_BILL:2025-12-13:334116|RUNNING_BILL:2026-02-23:334116|FINAL_BILL:2026-05-09:143192
ESK-1564,DIST_102,203,Work 565: HEALTH Project at Location 564,Synthetic work description for demo data import,HEALTH,949970,0,949970,2022-07-29,2022-08-09,2023-06-22,COMPLETED,100,true,Irrigation & Flood Control Dept,Location 564,28.712394,77.171652,false,false,
ESK-1565,DIST_103,202,Work 566: OTHER Project at Location 565,Synthetic work description for demo data import,OTHER,2558803,1279401,2558803,2026-03-30,2026-04-12,2026-09-05,COMPLETED,100,false,Rural Development Agency (DRDA),Location 565,28.721847,77.366099,false,false,MOBILISATION_ADVANCE:2026-05-07:383820|RUNNING_BILL:2026-08-28:895581
ESK-1566,DIST_102,203,Work 567: HEALTH Project at Location 566,Synthetic work description for demo data import,HEALTH,2956315,567612,2253203,2025-01-06,2025-02-22,,IN_PROGRESS,6,false,Municipal Corporation,Location 566,28.533365,77.350859,true,false,MOBILISATION_ADVANCE:2025-03-15:443447|RUNNING_BILL:2025-06-11:124165
ESK-1567,DIST_103,201,Work 568: ROADS_BRIDGES Project at Location 567,Synthetic work description for demo data import,ROADS_BRIDGES,1133549,566774,1133549,2026-03-21,2026-05-10,2026-09-05,COMPLETED,100,true,Rural Development Agency (DRDA),Location 567,28.666610,77.185694,false,false,MOBILISATION_ADVANCE:2026-06-15:170032|RUNNING_BILL:2026-09-04:396742
ESK-1568,DIST_101,201,Work 569: OTHER Project at Location 568,Synthetic work description for demo data import,OTHER,4224532,3561281,0,2025-03-08,2025-03-27,,ON_HOLD,99,false,Public Works Department (PWD),Location 568,28.728647,77.383327,false,false,MOBILISATION_ADVANCE:2025-04-22:633680|RUNNING_BILL:2025-08-08:2927601
ESK-1569,DIST_102,202,Work 570: ROADS_BRIDGES Project at Location 569,Synthetic work description for demo data import,ROADS_BRIDGES,2680786,2680787,2680786,2024-01-06,2024-01-31,2025-01-28,COMPLETED,100,false,Municipal Corporation,Location 569,28.606869,77.236182,false,false,MOBILISATION_ADVANCE:2024-03-09:402118|RUNNING_BILL:2024-06-09:625517|RUNNING_BILL:2024-08-24:625517|RUNNING_BILL:2024-10-29:625517|FINAL_BILL:2025-01-12:268079|RETENTION_RELEASE:2025-07-11:134039
ESK-1570,DIST_102,204,Work 571: DRINKING_WATER Project at Location 570,Synthetic work description for demo data import,DRINKING_WATER,4399277,906252,1626814,2023-10-27,2023-11-16,,IN_PROGRESS,8,false,Irrigation & Flood Control Dept,Location 570,28.621352,77.259843,false,false,MOBILISATION_ADVANCE:2023-12-29:659892|RUNNING_BILL:2024-04-04:123180|RUNNING_BILL:2024-06-18:123180
ESK-1571,DIST_101,202,Work 572: HEALTH Project at Location 571,Synthetic work description for demo data import,HEALTH,2783848,2783846,2783848,2024-10-03,2024-10-12,2026-03-18,COMPLETED,100,true,Public Works Department (PWD),Location 571,28.537794,77.207357,false,false,MOBILISATION_ADVANCE:2024-11-21:417577|RUNNING_BILL:2025-02-26:487173|RUNNING_BILL:2025-04-22:487173|RUNNING_BILL:2025-07-14:487173|RUNNING_BILL:2025-08-31:487173|FINAL_BILL:2025-11-14:278385|RETENTION_RELEASE:2026-05-13:139192
ESK-1572,DIST_101,201,Work 573: OTHER Project at Location 572,Synthetic work description for demo data import,OTHER,251614,155162,251614,2025-12-18,2026-01-03,2026-09-05,COMPLETED,100,true,Irrigation & Flood Control Dept,Location 572,28.693391,77.206356,true,true,MOBILISATION_ADVANCE:2026-01-18:37742|RUNNING_BILL:2026-05-09:58710|RUNNING_BILL:2026-07-30:58710
ESK-1573,DIST_102,204,Work 574: SANITATION Project at Location 573,Synthetic work description for demo data import,SANITATION,339248,50887,177196,2025-09-30,2025-11-03,,IN_PROGRESS,20,false,Irrigation & Flood Control Dept,Location 573,28.742629,77.300877,true,false,MOBILISATION_ADVANCE:2025-11-27:50887
ESK-1574,DIST_102,201,Work 575: DRINKING_WATER Project at Location 574,Synthetic work description for demo data import,DRINKING_WATER,178910,178910,178910,2023-08-05,2023-08-30,2024-05-29,COMPLETED,100,true,Municipal Corporation,Location 574,28.502726,77.218913,false,false,MOBILISATION_ADVANCE:2023-09-28:26837|RUNNING_BILL:2024-01-01:31309|RUNNING_BILL:2024-03-24:31309|RUNNING_BILL:2024-05-11:31309|RUNNING_BILL:2024-07-02:31309|FINAL_BILL:2024-09-15:17891|RETENTION_RELEASE:2025-03-14:8946
ESK-1575,DIST_104,202,Work 576: OTHER Project at Location 575,Synthetic work description for demo data import,OTHER,1465648,219847,0,2024-04-26,2024-06-06,,NOT_STARTED,0,false,Public Works Department (PWD),Location 575,28.733132,77.316793,true,false,MOBILISATION_ADVANCE:2024-06-27:219847|RUNNING_BILL:2024-10-15:0|RUNNING_BILL:2025-01-02:0|RUNNING_BILL:2025-03-15:0
ESK-1576,DIST_104,201,Work 577: HEALTH Project at Location 576,Synthetic work description for demo data import,HEALTH,777835,116675,777835,2023-03-26,2023-03-31,2023-09-20,COMPLETED,100,false,Municipal Corporation,Location 576,28.714383,77.285365,false,false,MOBILISATION_ADVANCE:2023-05-15:116675
ESK-1577,DIST_103,202,Work 578: DRINKING_WATER Project at Location 577,Synthetic work description for demo data import,DRINKING_WATER,3721221,1365688,318319,2025-04-09,2025-04-15,,IN_PROGRESS,31,false,Municipal Corporation,Location 577,28.511039,77.172362,false,false,MOBILISATION_ADVANCE:2025-05-04:558183|RUNNING_BILL:2025-09-09:807505
ESK-1578,DIST_103,202,Work 579: SANITATION Project at Location 578,Synthetic work description for demo data import,SANITATION,1805081,1256337,1157010,2025-06-18,2025-07-27,,IN_PROGRESS,78,false,Rural Development Agency (DRDA),Location 578,28.638699,77.166505,false,false,MOBILISATION_ADVANCE:2025-08-25:270762|RUNNING_BILL:2025-11-09:328525|RUNNING_BILL:2026-01-28:328525|RUNNING_BILL:2026-04-07:328525
ESK-1579,DIST_102,201,Work 580: ROADS_BRIDGES Project at Location 579,Synthetic work description for demo data import,ROADS_BRIDGES,228558,34284,222780,2023-03-29,2023-04-03,,IN_PROGRESS,39,false,Rural Development Agency (DRDA),Location 579,28.723401,77.180200,false,false,MOBILISATION_ADVANCE:2023-04-17:34284
ESK-1580,DIST_102,203,Work 581: OTHER Project at Location 580,Synthetic work description for demo data import,OTHER,2952633,2952634,2952633,2022-10-30,2022-12-05,2023-12-11,COMPLETED,100,true,Public Works Department (PWD),Location 580,28.602179,77.389716,false,false,MOBILISATION_ADVANCE:2022-12-18:442895|RUNNING_BILL:2023-04-11:688948|RUNNING_BILL:2023-07-10:688948|RUNNING_BILL:2023-09-18:688948|FINAL_BILL:2023-12-02:295263|RETENTION_RELEASE:2024-05-30:147632
ESK-1581,DIST_101,203,Work 582: ROADS_BRIDGES Project at Location 581,Synthetic work description for demo data import,ROADS_BRIDGES,4896771,2756882,4303245,2023-08-23,2023-10-06,,IN_PROGRESS,59,false,Public Works Department (PWD),Location 581,28.604879,77.297119,false,false,MOBILISATION_ADVANCE:2023-11-02:734516|RUNNING_BILL:2024-02-10:674122|RUNNING_BILL:2024-04-24:674122|RUNNING_BILL:2024-07-23:674122
ESK-1582,DIST_102,203,Work 583: EDUCATION Project at Location 582,Synthetic work description for demo data import,EDUCATION,1230409,1230410,1230409,2022-09-09,2022-10-08,2023-02-06,COMPLETED,100,true,Rural Development Agency (DRDA),Location 582,28.552315,77.236209,false,false,MOBILISATION_ADVANCE:2022-10-28:184561|RUNNING_BILL:2023-02-02:215322|RUNNING_BILL:2023-03-23:215322|RUNNING_BILL:2023-06-18:215322|RUNNING_BILL:2023-08-02:215322|FINAL_BILL:2023-10-16:123041|RETENTION_RELEASE:2024-04-13:61520
ESK-1583,DIST_102,201,Work 584: SANITATION Project at Location 583,Synthetic work description for demo data import,SANITATION,1659885,0,1659885,2023-01-22,2023-03-10,2024-11-07,COMPLETED,100,true,Irrigation & Flood Control Dept,Location 583,28.663433,77.184541,false,false,
ESK-1584,DIST_102,202,Work 585: EDUCATION Project at Location 584,Synthetic work description for demo data import,EDUCATION,4620673,3086609,1332233,2022-12-25,2023-02-02,,IN_PROGRESS,74,false,Irrigation & Flood Control Dept,Location 584,28.708596,77.322023,false,false,MOBILISATION_ADVANCE:2023-02-22:693101|RUNNING_BILL:2023-06-04:797836|RUNNING_BILL:2023-07-31:797836|RUNNING_BILL:2023-09-15:797836
ESK-1585,DIST_104,202,Work 586: ROADS_BRIDGES Project at Location 585,Synthetic work description for demo data import,ROADS_BRIDGES,1298669,1298669,1298669,2024-05-21,2024-06-26,2025-08-21,COMPLETED,100,true,Public Works Department (PWD),Location 585,28.720636,77.227186,false,false,MOBILISATION_ADVANCE:2024-07-15:194800|RUNNING_BILL:2024-10-17:303023|RUNNING_BILL:2025-01-15:303023|RUNNING_BILL:2025-03-11:303023|FINAL_BILL:2025-05-25:129867|RETENTION_RELEASE:2025-11-21:64933
ESK-1586,DIST_102,202,Work 587: OTHER Project at Location 586,Synthetic work description for demo data import,OTHER,827937,124191,827937,2023-04-24,2023-05-09,2024-12-01,COMPLETED,100,true,Municipal Corporation,Location 586,28.607643,77.190512,false,false,MOBILISATION_ADVANCE:2023-06-19:124191
ESK-1587,DIST_103,204,Work 588: ROADS_BRIDGES Project at Location 587,Synthetic work description for demo data import,ROADS_BRIDGES,2406225,360934,2406225,2026-05-27,2026-07-15,2026-09-05,COMPLETED,100,true,Public Works Department (PWD),Location 587,28.697820,77.222613,false,false,MOBILISATION_ADVANCE:2026-08-15:360934
ESK-1588,DIST_102,204,Work 589: ROADS_BRIDGES Project at Location 588,Synthetic work description for demo data import,ROADS_BRIDGES,734009,734010,734009,2024-03-24,2024-04-25,2025-06-13,COMPLETED,100,true,Rural Development Agency (DRDA),Location 588,28.633392,77.353409,false,false,MOBILISATION_ADVANCE:2024-05-18:110101|RUNNING_BILL:2024-09-18:128452|RUNNING_BILL:2024-11-07:128452|RUNNING_BILL:2025-01-04:128452|RUNNING_BILL:2025-03-02:128452|FINAL_BILL:2025-05-16:73401|RETENTION_RELEASE:2025-11-12:36700
ESK-1589,DIST_102,202,Work 590: EDUCATION Project at Location 589,Synthetic work description for demo data import,EDUCATION,1444392,0,1444392,2023-03-20,2023-05-07,2024-09-21,COMPLETED,100,false,Public Works Department (PWD),Location 589,28.739512,77.336466,false,false,
ESK-1590,DIST_101,203,Work 591: OTHER Project at Location 590,Synthetic work description for demo data import,OTHER,2534151,2534150,2534151,2022-12-21,2023-02-05,2023-09-05,COMPLETED,100,false,Municipal Corporation,Location 590,28.558019,77.387183,true,false,MOBILISATION_ADVANCE:2023-02-15:380123|RUNNING_BILL:2023-05-22:443476|RUNNING_BILL:2023-08-14:443476|RUNNING_BILL:2023-10-17:443476|RUNNING_BILL:2023-12-29:443476|FINAL_BILL:2024-03-13:253415|RETENTION_RELEASE:2024-09-09:126708
ESK-1591,DIST_102,202,Work 592: HEALTH Project at Location 591,Synthetic work description for demo data import,HEALTH,836092,131266,256921,2022-09-04,2022-09-30,,IN_PROGRESS,1,false,Municipal Corporation,Location 591,28.651121,77.247016,false,false,MOBILISATION_ADVANCE:2022-10-22:125414|RUNNING_BILL:2023-02-19:2926|RUNNING_BILL:2023-04-28:2926
ESK-1592,DIST_102,201,Work 593: OTHER Project at Location 592,Synthetic work description for demo data import,OTHER,371335,371335,371335,2024-01-17,2024-02-24,2025-07-17,COMPLETED,100,false,Rural Development Agency (DRDA),Location 592,28.670056,77.362551,false,false,MOBILISATION_ADVANCE:2024-03-12:55700|RUNNING_BILL:2024-07-23:129967|RUNNING_BILL:2024-10-10:129967|FINAL_BILL:2024-12-24:37134|RETENTION_RELEASE:2025-06-22:18567
ESK-1593,DIST_101,203,Work 594: DRINKING_WATER Project at Location 593,Synthetic work description for demo data import,DRINKING_WATER,2556642,0,2556642,2025-08-20,2025-09-07,2026-03-08,COMPLETED,100,true,Irrigation & Flood Control Dept,Location 593,28.554994,77.308539,true,false,
ESK-1594,DIST_101,202,Work 595: SANITATION Project at Location 594,Synthetic work description for demo data import,SANITATION,2502676,2502675,2502676,2023-05-16,2023-06-08,2024-03-20,COMPLETED,100,false,Municipal Corporation,Location 594,28.565014,77.312356,false,true,MOBILISATION_ADVANCE:2023-07-09:375401|RUNNING_BILL:2023-09-28:437968|RUNNING_BILL:2023-12-12:437968|RUNNING_BILL:2024-02-29:437968|RUNNING_BILL:2024-04-17:437968|FINAL_BILL:2024-07-01:250268|RETENTION_RELEASE:2024-12-28:125134
ESK-1595,DIST_101,203,Work 596: OTHER Project at Location 595,Synthetic work description for demo data import,OTHER,338554,129779,338554,2026-02-07,2026-03-26,2026-09-05,COMPLETED,100,true,Irrigation & Flood Control Dept,Location 595,28.670190,77.319382,false,false,MOBILISATION_ADVANCE:2026-05-02:50783|RUNNING_BILL:2026-08-23:78996
ESK-1596,DIST_102,201,Work 597: HEALTH Project at Location 596,Synthetic work description for demo data import,HEALTH,379332,117972,356367,2024-05-06,2024-05-16,,IN_PROGRESS,23,false,Municipal Corporation,Location 596,28.739367,77.265136,true,false,MOBILISATION_ADVANCE:2024-06-24:56900|RUNNING_BILL:2024-10-02:30536|RUNNING_BILL:2024-11-23:30536
ESK-1597,DIST_104,201,Work 598: DRINKING_WATER Project at Location 597,Synthetic work description for demo data import,DRINKING_WATER,3053221,457983,0,2023-05-17,2023-06-02,,NOT_STARTED,0,false,Public Works Department (PWD),Location 597,28.650007,77.288463,false,false,MOBILISATION_ADVANCE:2023-06-24:457983|RUNNING_BILL:2023-10-04:0|RUNNING_BILL:2023-11-25:0|RUNNING_BILL:2024-01-31:0
ESK-1598,DIST_104,202,Work 599: OTHER Project at Location 598,Synthetic work description for demo data import,OTHER,2386868,2386868,2386868,2024-08-08,2024-08-18,2026-06-23,COMPLETED,100,true,Municipal Corporation,Location 598,28.510457,77.391271,false,false,MOBILISATION_ADVANCE:2024-09-25:358030|RUNNING_BILL:2025-01-03:417702|RUNNING_BILL:2025-02-19:417702|RUNNING_BILL:2025-05-12:417702|RUNNING_BILL:2025-08-06:417702|FINAL_BILL:2025-10-20:238687|RETENTION_RELEASE:2026-04-18:119343
ESK-1599,DIST_103,202,Work 600: SANITATION Project at Location 599,Synthetic work description for demo data import,SANITATION,841148,518708,841148,2026-01-28,2026-02-04,2026-09-05,COMPLETED,100,false,Municipal Corporation,Location 599,28.621348,77.169633,false,false,MOBILISATION_ADVANCE:2026-02-24:126172|RUNNING_BILL:2026-06-24:196268|RUNNING_BILL:2026-08-29:196268
ESK-1600,DIST_104,201,Work 601: EDUCATION Project at Location 600,Synthetic work description for demo data import,EDUCATION,572458,572460,572458,2023-01-10,2023-01-23,2024-04-28,COMPLETED,100,true,Irrigation & Flood Control Dept,Location 600,28.612972,77.221125,false,false,MOBILISATION_ADVANCE:2023-03-03:85869|RUNNING_BILL:2023-06-18:133574|RUNNING_BILL:2023-08-15:133574|RUNNING_BILL:2023-11-12:133574|FINAL_BILL:2024-01-26:57246|RETENTION_RELEASE:2024-07-24:28623
ESK-1601,DIST_101,203,Work 602: EDUCATION Project at Location 601,Synthetic work description for demo data import,EDUCATION,2269360,944054,1380757,2026-02-15,2026-03-12,,IN_PROGRESS,76,false,Public Works Department (PWD),Location 601,28.742067,77.242289,false,false,MOBILISATION_ADVANCE:2026-03-22:340404|RUNNING_BILL:2026-07-22:603650
ESK-1602,DIST_104,204,Work 603: EDUCATION Project at Location 602,Synthetic work description for demo data import,EDUCATION,1724670,1724672,1724670,2024-12-10,2025-01-20,2025-09-25,COMPLETED,100,false,Irrigation & Flood Control Dept,Location 602,28.547073,77.359694,true,false,MOBILISATION_ADVANCE:2025-02-01:258701|RUNNING_BILL:2025-05-11:603635|RUNNING_BILL:2025-07-10:603635|FINAL_BILL:2025-09-23:172467|RETENTION_RELEASE:2026-03-22:86234
ESK-1603,DIST_103,202,Work 604: HEALTH Project at Location 603,Synthetic work description for demo data import,HEALTH,1238368,0,1238368,2022-12-26,2023-02-05,2024-03-19,COMPLETED,100,false,Irrigation & Flood Control Dept,Location 603,28.730785,77.156665,true,false,
ESK-1604,DIST_103,204,Work 605: OTHER Project at Location 604,Synthetic work description for demo data import,OTHER,1451961,0,1451961,2024-07-24,2024-09-06,2026-02-27,COMPLETED,100,true,Municipal Corporation,Location 604,28.555924,77.235354,false,false,
ESK-1605,DIST_101,201,Work 606: DRINKING_WATER Project at Location 605,Synthetic work description for demo data import,DRINKING_WATER,3445215,757946,1439395,2024-01-01,2024-01-21,,IN_PROGRESS,10,false,Public Works Department (PWD),Location 605,28.687966,77.280916,false,false,MOBILISATION_ADVANCE:2024-02-06:516782|RUNNING_BILL:2024-05-28:80388|RUNNING_BILL:2024-08-25:80388|RUNNING_BILL:2024-10-20:80388
ESK-1606,DIST_101,203,Work 607: ROADS_BRIDGES Project at Location 606,Synthetic work description for demo data import,ROADS_BRIDGES,412027,61804,412027,2024-02-29,2024-03-15,2024-09-19,COMPLETED,100,true,Irrigation & Flood Control Dept,Location 606,28.538279,77.288611,false,false,MOBILISATION_ADVANCE:2024-04-25:61804
ESK-1607,DIST_102,204,Work 608: HEALTH Project at Location 607,Synthetic work description for demo data import,HEALTH,851438,217116,700338,2024-06-13,2024-07-08,,IN_PROGRESS,15,false,Municipal Corporation,Location 607,28.687083,77.159432,false,false,MOBILISATION_ADVANCE:2024-08-20:127716|RUNNING_BILL:2024-10-23:44700|RUNNING_BILL:2024-12-15:44700
ESK-1608,DIST_101,202,Work 609: ROADS_BRIDGES Project at Location 608,Synthetic work description for demo data import,ROADS_BRIDGES,2065519,0,0,2026-03-22,2026-04-15,,CANCELLED,0,false,Public Works Department (PWD),Location 608,28.687415,77.299249,false,false,
ESK-1609,DIST_102,204,Work 610: HEALTH Project at Location 609,Synthetic work description for demo data import,HEALTH,1320178,198027,1320178,2023-03-23,2023-04-20,2024-10-13,COMPLETED,100,true,Public Works Department (PWD),Location 609,28.740635,77.352540,true,false,MOBILISATION_ADVANCE:2023-05-24:198027
ESK-1610,DIST_104,203,Work 611: ROADS_BRIDGES Project at Location 610,Synthetic work description for demo data import,ROADS_BRIDGES,4823885,2513245,3113393,2025-02-19,2025-03-23,,IN_PROGRESS,53,false,Municipal Corporation,Location 610,28.533771,77.350032,false,false,MOBILISATION_ADVANCE:2025-04-09:723583|RUNNING_BILL:2025-08-01:596554|RUNNING_BILL:2025-10-24:596554|RUNNING_BILL:2025-12-28:596554
ESK-1611,DIST_104,203,Work 612: ROADS_BRIDGES Project at Location 611,Synthetic work description for demo data import,ROADS_BRIDGES,1381764,207265,209968,2022-11-29,2022-12-15,,IN_PROGRESS,34,false,Municipal Corporation,Location 611,28.581633,77.383454,false,false,MOBILISATION_ADVANCE:2023-01-13:207265
ESK-1612,DIST_101,201,Work 613: OTHER Project at Location 612,Synthetic work description for demo data import,OTHER,1135040,861496,461718,2023-05-29,2023-07-10,,IN_PROGRESS,87,false,Rural Development Agency (DRDA),Location 612,28.690867,77.337567,false,false,MOBILISATION_ADVANCE:2023-07-20:170256|RUNNING_BILL:2023-12-05:345620|RUNNING_BILL:2024-01-27:345620
ESK-1613,DIST_104,204,Work 614: OTHER Project at Location 613,Synthetic work description for demo data import,OTHER,1966595,1868265,1966595,2025-05-15,2025-06-16,2026-09-05,COMPLETED,100,true,Rural Development Agency (DRDA),Location 613,28.540990,77.177900,false,true,MOBILISATION_ADVANCE:2025-06-26:294989|RUNNING_BILL:2025-11-13:458872|RUNNING_BILL:2026-01-15:458872|RUNNING_BILL:2026-03-23:458872|FINAL_BILL:2026-06-06:196660
ESK-1614,DIST_102,203,Work 615: HEALTH Project at Location 614,Synthetic work description for demo data import,HEALTH,1626446,1626446,1626446,2024-03-27,2024-04-21,2025-10-13,COMPLETED,100,true,Rural Development Agency (DRDA),Location 614,28.709844,77.365733,false,false,MOBILISATION_ADVANCE:2024-05-31:243967|RUNNING_BILL:2024-08-11:569256|RUNNING_BILL:2024-10-21:569256|FINAL_BILL:2025-01-04:162645|RETENTION_RELEASE:2025-07-03:81322
ESK-1615,DIST_103,202,Work 616: HEALTH Project at Location 615,Synthetic work description for demo data import,HEALTH,1648770,0,1648770,2026-01-28,2026-02-14,2026-09-05,COMPLETED,100,true,Rural Development Agency (DRDA),Location 615,28.598115,77.365333,false,false,
ESK-1616,DIST_101,201,Work 617: DRINKING_WATER Project at Location 616,Synthetic work description for demo data import,DRINKING_WATER,2168595,2168595,2168595,2025-03-07,2025-04-25,2025-11-11,COMPLETED,100,false,Municipal Corporation,Location 616,28.712522,77.310747,true,false,MOBILISATION_ADVANCE:2025-05-16:325289|RUNNING_BILL:2025-08-17:759008|RUNNING_BILL:2025-10-06:759008|FINAL_BILL:2025-12-20:216860|RETENTION_RELEASE:2026-06-18:108430
ESK-1617,DIST_104,203,Work 618: SANITATION Project at Location 617,Synthetic work description for demo data import,SANITATION,1811501,1117093,1811501,2025-11-20,2025-12-24,2026-09-05,COMPLETED,100,true,Public Works Department (PWD),Location 617,28.570260,77.254797,false,true,MOBILISATION_ADVANCE:2026-02-02:271725|RUNNING_BILL:2026-05-08:422684|RUNNING_BILL:2026-07-01:422684
ESK-1618,DIST_103,202,Work 619: OTHER Project at Location 618,Synthetic work description for demo data import,OTHER,476911,195057,0,2023-04-16,2023-05-14,,ON_HOLD,37,false,Irrigation & Flood Control Dept,Location 618,28.738507,77.250687,true,false,MOBILISATION_ADVANCE:2023-06-16:71537|RUNNING_BILL:2023-10-04:123520
ESK-1619,DIST_102,203,Work 620: HEALTH Project at Location 619,Synthetic work description for demo data import,HEALTH,3280826,0,0,2026-07-23,,,NOT_STARTED,0,false,Public Works Department (PWD),Location 619,28.742776,77.240709,false,false,
ESK-1620,DIST_101,203,Work 621: OTHER Project at Location 620,Synthetic work description for demo data import,OTHER,2699642,2699640,2699642,2023-08-08,2023-09-26,2025-02-03,COMPLETED,100,true,Public Works Department (PWD),Location 620,28.698414,77.365021,false,false,MOBILISATION_ADVANCE:2023-10-09:404946|RUNNING_BILL:2024-01-23:472437|RUNNING_BILL:2024-03-31:472437|RUNNING_BILL:2024-06-18:472437|RUNNING_BILL:2024-08-11:472437|FINAL_BILL:2024-10-25:269964|RETENTION_RELEASE:2025-04-23:134982
ESK-1621,DIST_103,203,Work 622: ROADS_BRIDGES Project at Location 621,Synthetic work description for demo data import,ROADS_BRIDGES,2703010,0,2703010,2023-12-25,2024-02-10,2025-11-07,COMPLETED,100,false,Public Works Department (PWD),Location 621,28.595316,77.330876,false,true,
ESK-1622,DIST_104,201,Work 623: HEALTH Project at Location 622,Synthetic work description for demo data import,HEALTH,2228170,1082891,0,2023-08-24,2023-10-09,,ON_HOLD,48,false,Rural Development Agency (DRDA),Location 622,28.645933,77.363629,false,false,MOBILISATION_ADVANCE:2023-10-23:334226|RUNNING_BILL:2024-02-16:249555|RUNNING_BILL:2024-05-12:249555|RUNNING_BILL:2024-07-25:249555
ESK-1623,DIST_102,201,Work 624: HEALTH Project at Location 623,Synthetic work description for demo data import,HEALTH,1954583,1954582,1954583,2024-06-28,2024-07-29,2025-02-25,COMPLETED,100,true,Public Works Department (PWD),Location 623,28.716846,77.265011,true,false,MOBILISATION_ADVANCE:2024-08-13:293187|RUNNING_BILL:2024-11-29:684104|RUNNING_BILL:2025-02-22:684104|FINAL_BILL:2025-05-08:195458|RETENTION_RELEASE:2025-11-04:97729
ESK-1624,DIST_102,204,Work 625: DRINKING_WATER Project at Location 624,Synthetic work description for demo data import,DRINKING_WATER,1533154,258592,946971,2026-02-15,2026-03-07,,IN_PROGRESS,8,false,Municipal Corporation,Location 624,28.672606,77.360674,false,false,MOBILISATION_ADVANCE:2026-03-19:229973|RUNNING_BILL:2026-07-19:28619
ESK-1625,DIST_103,203,Work 626: EDUCATION Project at Location 625,Synthetic work description for demo data import,EDUCATION,2076817,311523,2076817,2023-03-11,2023-04-24,2024-04-09,COMPLETED,100,true,Irrigation & Flood Control Dept,Location 625,28.630427,77.215082,false,false,MOBILISATION_ADVANCE:2023-06-08:311523
ESK-1626,DIST_102,201,Work 627: DRINKING_WATER Project at Location 626,Synthetic work description for demo data import,DRINKING_WATER,1493170,1493170,1493170,2022-08-06,2022-09-20,2024-01-10,COMPLETED,100,false,Municipal Corporation,Location 626,28.735049,77.268692,false,false,MOBILISATION_ADVANCE:2022-10-30:223976|RUNNING_BILL:2023-02-14:348406|RUNNING_BILL:2023-05-09:348406|RUNNING_BILL:2023-07-31:348406|FINAL_BILL:2023-10-14:149317|RETENTION_RELEASE:2024-04-11:74659
ESK-1627,DIST_103,203,Work 628: DRINKING_WATER Project at Location 627,Synthetic work description for demo data import,DRINKING_WATER,449195,67379,449195,2024-09-10,2024-10-02,2026-04-18,COMPLETED,100,false,Municipal Corporation,Location 627,28.660472,77.290479,true,false,MOBILISATION_ADVANCE:2024-10-23:67379
ESK-1628,DIST_101,201,Work 629: SANITATION Project at Location 628,Synthetic work description for demo data import,SANITATION,2320294,348044,2320294,2025-05-02,2025-05-10,2026-02-19,COMPLETED,100,true,Municipal Corporation,Location 628,28.665365,77.176059,false,false,MOBILISATION_ADVANCE:2025-05-24:348044
ESK-1629,DIST_101,203,Work 630: OTHER Project at Location 629,Synthetic work description for demo data import,OTHER,943828,742792,370586,2023-02-13,2023-02-27,,IN_PROGRESS,91,false,Rural Development Agency (DRDA),Location 629,28.635369,77.176567,false,false,MOBILISATION_ADVANCE:2023-03-12:141574|RUNNING_BILL:2023-07-16:200406|RUNNING_BILL:2023-08-30:200406|RUNNING_BILL:2023-11-09:200406
ESK-1630,DIST_102,203,Work 631: HEALTH Project at Location 630,Synthetic work description for demo data import,HEALTH,961043,453612,398502,2023-05-07,2023-06-20,,IN_PROGRESS,46,false,Municipal Corporation,Location 630,28.660744,77.397515,false,true,MOBILISATION_ADVANCE:2023-07-17:144156|RUNNING_BILL:2023-10-18:309456
ESK-1631,DIST_102,203,Work 632: ROADS_BRIDGES Project at Location 631,Synthetic work description for demo data import,ROADS_BRIDGES,1037417,1037418,1037417,2024-02-20,2024-03-20,2026-01-05,COMPLETED,100,true,Rural Development Agency (DRDA),Location 631,28.730842,77.314265,false,false,MOBILISATION_ADVANCE:2024-04-05:155613|RUNNING_BILL:2024-07-23:363096|RUNNING_BILL:2024-09-30:363096|FINAL_BILL:2024-12-14:103742|RETENTION_RELEASE:2025-06-12:51871
ESK-1632,DIST_101,204,Work 633: ROADS_BRIDGES Project at Location 632,Synthetic work description for demo data import,ROADS_BRIDGES,1090745,491926,774010,2022-10-27,2022-11-25,,IN_PROGRESS,43,false,Municipal Corporation,Location 632,28.706403,77.224246,false,false,MOBILISATION_ADVANCE:2022-12-14:163612|RUNNING_BILL:2023-04-03:328314
ESK-1633,DIST_101,202,Work 634: EDUCATION Project at Location 633,Synthetic work description for demo data import,EDUCATION,2289619,2289618,2289619,2023-10-09,2023-11-06,2024-04-23,COMPLETED,100,true,Rural Development Agency (DRDA),Location 633,28.725610,77.249771,false,false,MOBILISATION_ADVANCE:2023-11-25:343443|RUNNING_BILL:2024-03-29:534244|RUNNING_BILL:2024-06-16:534244|RUNNING_BILL:2024-08-05:534244|FINAL_BILL:2024-10-19:228962|RETENTION_RELEASE:2025-04-17:114481
ESK-1634,DIST_103,201,Work 635: HEALTH Project at Location 634,Synthetic work description for demo data import,HEALTH,613644,92047,613644,2026-05-02,2026-06-11,2026-09-05,COMPLETED,100,true,Municipal Corporation,Location 634,28.709727,77.238985,true,false,MOBILISATION_ADVANCE:2026-07-06:92047
ESK-1635,DIST_101,204,Work 636: OTHER Project at Location 635,Synthetic work description for demo data import,OTHER,1315815,0,1315815,2025-11-30,2025-12-14,2026-06-13,COMPLETED,100,true,Rural Development Agency (DRDA),Location 635,28.590725,77.223256,false,false,
ESK-1636,DIST_103,203,Work 637: DRINKING_WATER Project at Location 636,Synthetic work description for demo data import,DRINKING_WATER,2674192,1692764,144305,2025-06-08,2025-06-17,,IN_PROGRESS,69,false,Municipal Corporation,Location 636,28.634275,77.206510,false,true,MOBILISATION_ADVANCE:2025-07-12:401129|RUNNING_BILL:2025-11-14:1291635
ESK-1637,DIST_103,203,Work 638: SANITATION Project at Location 637,Synthetic work description for demo data import,SANITATION,885326,885326,885326,2023-04-24,2023-05-23,2024-05-07,COMPLETED,100,true,Municipal Corporation,Location 637,28.744952,77.177252,false,false,MOBILISATION_ADVANCE:2023-06-13:132799|RUNNING_BILL:2023-09-07:154932|RUNNING_BILL:2023-11-17:154932|RUNNING_BILL:2024-01-06:154932|RUNNING_BILL:2024-03-03:154932|FINAL_BILL:2024-05-17:88533|RETENTION_RELEASE:2024-11-13:44266
ESK-1638,DIST_104,202,Work 639: HEALTH Project at Location 638,Synthetic work description for demo data import,HEALTH,1657118,828559,1657118,2026-03-17,2026-04-02,2026-09-05,COMPLETED,100,false,Public Works Department (PWD),Location 638,28.728841,77.232792,false,false,MOBILISATION_ADVANCE:2026-04-30:248568|RUNNING_BILL:2026-08-24:579991
ESK-1639,DIST_104,201,Work 640: SANITATION Project at Location 639,Synthetic work description for demo data import,SANITATION,1309166,196375,0,2023-08-23,2023-09-26,,NOT_STARTED,0,false,Irrigation & Flood Control Dept,Location 639,28.551458,77.175414,false,false,MOBILISATION_ADVANCE:2023-11-03:196375|RUNNING_BILL:2024-01-23:0|RUNNING_BILL:2024-03-11:0
ESK-1640,DIST_104,203,Work 641: ROADS_BRIDGES Project at Location 640,Synthetic work description for demo data import,ROADS_BRIDGES,616051,92408,0,2025-09-07,2025-09-13,,NOT_STARTED,0,false,Municipal Corporation,Location 640,28.650121,77.311781,false,false,MOBILISATION_ADVANCE:2025-10-17:92408
ESK-1641,DIST_104,202,Work 642: ROADS_BRIDGES Project at Location 641,Synthetic work description for demo data import,ROADS_BRIDGES,1204209,180631,1204209,2025-04-15,2025-05-28,2025-11-14,COMPLETED,100,true,Rural Development Agency (DRDA),Location 641,28.641314,77.186464,false,false,MOBILISATION_ADVANCE:2025-06-20:180631
ESK-1642,DIST_104,201,Work 643: SANITATION Project at Location 642,Synthetic work description for demo data import,SANITATION,2641674,2641674,2641674,2024-07-23,2024-08-26,2025-10-25,COMPLETED,100,false,Rural Development Agency (DRDA),Location 642,28.650286,77.339656,false,false,MOBILISATION_ADVANCE:2024-09-30:396251|RUNNING_BILL:2025-01-23:924586|RUNNING_BILL:2025-04-19:924586|FINAL_BILL:2025-07-03:264167|RETENTION_RELEASE:2025-12-30:132084
ESK-1643,DIST_102,202,Work 644: ROADS_BRIDGES Project at Location 643,Synthetic work description for demo data import,ROADS_BRIDGES,1879369,702883,0,2025-02-10,2025-02-22,,ON_HOLD,32,false,Municipal Corporation,Location 643,28.519439,77.374932,false,false,MOBILISATION_ADVANCE:2025-03-26:281905|RUNNING_BILL:2025-07-15:140326|RUNNING_BILL:2025-09-19:140326|RUNNING_BILL:2025-11-23:140326
ESK-1644,DIST_101,204,Work 645: DRINKING_WATER Project at Location 644,Synthetic work description for demo data import,DRINKING_WATER,1493525,224029,1493525,2026-02-19,2026-03-21,2026-09-05,COMPLETED,100,true,Irrigation & Flood Control Dept,Location 644,28.670908,77.221329,false,false,MOBILISATION_ADVANCE:2026-04-15:224029
ESK-1645,DIST_104,202,Work 646: OTHER Project at Location 645,Synthetic work description for demo data import,OTHER,2374016,0,1888457,2023-09-26,2023-10-04,,IN_PROGRESS,36,false,Rural Development Agency (DRDA),Location 645,28.667526,77.215358,false,false,
ESK-1646,DIST_104,204,Work 647: DRINKING_WATER Project at Location 646,Synthetic work description for demo data import,DRINKING_WATER,2258417,338763,2258417,2025-04-20,2025-06-08,2026-09-05,COMPLETED,100,true,Public Works Department (PWD),Location 646,28.570539,77.242789,false,true,MOBILISATION_ADVANCE:2025-07-07:338763
ESK-1647,DIST_103,203,Work 648: SANITATION Project at Location 647,Synthetic work description for demo data import,SANITATION,4502031,675305,2602963,2022-11-05,2022-12-12,,IN_PROGRESS,70,false,Public Works Department (PWD),Location 647,28.595176,77.255005,false,false,MOBILISATION_ADVANCE:2022-12-29:675305
ESK-1648,DIST_103,201,Work 649: SANITATION Project at Location 648,Synthetic work description for demo data import,SANITATION,2074189,311128,2074189,2023-01-28,2023-03-14,2025-01-17,COMPLETED,100,true,Public Works Department (PWD),Location 648,28.626596,77.287468,false,true,MOBILISATION_ADVANCE:2023-04-17:311128
ESK-1649,DIST_102,204,Work 650: HEALTH Project at Location 649,Synthetic work description for demo data import,HEALTH,2885299,432795,19841,2025-11-15,2025-12-12,,IN_PROGRESS,29,false,Rural Development Agency (DRDA),Location 649,28.516069,77.363486,false,false,MOBILISATION_ADVANCE:2026-01-21:432795
ESK-1650,DIST_101,201,Work 651: DRINKING_WATER Project at Location 650,Synthetic work description for demo data import,DRINKING_WATER,3131766,2662001,3131766,2026-01-24,2026-02-19,2026-09-05,COMPLETED,100,true,Irrigation & Flood Control Dept,Location 650,28.528319,77.339212,false,true,MOBILISATION_ADVANCE:2026-03-11:469765|RUNNING_BILL:2026-06-24:1096118|RUNNING_BILL:2026-08-24:1096118
ESK-1651,DIST_101,203,Work 652: DRINKING_WATER Project at Location 651,Synthetic work description for demo data import,DRINKING_WATER,4149560,622434,0,2022-08-27,2022-09-15,,NOT_STARTED,0,false,Irrigation & Flood Control Dept,Location 651,28.660813,77.179681,false,false,MOBILISATION_ADVANCE:2022-09-26:622434|RUNNING_BILL:2023-01-26:0
ESK-1652,DIST_103,202,Work 653: OTHER Project at Location 652,Synthetic work description for demo data import,OTHER,713335,713336,713335,2022-11-18,2022-11-23,2024-03-17,COMPLETED,100,true,Municipal Corporation,Location 652,28.536783,77.383666,false,false,MOBILISATION_ADVANCE:2022-12-26:107000|RUNNING_BILL:2023-04-21:166445|RUNNING_BILL:2023-06-22:166445|RUNNING_BILL:2023-09-17:166445|FINAL_BILL:2023-12-01:71334|RETENTION_RELEASE:2024-05-29:35667
ESK-1653,DIST_103,204,Work 654: HEALTH Project at Location 653,Synthetic work description for demo data import,HEALTH,3715282,1649585,734490,2023-07-05,2023-08-12,,IN_PROGRESS,42,false,Municipal Corporation,Location 653,28.707129,77.312956,true,false,MOBILISATION_ADVANCE:2023-08-30:557292|RUNNING_BILL:2023-12-24:1092293
ESK-1654,DIST_102,202,Work 655: DRINKING_WATER Project at Location 654,Synthetic work description for demo data import,DRINKING_WATER,2080312,1976296,2080312,2025-03-14,2025-04-25,2026-03-22,COMPLETED,100,true,Public Works Department (PWD),Location 654,28.645455,77.157080,true,false,MOBILISATION_ADVANCE:2025-05-05:312047|RUNNING_BILL:2025-08-29:485406|RUNNING_BILL:2025-11-21:485406|RUNNING_BILL:2026-01-16:485406|FINAL_BILL:2026-04-01:208031
ESK-1655,DIST_102,203,Work 656: SANITATION Project at Location 655,Synthetic work description for demo data import,SANITATION,222102,222102,222102,2024-08-22,2024-10-02,2026-04-22,COMPLETED,100,true,Irrigation & Flood Control Dept,Location 655,28.647452,77.344658,false,false,MOBILISATION_ADVANCE:2024-11-04:33315|RUNNING_BILL:2025-01-27:38868|RUNNING_BILL:2025-04-02:38868|RUNNING_BILL:2025-06-21:38868|RUNNING_BILL:2025-08-31:38868|FINAL_BILL:2025-11-14:22210|RETENTION_RELEASE:2026-05-13:11105
ESK-1656,DIST_101,201,Work 657: OTHER Project at Location 656,Synthetic work description for demo data import,OTHER,3021889,2018623,358892,2022-11-18,2023-01-05,,IN_PROGRESS,74,false,Irrigation & Flood Control Dept,Location 656,28.597477,77.300288,true,false,MOBILISATION_ADVANCE:2023-02-01:453283|RUNNING_BILL:2023-05-03:521780|RUNNING_BILL:2023-07-03:521780|RUNNING_BILL:2023-08-23:521780
ESK-1657,DIST_101,202,Work 658: HEALTH Project at Location 657,Synthetic work description for demo data import,HEALTH,678627,0,0,2024-09-19,2024-10-01,,CANCELLED,0,false,Municipal Corporation,Location 657,28.614548,77.290050,false,true,
ESK-1658,DIST_104,203,Work 659: HEALTH Project at Location 658,Synthetic work description for demo data import,HEALTH,1856215,1856215,1856215,2022-09-17,2022-09-29,2023-06-16,COMPLETED,100,true,Municipal Corporation,Location 658,28.545722,77.302078,false,false,MOBILISATION_ADVANCE:2022-10-23:278432|RUNNING_BILL:2023-01-27:649675|RUNNING_BILL:2023-04-12:649675|FINAL_BILL:2023-06-26:185622|RETENTION_RELEASE:2023-12-23:92811
ESK-1659,DIST_104,202,Work 660: EDUCATION Project at Location 659,Synthetic work description for demo data import,EDUCATION,995674,995674,995674,2023-09-14,2023-09-19,2024-06-01,COMPLETED,100,false,Rural Development Agency (DRDA),Location 659,28.505091,77.187764,false,false,MOBILISATION_ADVANCE:2023-10-13:149351|RUNNING_BILL:2024-02-06:348486|RUNNING_BILL:2024-04-18:348486|FINAL_BILL:2024-07-02:99567|RETENTION_RELEASE:2024-12-29:49784
ESK-1660,DIST_102,204,Work 661: EDUCATION Project at Location 660,Synthetic work description for demo data import,EDUCATION,2282557,0,0,2025-05-04,2025-06-16,,CANCELLED,0,false,Public Works Department (PWD),Location 660,28.624656,77.195231,false,false,
ESK-1661,DIST_102,202,Work 662: HEALTH Project at Location 661,Synthetic work description for demo data import,HEALTH,2643084,0,0,2026-07-06,,,NOT_STARTED,0,false,Irrigation & Flood Control Dept,Location 661,28.717881,77.358774,false,false,
ESK-1662,DIST_102,202,Work 663: EDUCATION Project at Location 662,Synthetic work description for demo data import,EDUCATION,3083158,462474,0,2024-02-03,2024-02-21,,NOT_STARTED,0,false,Municipal Corporation,Location 662,28.730383,77.187799,false,false,MOBILISATION_ADVANCE:2024-03-06:462474|RUNNING_BILL:2024-07-13:0|RUNNING_BILL:2024-09-27:0
ESK-1663,DIST_102,202,Work 664: ROADS_BRIDGES Project at Location 663,Synthetic work description for demo data import,ROADS_BRIDGES,1715849,257377,1715849,2025-02-03,2025-03-09,2026-05-16,COMPLETED,100,false,Municipal Corporation,Location 663,28.585077,77.235659,false,false,MOBILISATION_ADVANCE:2025-04-02:257377
ESK-1664,DIST_101,204,Work 665: SANITATION Project at Location 664,Synthetic work description for demo data import,SANITATION,2648453,1633212,2648453,2026-01-28,2026-02-06,2026-07-29,COMPLETED,100,true,Rural Development Agency (DRDA),Location 664,28.674477,77.304003,false,false,MOBILISATION_ADVANCE:2026-03-15:397268|RUNNING_BILL:2026-05-23:617972|RUNNING_BILL:2026-08-02:617972
ESK-1665,DIST_102,204,Work 666: DRINKING_WATER Project at Location 665,Synthetic work description for demo data import,DRINKING_WATER,4225828,0,0,2026-08-17,,,NOT_STARTED,0,false,Irrigation & Flood Control Dept,Location 665,28.597278,77.307267,false,false,
ESK-1666,DIST_101,204,Work 667: ROADS_BRIDGES Project at Location 666,Synthetic work description for demo data import,ROADS_BRIDGES,1586388,1586388,1586388,2024-02-25,2024-03-06,2024-10-16,COMPLETED,100,true,Municipal Corporation,Location 666,28.666456,77.375801,false,true,MOBILISATION_ADVANCE:2024-04-08:237958|RUNNING_BILL:2024-07-11:555236|RUNNING_BILL:2024-08-26:555236|FINAL_BILL:2024-11-09:158639|RETENTION_RELEASE:2025-05-08:79319
ESK-1667,DIST_104,201,Work 668: SANITATION Project at Location 667,Synthetic work description for demo data import,SANITATION,2725232,408785,2725232,2023-09-14,2023-09-27,2025-03-04,COMPLETED,100,true,Irrigation & Flood Control Dept,Location 667,28.559719,77.376343,false,false,MOBILISATION_ADVANCE:2023-10-23:408785
ESK-1668,DIST_101,201,Work 669: SANITATION Project at Location 668,Synthetic work description for demo data import,SANITATION,1558017,713573,694824,2026-01-04,2026-02-20,,IN_PROGRESS,44,false,Rural Development Agency (DRDA),Location 668,28.640352,77.287085,false,false,MOBILISATION_ADVANCE:2026-03-30:233703|RUNNING_BILL:2026-06-06:239935|RUNNING_BILL:2026-08-08:239935
ESK-1669,DIST_103,201,Work 670: SANITATION Project at Location 669,Synthetic work description for demo data import,SANITATION,1080123,918105,1080123,2025-12-06,2025-12-30,2026-09-05,COMPLETED,100,true,Rural Development Agency (DRDA),Location 669,28.560520,77.194387,false,false,MOBILISATION_ADVANCE:2026-01-26:162018|RUNNING_BILL:2026-04-27:252029|RUNNING_BILL:2026-06-15:252029|RUNNING_BILL:2026-09-02:252029
ESK-1670,DIST_101,201,Work 671: DRINKING_WATER Project at Location 670,Synthetic work description for demo data import,DRINKING_WATER,520037,260018,485198,2025-11-17,2025-11-29,,IN_PROGRESS,75,false,Irrigation & Flood Control Dept,Location 670,28.736092,77.395039,true,false,MOBILISATION_ADVANCE:2025-12-11:78006|RUNNING_BILL:2026-04-19:91006|RUNNING_BILL:2026-07-02:91006
ESK-1671,DIST_101,202,Work 672: ROADS_BRIDGES Project at Location 671,Synthetic work description for demo data import,ROADS_BRIDGES,1754412,1666692,1754412,2025-06-05,2025-07-15,2026-07-07,COMPLETED,100,true,Public Works Department (PWD),Location 671,28.748515,77.381745,false,true,MOBILISATION_ADVANCE:2025-08-29:263162|RUNNING_BILL:2025-11-09:409363|RUNNING_BILL:2026-01-22:409363|RUNNING_BILL:2026-03-20:409363|FINAL_BILL:2026-06-03:175441
ESK-1672,DIST_103,201,Work 673: HEALTH Project at Location 672,Synthetic work description for demo data import,HEALTH,736658,368329,736658,2026-01-10,2026-01-20,2026-09-05,COMPLETED,100,true,Municipal Corporation,Location 672,28.659044,77.201708,false,false,MOBILISATION_ADVANCE:2026-02-08:110499|RUNNING_BILL:2026-05-13:128915|RUNNING_BILL:2026-06-28:128915
ESK-1673,DIST_104,203,Work 674: SANITATION Project at Location 673,Synthetic work description for demo data import,SANITATION,872004,130801,0,2024-04-29,2024-05-07,,NOT_STARTED,0,false,Public Works Department (PWD),Location 673,28.709622,77.160334,false,false,MOBILISATION_ADVANCE:2024-05-18:130801|RUNNING_BILL:2024-09-15:0|RUNNING_BILL:2024-11-05:0|RUNNING_BILL:2025-01-14:0
ESK-1674,DIST_102,204,Work 675: DRINKING_WATER Project at Location 674,Synthetic work description for demo data import,DRINKING_WATER,2798646,2798646,2798646,2024-04-23,2024-05-13,2025-05-02,COMPLETED,100,true,Rural Development Agency (DRDA),Location 674,28.539770,77.332899,false,false,MOBILISATION_ADVANCE:2024-06-24:419797|RUNNING_BILL:2024-08-26:979526|RUNNING_BILL:2024-11-03:979526|FINAL_BILL:2025-01-17:279865|RETENTION_RELEASE:2025-07-16:139932
ESK-1675,DIST_103,201,Work 676: OTHER Project at Location 675,Synthetic work description for demo data import,OTHER,191038,191040,191038,2025-01-19,2025-01-28,2026-03-19,COMPLETED,100,true,Rural Development Agency (DRDA),Location 675,28.666029,77.398834,false,false,MOBILISATION_ADVANCE:2025-03-13:28656|RUNNING_BILL:2025-05-26:33432|RUNNING_BILL:2025-07-26:33432|RUNNING_BILL:2025-10-18:33432|RUNNING_BILL:2025-12-06:33432|FINAL_BILL:2026-02-19:19104|RETENTION_RELEASE:2026-08-18:9552
ESK-1676,DIST_101,204,Work 677: EDUCATION Project at Location 676,Synthetic work description for demo data import,EDUCATION,4404347,2818782,198160,2022-08-04,2022-09-20,,IN_PROGRESS,70,false,Public Works Department (PWD),Location 676,28.524407,77.383619,false,false,MOBILISATION_ADVANCE:2022-10-24:660652|RUNNING_BILL:2023-01-29:2158130
ESK-1677,DIST_102,203,Work 678: HEALTH Project at Location 677,Synthetic work description for demo data import,HEALTH,2921113,2921113,2921113,2024-05-10,2024-06-20,2026-02-14,COMPLETED,100,true,Municipal Corporation,Location 677,28.547804,77.305444,false,false,MOBILISATION_ADVANCE:2024-07-05:438167|RUNNING_BILL:2024-10-28:681593|RUNNING_BILL:2025-01-21:681593|RUNNING_BILL:2025-04-18:681593|FINAL_BILL:2025-07-02:292111|RETENTION_RELEASE:2025-12-29:146056
ESK-1678,DIST_102,203,Work 679: EDUCATION Project at Location 678,Synthetic work description for demo data import,EDUCATION,3470849,520627,0,2022-08-02,2022-09-08,,NOT_STARTED,0,false,Irrigation & Flood Control Dept,Location 678,28.539156,77.243984,false,false,MOBILISATION_ADVANCE:2022-10-06:520627|RUNNING_BILL:2023-02-01:0
ESK-1679,DIST_102,202,Work 680: OTHER Project at Location 679,Synthetic work description for demo data import,OTHER,2717811,2176967,2184575,2023-05-15,2023-06-14,,IN_PROGRESS,93,false,Public Works Department (PWD),Location 679,28.711830,77.264024,false,true,MOBILISATION_ADVANCE:2023-07-03:407672|RUNNING_BILL:2023-09-27:589765|RUNNING_BILL:2023-12-05:589765|RUNNING_BILL:2024-02-03:589765
ESK-1680,DIST_102,203,Work 681: HEALTH Project at Location 680,Synthetic work description for demo data import,HEALTH,1022762,971622,1022762,2025-03-08,2025-03-17,2025-09-09,COMPLETED,100,true,Rural Development Agency (DRDA),Location 680,28.517603,77.160668,false,true,MOBILISATION_ADVANCE:2025-04-06:153414|RUNNING_BILL:2025-08-10:178983|RUNNING_BILL:2025-10-22:178983|RUNNING_BILL:2026-01-04:178983|RUNNING_BILL:2026-03-21:178983|FINAL_BILL:2026-06-04:102276
ESK-1681,DIST_101,204,Work 682: EDUCATION Project at Location 681,Synthetic work description for demo data import,EDUCATION,2698846,404827,2507709,2023-05-10,2023-06-18,,IN_PROGRESS,96,false,Rural Development Agency (DRDA),Location 681,28.634920,77.176558,false,false,MOBILISATION_ADVANCE:2023-07-08:404827
ESK-1682,DIST_103,204,Work 683: OTHER Project at Location 682,Synthetic work description for demo data import,OTHER,2637190,2637190,2637190,2023-09-29,2023-11-03,2025-02-19,COMPLETED,100,true,Public Works Department (PWD),Location 682,28.561637,77.363343,false,false,MOBILISATION_ADVANCE:2023-12-01:395579|RUNNING_BILL:2024-03-15:615344|RUNNING_BILL:2024-06-05:615344|RUNNING_BILL:2024-08-22:615344|FINAL_BILL:2024-11-05:263719|RETENTION_RELEASE:2025-05-04:131860
ESK-1683,DIST_104,201,Work 684: DRINKING_WATER Project at Location 683,Synthetic work description for demo data import,DRINKING_WATER,2301228,0,1773515,2023-03-01,2023-04-18,,IN_PROGRESS,61,false,Public Works Department (PWD),Location 683,28.619339,77.268497,false,false,
ESK-1684,DIST_103,203,Work 685: EDUCATION Project at Location 684,Synthetic work description for demo data import,EDUCATION,4344018,1168541,3320380,2023-03-10,2023-04-04,,IN_PROGRESS,17,false,Public Works Department (PWD),Location 684,28.737243,77.206341,false,false,MOBILISATION_ADVANCE:2023-04-20:651603|RUNNING_BILL:2023-08-16:516938
ESK-1685,DIST_103,204,Work 686: SANITATION Project at Location 685,Synthetic work description for demo data import,SANITATION,665667,0,0,2025-08-12,2025-09-19,,ON_HOLD,40,false,Rural Development Agency (DRDA),Location 685,28.724887,77.225113,false,false,
ESK-1686,DIST_104,202,Work 687: ROADS_BRIDGES Project at Location 686,Synthetic work description for demo data import,ROADS_BRIDGES,3070051,3070052,3070051,2024-02-11,2024-03-29,2024-09-14,COMPLETED,100,false,Rural Development Agency (DRDA),Location 686,28.651435,77.353745,false,false,MOBILISATION_ADVANCE:2024-04-22:460508|RUNNING_BILL:2024-08-23:1074518|RUNNING_BILL:2024-10-12:1074518|FINAL_BILL:2024-12-26:307005|RETENTION_RELEASE:2025-06-24:153503
ESK-1687,DIST_101,203,Work 688: ROADS_BRIDGES Project at Location 687,Synthetic work description for demo data import,ROADS_BRIDGES,1239397,446184,950740,2023-01-13,2023-02-03,,IN_PROGRESS,30,false,Public Works Department (PWD),Location 687,28.672530,77.381917,false,false,MOBILISATION_ADVANCE:2023-02-20:185910|RUNNING_BILL:2023-06-21:130137|RUNNING_BILL:2023-08-21:130137
ESK-1688,DIST_103,203,Work 689: OTHER Project at Location 688,Synthetic work description for demo data import,OTHER,1732008,259801,1732008,2026-05-13,2026-06-30,2026-09-05,COMPLETED,100,true,Irrigation & Flood Control Dept,Location 688,28.701203,77.380862,false,false,MOBILISATION_ADVANCE:2026-07-29:259801
ESK-1689,DIST_101,204,Work 690: OTHER Project at Location 689,Synthetic work description for demo data import,OTHER,3108029,466204,0,2024-07-25,2024-09-09,,NOT_STARTED,0,false,Public Works Department (PWD),Location 689,28.748138,77.231507,false,false,MOBILISATION_ADVANCE:2024-10-08:466204|RUNNING_BILL:2025-01-04:0|RUNNING_BILL:2025-03-23:0
ESK-1690,DIST_101,201,Work 691: ROADS_BRIDGES Project at Location 690,Synthetic work description for demo data import,ROADS_BRIDGES,860657,817625,860657,2025-02-07,2025-02-28,2026-05-26,COMPLETED,100,false,Rural Development Agency (DRDA),Location 690,28.562772,77.383148,false,false,MOBILISATION_ADVANCE:2025-03-16:129099|RUNNING_BILL:2025-07-06:150615|RUNNING_BILL:2025-09-20:150615|RUNNING_BILL:2025-12-07:150615|RUNNING_BILL:2026-01-24:150615|FINAL_BILL:2026-04-09:86066
ESK-1691,DIST_101,201,Work 692: EDUCATION Project at Location 691,Synthetic work description for demo data import,EDUCATION,396113,396114,396113,2022-11-12,2022-12-26,2023-04-25,COMPLETED,100,true,Municipal Corporation,Location 691,28.576814,77.191645,true,true,MOBILISATION_ADVANCE:2023-01-06:59417|RUNNING_BILL:2023-05-08:138640|RUNNING_BILL:2023-07-06:138640|FINAL_BILL:2023-09-19:39611|RETENTION_RELEASE:2024-03-17:19806
ESK-1692,DIST_103,203,Work 693: SANITATION Project at Location 692,Synthetic work description for demo data import,SANITATION,2395148,2395148,2395148,2023-08-25,2023-09-11,2025-07-27,COMPLETED,100,true,Public Works Department (PWD),Location 692,28.559594,77.256689,false,false,MOBILISATION_ADVANCE:2023-10-20:359272|RUNNING_BILL:2024-01-26:419151|RUNNING_BILL:2024-04-23:419151|RUNNING_BILL:2024-06-22:419151|RUNNING_BILL:2024-08-18:419151|FINAL_BILL:2024-11-01:239515|RETENTION_RELEASE:2025-04-30:119757
ESK-1693,DIST_102,202,Work 694: OTHER Project at Location 693,Synthetic work description for demo data import,OTHER,753971,716273,753971,2025-06-23,2025-07-09,2026-09-05,COMPLETED,100,true,Public Works Department (PWD),Location 693,28.625951,77.388726,false,false,MOBILISATION_ADVANCE:2025-08-11:113096|RUNNING_BILL:2025-11-14:263890|RUNNING_BILL:2026-02-08:263890|FINAL_BILL:2026-04-24:75397
ESK-1694,DIST_104,204,Work 695: ROADS_BRIDGES Project at Location 694,Synthetic work description for demo data import,ROADS_BRIDGES,1414951,0,1414951,2026-03-30,2026-04-09,2026-09-05,COMPLETED,100,true,Rural Development Agency (DRDA),Location 694,28.718310,77.369324,false,false,
ESK-1695,DIST_101,204,Work 696: SANITATION Project at Location 695,Synthetic work description for demo data import,SANITATION,2059486,789470,2059486,2026-04-13,2026-04-22,2026-09-05,COMPLETED,100,false,Municipal Corporation,Location 695,28.668472,77.311326,false,false,MOBILISATION_ADVANCE:2026-05-06:308923|RUNNING_BILL:2026-08-15:480547
ESK-1696,DIST_101,203,Work 697: ROADS_BRIDGES Project at Location 696,Synthetic work description for demo data import,ROADS_BRIDGES,2045091,2045092,2045091,2022-11-01,2022-11-22,2024-09-17,COMPLETED,100,true,Public Works Department (PWD),Location 696,28.731480,77.225715,false,false,MOBILISATION_ADVANCE:2023-01-04:306764|RUNNING_BILL:2023-04-04:357891|RUNNING_BILL:2023-06-07:357891|RUNNING_BILL:2023-08-08:357891|RUNNING_BILL:2023-10-29:357891|FINAL_BILL:2024-01-12:204509|RETENTION_RELEASE:2024-07-10:102255
ESK-1697,DIST_103,201,Work 698: HEALTH Project at Location 697,Synthetic work description for demo data import,HEALTH,1112868,166930,1112868,2022-07-30,2022-09-08,2023-04-04,COMPLETED,100,true,Public Works Department (PWD),Location 697,28.740178,77.281859,false,false,MOBILISATION_ADVANCE:2022-10-02:166930
ESK-1698,DIST_102,201,Work 699: OTHER Project at Location 698,Synthetic work description for demo data import,OTHER,2388062,1194031,2388062,2025-12-12,2026-01-23,2026-09-05,COMPLETED,100,true,Rural Development Agency (DRDA),Location 698,28.732372,77.197563,false,false,MOBILISATION_ADVANCE:2026-02-18:358209|RUNNING_BILL:2026-06-06:417911|RUNNING_BILL:2026-07-26:417911
ESK-1699,DIST_102,203,Work 700: DRINKING_WATER Project at Location 699,Synthetic work description for demo data import,DRINKING_WATER,922821,922822,922821,2023-10-25,2023-12-06,2024-05-01,COMPLETED,100,true,Irrigation & Flood Control Dept,Location 699,28.556395,77.258186,false,false,MOBILISATION_ADVANCE:2024-01-17:138423|RUNNING_BILL:2024-05-02:161494|RUNNING_BILL:2024-07-10:161494|RUNNING_BILL:2024-09-30:161494|RUNNING_BILL:2024-12-29:161494|FINAL_BILL:2025-03-14:92282|RETENTION_RELEASE:2025-09-10:46141
ESK-1700,DIST_103,203,Work 701: ROADS_BRIDGES Project at Location 700,Synthetic work description for demo data import,ROADS_BRIDGES,1537335,1537337,1537335,2023-06-10,2023-06-22,2023-12-08,COMPLETED,100,false,Municipal Corporation,Location 700,28.693939,77.292757,false,false,MOBILISATION_ADVANCE:2023-07-27:230600|RUNNING_BILL:2023-10-13:269034|RUNNING_BILL:2023-12-04:269034|RUNNING_BILL:2024-02-17:269034|RUNNING_BILL:2024-05-09:269034|FINAL_BILL:2024-07-23:153734|RETENTION_RELEASE:2025-01-19:76867
ESK-1701,DIST_102,201,Work 702: EDUCATION Project at Location 701,Synthetic work description for demo data import,EDUCATION,2564868,0,2564868,2023-08-15,2023-09-16,2024-02-14,COMPLETED,100,true,Rural Development Agency (DRDA),Location 701,28.700710,77.321509,false,false,
ESK-1702,DIST_103,202,Work 703: SANITATION Project at Location 702,Synthetic work description for demo data import,SANITATION,910847,910846,910847,2024-04-19,2024-06-06,2025-05-13,COMPLETED,100,false,Irrigation & Flood Control Dept,Location 702,28.678734,77.198727,false,true,MOBILISATION_ADVANCE:2024-07-12:136627|RUNNING_BILL:2024-10-10:159398|RUNNING_BILL:2024-12-05:159398|RUNNING_BILL:2025-02-15:159398|RUNNING_BILL:2025-04-13:159398|FINAL_BILL:2025-06-27:91085|RETENTION_RELEASE:2025-12-24:45542
ESK-1703,DIST_103,201,Work 704: DRINKING_WATER Project at Location 703,Synthetic work description for demo data import,DRINKING_WATER,369564,369565,369564,2024-11-10,2024-12-11,2026-04-23,COMPLETED,100,true,Irrigation & Flood Control Dept,Location 703,28.688816,77.331340,false,false,MOBILISATION_ADVANCE:2024-12-31:55435|RUNNING_BILL:2025-04-14:86232|RUNNING_BILL:2025-06-30:86232|RUNNING_BILL:2025-09-19:86232|FINAL_BILL:2025-12-03:36956|RETENTION_RELEASE:2026-06-01:18478
ESK-1704,DIST_104,201,Work 705: ROADS_BRIDGES Project at Location 704,Synthetic work description for demo data import,ROADS_BRIDGES,3110138,2360595,783458,2024-02-14,2024-02-25,,IN_PROGRESS,87,false,Public Works Department (PWD),Location 704,28.609152,77.389297,true,false,MOBILISATION_ADVANCE:2024-03-11:466521|RUNNING_BILL:2024-07-07:631358|RUNNING_BILL:2024-09-11:631358|RUNNING_BILL:2024-11-27:631358
ESK-1705,DIST_104,201,Work 706: HEALTH Project at Location 705,Synthetic work description for demo data import,HEALTH,1077205,1077206,1077205,2023-05-25,2023-06-28,2023-10-31,COMPLETED,100,true,Rural Development Agency (DRDA),Location 705,28.732441,77.301376,false,false,MOBILISATION_ADVANCE:2023-08-07:161581|RUNNING_BILL:2023-11-18:251348|RUNNING_BILL:2024-02-10:251348|RUNNING_BILL:2024-05-09:251348|FINAL_BILL:2024-07-23:107721|RETENTION_RELEASE:2025-01-19:53860
ESK-1706,DIST_101,203,Work 707: ROADS_BRIDGES Project at Location 706,Synthetic work description for demo data import,ROADS_BRIDGES,902481,0,902481,2024-08-07,2024-08-25,2026-07-03,COMPLETED,100,false,Rural Development Agency (DRDA),Location 706,28.741167,77.251009,false,false,
ESK-1707,DIST_102,203,Work 708: DRINKING_WATER Project at Location 707,Synthetic work description for demo data import,DRINKING_WATER,666173,666172,666173,2022-11-25,2022-12-11,2023-10-13,COMPLETED,100,true,Municipal Corporation,Location 707,28.537056,77.292902,false,false,MOBILISATION_ADVANCE:2023-01-20:99926|RUNNING_BILL:2023-04-26:155440|RUNNING_BILL:2023-07-05:155440|RUNNING_BILL:2023-08-28:155440|FINAL_BILL:2023-11-11:66617|RETENTION_RELEASE:2024-05-09:33309
ESK-1708,DIST_104,204,Work 709: SANITATION Project at Location 708,Synthetic work description for demo data import,SANITATION,1734260,1219185,303966,2025-04-05,2025-05-06,,IN_PROGRESS,79,false,Municipal Corporation,Location 708,28.547528,77.188748,false,false,MOBILISATION_ADVANCE:2025-06-10:260139|RUNNING_BILL:2025-08-22:959046
ESK-1709,DIST_103,203,Work 710: OTHER Project at Location 709,Synthetic work description for demo data import,OTHER,919039,919040,919039,2025-04-03,2025-05-06,2025-12-15,COMPLETED,100,true,Municipal Corporation,Location 709,28.734574,77.361143,false,false,MOBILISATION_ADVANCE:2025-05-28:137856|RUNNING_BILL:2025-08-22:321664|RUNNING_BILL:2025-11-18:321664|FINAL_BILL:2026-02-01:91904|RETENTION_RELEASE:2026-07-31:45952
ESK-1710,DIST_101,203,Work 711: EDUCATION Project at Location 710,Synthetic work description for demo data import,EDUCATION,1181419,185483,121790,2024-04-07,2024-04-26,,IN_PROGRESS,1,false,Public Works Department (PWD),Location 710,28.550711,77.379197,false,false,MOBILISATION_ADVANCE:2024-06-09:177213|RUNNING_BILL:2024-09-02:8270
ESK-1711,DIST_101,203,Work 712: HEALTH Project at Location 711,Synthetic work description for demo data import,HEALTH,471169,471168,471169,2024-05-05,2024-06-07,2025-08-13,COMPLETED,100,true,Rural Development Agency (DRDA),Location 711,28.593345,77.317608,false,false,MOBILISATION_ADVANCE:2024-06-29:70675|RUNNING_BILL:2024-11-04:164909|RUNNING_BILL:2025-01-09:164909|FINAL_BILL:2025-03-25:47117|RETENTION_RELEASE:2025-09-21:23558
ESK-1712,DIST_104,204,Work 713: ROADS_BRIDGES Project at Location 712,Synthetic work description for demo data import,ROADS_BRIDGES,4158397,0,0,2026-07-22,,,NOT_STARTED,0,false,Irrigation & Flood Control Dept,Location 712,28.677330,77.166387,false,false,
ESK-1713,DIST_101,204,Work 714: HEALTH Project at Location 713,Synthetic work description for demo data import,HEALTH,938995,140849,938995,2025-09-14,2025-10-28,2026-03-15,COMPLETED,100,true,Irrigation & Flood Control Dept,Location 713,28.700630,77.170604,false,false,MOBILISATION_ADVANCE:2025-12-04:140849
ESK-1714,DIST_101,201,Work 715: SANITATION Project at Location 714,Synthetic work description for demo data import,SANITATION,593436,593435,593436,2023-05-29,2023-07-16,2023-11-18,COMPLETED,100,true,Irrigation & Flood Control Dept,Location 714,28.568904,77.376700,false,false,MOBILISATION_ADVANCE:2023-08-05:89015|RUNNING_BILL:2023-11-09:103851|RUNNING_BILL:2024-01-03:103851|RUNNING_BILL:2024-03-29:103851|RUNNING_BILL:2024-05-13:103851|FINAL_BILL:2024-07-27:59344|RETENTION_RELEASE:2025-01-23:29672
ESK-1715,DIST_101,204,Work 716: EDUCATION Project at Location 715,Synthetic work description for demo data import,EDUCATION,2345071,0,0,2025-08-03,2025-08-17,,CANCELLED,0,false,Public Works Department (PWD),Location 715,28.528452,77.326260,false,false,
ESK-1716,DIST_101,202,Work 717: DRINKING_WATER Project at Location 716,Synthetic work description for demo data import,DRINKING_WATER,2540117,2540118,2540117,2025-01-23,2025-02-16,2026-09-05,COMPLETED,100,true,Rural Development Agency (DRDA),Location 716,28.666927,77.291168,false,false,MOBILISATION_ADVANCE:2025-03-05:381018|RUNNING_BILL:2025-07-06:592694|RUNNING_BILL:2025-09-06:592694|RUNNING_BILL:2025-11-05:592694|FINAL_BILL:2026-01-19:254012|RETENTION_RELEASE:2026-07-18:127006
ESK-1717,DIST_102,201,Work 718: DRINKING_WATER Project at Location 717,Synthetic work description for demo data import,DRINKING_WATER,541650,0,541650,2025-03-28,2025-04-12,2026-04-06,COMPLETED,100,false,Municipal Corporation,Location 717,28.569651,77.335721,false,false,
ESK-1718,DIST_101,203,Work 719: HEALTH Project at Location 718,Synthetic work description for demo data import,HEALTH,2302908,0,2302908,2023-10-25,2023-12-05,2025-09-21,COMPLETED,100,true,Irrigation & Flood Control Dept,Location 718,28.627495,77.292232,false,true,
ESK-1719,DIST_102,203,Work 720: EDUCATION Project at Location 719,Synthetic work description for demo data import,EDUCATION,2733296,1270982,2621383,2023-03-21,2023-04-14,,IN_PROGRESS,45,false,Municipal Corporation,Location 719,28.632475,77.172421,false,true,MOBILISATION_ADVANCE:2023-05-09:409994|RUNNING_BILL:2023-09-01:430494|RUNNING_BILL:2023-11-27:430494
ESK-1720,DIST_101,202,Work 721: EDUCATION Project at Location 720,Synthetic work description for demo data import,EDUCATION,2919063,2773109,2919063,2025-07-31,2025-09-19,2026-09-05,COMPLETED,100,false,Public Works Department (PWD),Location 720,28.628981,77.387698,false,false,MOBILISATION_ADVANCE:2025-10-28:437859|RUNNING_BILL:2026-01-15:1021672|RUNNING_BILL:2026-03-22:1021672|FINAL_BILL:2026-06-05:291906
ESK-1721,DIST_104,203,Work 722: OTHER Project at Location 721,Synthetic work description for demo data import,OTHER,1377098,1377098,1377098,2024-09-06,2024-10-10,2025-12-08,COMPLETED,100,true,Public Works Department (PWD),Location 721,28.524548,77.391338,false,false,MOBILISATION_ADVANCE:2024-10-22:206565|RUNNING_BILL:2025-01-25:240992|RUNNING_BILL:2025-03-24:240992|RUNNING_BILL:2025-06-18:240992|RUNNING_BILL:2025-08-13:240992|FINAL_BILL:2025-10-27:137710|RETENTION_RELEASE:2026-04-25:68855
ESK-1722,DIST_104,202,Work 723: OTHER Project at Location 722,Synthetic work description for demo data import,OTHER,953876,953877,953876,2023-02-02,2023-02-23,2024-01-14,COMPLETED,100,true,Municipal Corporation,Location 722,28.509775,77.266685,false,false,MOBILISATION_ADVANCE:2023-03-26:143081|RUNNING_BILL:2023-06-20:333857|RUNNING_BILL:2023-08-27:333857|FINAL_BILL:2023-11-10:95388|RETENTION_RELEASE:2024-05-08:47694
ESK-1723,DIST_104,201,Work 724: DRINKING_WATER Project at Location 723,Synthetic work description for demo data import,DRINKING_WATER,913965,137095,76569,2026-05-28,2026-07-17,,IN_PROGRESS,28,false,Municipal Corporation,Location 723,28.741803,77.246689,false,false,MOBILISATION_ADVANCE:2026-08-20:137095
ESK-1724,DIST_103,201,Work 725: ROADS_BRIDGES Project at Location 724,Synthetic work description for demo data import,ROADS_BRIDGES,1916353,0,0,2026-08-05,,,NOT_STARTED,0,false,Rural Development Agency (DRDA),Location 724,28.629631,77.362525,false,false,
ESK-1725,DIST_104,204,Work 726: DRINKING_WATER Project at Location 725,Synthetic work description for demo data import,DRINKING_WATER,1357971,203696,1357971,2024-09-22,2024-11-09,2026-07-26,COMPLETED,100,true,Municipal Corporation,Location 725,28.633733,77.293976,false,false,MOBILISATION_ADVANCE:2024-11-26:203696
ESK-1726,DIST_102,202,Work 727: OTHER Project at Location 726,Synthetic work description for demo data import,OTHER,131602,131601,131602,2023-08-12,2023-09-20,2024-03-04,COMPLETED,100,true,Rural Development Agency (DRDA),Location 726,28.725636,77.197042,false,false,MOBILISATION_ADVANCE:2023-10-25:19740|RUNNING_BILL:2024-02-03:30707|RUNNING_BILL:2024-04-22:30707|RUNNING_BILL:2024-06-19:30707|FINAL_BILL:2024-09-02:13160|RETENTION_RELEASE:2025-03-01:6580
ESK-1727,DIST_101,204,Work 728: OTHER Project at Location 727,Synthetic work description for demo data import,OTHER,1413908,736646,0,2023-07-24,2023-08-20,,ON_HOLD,53,false,Public Works Department (PWD),Location 727,28.505041,77.252435,false,false,MOBILISATION_ADVANCE:2023-08-31:212086|RUNNING_BILL:2023-12-04:262280|RUNNING_BILL:2024-01-31:262280
ESK-1728,DIST_104,203,Work 729: OTHER Project at Location 728,Synthetic work description for demo data import,OTHER,1962866,294430,1962866,2023-10-27,2023-12-01,2024-09-10,COMPLETED,100,true,Municipal Corporation,Location 728,28.701065,77.233527,true,false,MOBILISATION_ADVANCE:2024-01-08:294430
ESK-1729,DIST_101,201,Work 730: HEALTH Project at Location 729,Synthetic work description for demo data import,HEALTH,513089,487436,513089,2025-04-06,2025-05-03,2025-10-14,COMPLETED,100,true,Municipal Corporation,Location 729,28.701333,77.303894,false,false,MOBILISATION_ADVANCE:2025-05-18:76963|RUNNING_BILL:2025-09-14:89791|RUNNING_BILL:2025-12-02:89791|RUNNING_BILL:2026-02-07:89791|RUNNING_BILL:2026-04-27:89791|FINAL_BILL:2026-07-11:51309
ESK-1730,DIST_103,204,Work 731: ROADS_BRIDGES Project at Location 730,Synthetic work description for demo data import,ROADS_BRIDGES,707988,707987,707988,2022-09-09,2022-10-21,2023-12-31,COMPLETED,100,true,Municipal Corporation,Location 730,28.577453,77.180544,true,false,MOBILISATION_ADVANCE:2022-11-24:106198|RUNNING_BILL:2023-03-05:165197|RUNNING_BILL:2023-04-30:165197|RUNNING_BILL:2023-07-23:165197|FINAL_BILL:2023-10-06:70799|RETENTION_RELEASE:2024-04-03:35399
ESK-1731,DIST_102,202,Work 732: SANITATION Project at Location 731,Synthetic work description for demo data import,SANITATION,4738919,2767529,1686620,2025-03-01,2025-03-09,,IN_PROGRESS,62,false,Rural Development Agency (DRDA),Location 731,28.561825,77.372189,true,false,MOBILISATION_ADVANCE:2025-03-24:710838|RUNNING_BILL:2025-07-21:2056691
ESK-1732,DIST_103,202,Work 733: HEALTH Project at Location 732,Synthetic work description for demo data import,HEALTH,2843486,1640691,273071,2022-08-13,2022-08-27,,IN_PROGRESS,61,false,Public Works Department (PWD),Location 732,28.649170,77.168048,false,false,MOBILISATION_ADVANCE:2022-10-05:426523|RUNNING_BILL:2022-12-31:607084|RUNNING_BILL:2023-03-07:607084
ESK-1733,DIST_104,204,Work 734: OTHER Project at Location 733,Synthetic work description for demo data import,OTHER,2150966,2043418,2150966,2025-02-02,2025-03-19,2026-09-05,COMPLETED,100,true,Municipal Corporation,Location 733,28.621632,77.212271,false,false,MOBILISATION_ADVANCE:2025-03-31:322645|RUNNING_BILL:2025-07-28:376419|RUNNING_BILL:2025-09-15:376419|RUNNING_BILL:2025-12-06:376419|RUNNING_BILL:2026-01-28:376419|FINAL_BILL:2026-04-13:215097
ESK-1734,DIST_102,203,Work 735: SANITATION Project at Location 734,Synthetic work description for demo data import,SANITATION,2310859,2195315,2310859,2025-02-28,2025-03-16,2026-04-29,COMPLETED,100,true,Irrigation & Flood Control Dept,Location 734,28.551419,77.157115,false,false,MOBILISATION_ADVANCE:2025-04-24:346629|RUNNING_BILL:2025-08-04:539200|RUNNING_BILL:2025-10-18:539200|RUNNING_BILL:2025-12-28:539200|FINAL_BILL:2026-03-13:231086
ESK-1735,DIST_104,204,Work 736: SANITATION Project at Location 735,Synthetic work description for demo data import,SANITATION,2799883,419982,0,2022-09-15,2022-10-15,,ON_HOLD,28,false,Municipal Corporation,Location 735,28.530529,77.338451,false,false,MOBILISATION_ADVANCE:2022-11-11:419982
ESK-1736,DIST_102,202,Work 737: ROADS_BRIDGES Project at Location 736,Synthetic work description for demo data import,ROADS_BRIDGES,2988075,448211,2988075,2022-09-21,2022-10-26,2024-08-10,COMPLETED,100,true,Irrigation & Flood Control Dept,Location 736,28.528777,77.231421,false,false,MOBILISATION_ADVANCE:2022-11-23:448211
ESK-1737,DIST_102,202,Work 738: HEALTH Project at Location 737,Synthetic work description for demo data import,HEALTH,658635,0,0,2026-09-01,,,NOT_STARTED,0,false,Irrigation & Flood Control Dept,Location 737,28.616346,77.204729,false,false,
ESK-1738,DIST_103,202,Work 739: EDUCATION Project at Location 738,Synthetic work description for demo data import,EDUCATION,893997,893996,893997,2023-07-22,2023-08-27,2024-06-08,COMPLETED,100,true,Municipal Corporation,Location 738,28.720501,77.370284,true,false,MOBILISATION_ADVANCE:2023-09-10:134100|RUNNING_BILL:2024-01-09:156449|RUNNING_BILL:2024-03-15:156449|RUNNING_BILL:2024-06-07:156449|RUNNING_BILL:2024-08-16:156449|FINAL_BILL:2024-10-30:89400|RETENTION_RELEASE:2025-04-28:44700
ESK-1739,DIST_102,202,Work 740: DRINKING_WATER Project at Location 739,Synthetic work description for demo data import,DRINKING_WATER,605552,605554,605552,2023-03-21,2023-04-03,2024-08-25,COMPLETED,100,true,Public Works Department (PWD),Location 739,28.605899,77.175504,false,false,MOBILISATION_ADVANCE:2023-05-12:90833|RUNNING_BILL:2023-08-29:105972|RUNNING_BILL:2023-10-26:105972|RUNNING_BILL:2024-01-06:105972|RUNNING_BILL:2024-04-01:105972|FINAL_BILL:2024-06-15:60555|RETENTION_RELEASE:2024-12-12:30278
ESK-1740,DIST_103,204,Work 741: DRINKING_WATER Project at Location 740,Synthetic work description for demo data import,DRINKING_WATER,1423849,1423848,1423849,2024-06-30,2024-08-19,2026-04-30,COMPLETED,100,true,Rural Development Agency (DRDA),Location 740,28.542984,77.388256,false,false,MOBILISATION_ADVANCE:2024-09-22:213577|RUNNING_BILL:2024-12-22:498347|RUNNING_BILL:2025-03-05:498347|FINAL_BILL:2025-05-19:142385|RETENTION_RELEASE:2025-11-15:71192
ESK-1741,DIST_101,204,Work 742: OTHER Project at Location 741,Synthetic work description for demo data import,OTHER,110285,16543,110285,2024-03-13,2024-03-28,2025-07-10,COMPLETED,100,false,Rural Development Agency (DRDA),Location 741,28.611746,77.311626,false,false,MOBILISATION_ADVANCE:2024-04-24:16543
ESK-1742,DIST_103,202,Work 743: SANITATION Project at Location 742,Synthetic work description for demo data import,SANITATION,2124446,0,0,2026-07-24,,,NOT_STARTED,0,false,Rural Development Agency (DRDA),Location 742,28.596589,77.348693,true,false,
ESK-1743,DIST_102,204,Work 744: EDUCATION Project at Location 743,Synthetic work description for demo data import,EDUCATION,1867299,280095,1867299,2023-04-18,2023-05-02,2023-11-14,COMPLETED,100,true,Public Works Department (PWD),Location 743,28.502254,77.177003,false,false,MOBILISATION_ADVANCE:2023-05-26:280095
ESK-1744,DIST_104,201,Work 745: HEALTH Project at Location 744,Synthetic work description for demo data import,HEALTH,334055,50108,334055,2024-04-12,2024-05-23,2025-02-17,COMPLETED,100,true,Irrigation & Flood Control Dept,Location 744,28.615353,77.253222,true,false,MOBILISATION_ADVANCE:2024-06-15:50108
ESK-1745,DIST_104,203,Work 746: SANITATION Project at Location 745,Synthetic work description for demo data import,SANITATION,886198,886198,886198,2024-12-16,2024-12-25,2025-12-20,COMPLETED,100,true,Public Works Department (PWD),Location 745,28.631257,77.387280,true,false,MOBILISATION_ADVANCE:2025-01-21:132930|RUNNING_BILL:2025-05-17:310169|RUNNING_BILL:2025-07-15:310169|FINAL_BILL:2025-09-28:88620|RETENTION_RELEASE:2026-03-27:44310
ESK-1746,DIST_101,204,Work 747: OTHER Project at Location 746,Synthetic work description for demo data import,OTHER,4132694,0,0,2026-07-09,,,NOT_STARTED,0,false,Irrigation & Flood Control Dept,Location 746,28.638351,77.237815,false,false,
ESK-1747,DIST_101,201,Work 748: SANITATION Project at Location 747,Synthetic work description for demo data import,SANITATION,357322,53598,357322,2023-09-21,2023-11-01,2025-02-11,COMPLETED,100,true,Public Works Department (PWD),Location 747,28.504985,77.286467,true,false,MOBILISATION_ADVANCE:2023-11-27:53598
ESK-1748,DIST_102,201,Work 749: ROADS_BRIDGES Project at Location 748,Synthetic work description for demo data import,ROADS_BRIDGES,4937669,740650,2709640,2023-01-13,2023-02-27,,IN_PROGRESS,73,false,Public Works Department (PWD),Location 748,28.518255,77.333438,false,false,MOBILISATION_ADVANCE:2023-03-28:740650
ESK-1749,DIST_103,202,Work 750: ROADS_BRIDGES Project at Location 749,Synthetic work description for demo data import,ROADS_BRIDGES,4639785,695968,0,2025-06-09,2025-07-28,,NOT_STARTED,0,false,Irrigation & Flood Control Dept,Location 749,28.646581,77.169567,true,false,MOBILISATION_ADVANCE:2025-08-23:695968|RUNNING_BILL:2025-11-25:0|RUNNING_BILL:2026-01-19:0|RUNNING_BILL:2026-03-07:0
ESK-1750,DIST_101,204,Work 751: DRINKING_WATER Project at Location 750,Synthetic work description for demo data import,DRINKING_WATER,4707141,706071,1321611,2023-12-22,2024-02-02,,IN_PROGRESS,34,false,Municipal Corporation,Location 750,28.631630,77.391899,false,false,MOBILISATION_ADVANCE:2024-02-21:706071
ESK-1751,DIST_104,204,Work 752: DRINKING_WATER Project at Location 751,Synthetic work description for demo data import,DRINKING_WATER,543587,0,543587,2023-08-26,2023-09-22,2024-01-22,COMPLETED,100,true,Irrigation & Flood Control Dept,Location 751,28.530973,77.276636,false,false,
ESK-1752,DIST_103,202,Work 753: HEALTH Project at Location 752,Synthetic work description for demo data import,HEALTH,2472931,370940,2472931,2025-01-05,2025-01-22,2026-08-27,COMPLETED,100,true,Municipal Corporation,Location 752,28.625962,77.257006,false,false,MOBILISATION_ADVANCE:2025-02-13:370940
ESK-1753,DIST_104,202,Work 754: HEALTH Project at Location 753,Synthetic work description for demo data import,HEALTH,1279113,191867,1279113,2023-05-03,2023-06-22,2024-12-31,COMPLETED,100,true,Public Works Department (PWD),Location 753,28.624504,77.250663,true,false,MOBILISATION_ADVANCE:2023-08-02:191867
ESK-1754,DIST_104,202,Work 755: DRINKING_WATER Project at Location 754,Synthetic work description for demo data import,DRINKING_WATER,3112631,3112632,3112631,2022-12-25,2023-01-23,2024-08-28,COMPLETED,100,true,Irrigation & Flood Control Dept,Location 754,28.745904,77.332982,false,false,MOBILISATION_ADVANCE:2023-02-26:466895|RUNNING_BILL:2023-06-03:1089421|RUNNING_BILL:2023-08-14:1089421|FINAL_BILL:2023-10-28:311263|RETENTION_RELEASE:2024-04-25:155632
ESK-1755,DIST_103,201,Work 756: ROADS_BRIDGES Project at Location 755,Synthetic work description for demo data import,ROADS_BRIDGES,961148,961148,961148,2023-08-17,2023-08-22,2024-12-09,COMPLETED,100,true,Irrigation & Flood Control Dept,Location 755,28.511499,77.372988,false,false,MOBILISATION_ADVANCE:2023-10-06:144172|RUNNING_BILL:2024-01-13:168201|RUNNING_BILL:2024-04-12:168201|RUNNING_BILL:2024-07-10:168201|RUNNING_BILL:2024-09-10:168201|FINAL_BILL:2024-11-24:96115|RETENTION_RELEASE:2025-05-23:48057
ESK-1756,DIST_102,201,Work 757: DRINKING_WATER Project at Location 756,Synthetic work description for demo data import,DRINKING_WATER,4299341,644901,0,2026-03-17,2026-04-02,,NOT_STARTED,0,false,Irrigation & Flood Control Dept,Location 756,28.514520,77.309828,true,false,MOBILISATION_ADVANCE:2026-05-03:644901|RUNNING_BILL:2026-08-12:0
ESK-1757,DIST_103,204,Work 758: ROADS_BRIDGES Project at Location 757,Synthetic work description for demo data import,ROADS_BRIDGES,1723126,547954,827583,2023-07-08,2023-08-13,,IN_PROGRESS,24,false,Rural Development Agency (DRDA),Location 757,28.599104,77.216583,false,false,MOBILISATION_ADVANCE:2023-08-28:258469|RUNNING_BILL:2023-11-29:96495|RUNNING_BILL:2024-02-22:96495|RUNNING_BILL:2024-05-12:96495
ESK-1758,DIST_102,202,Work 759: SANITATION Project at Location 758,Synthetic work description for demo data import,SANITATION,2150197,2150199,2150197,2024-06-19,2024-07-12,2024-11-21,COMPLETED,100,true,Municipal Corporation,Location 758,28.668441,77.238048,false,false,MOBILISATION_ADVANCE:2024-08-16:322530|RUNNING_BILL:2024-11-14:501713|RUNNING_BILL:2025-02-05:501713|RUNNING_BILL:2025-04-17:501713|FINAL_BILL:2025-07-01:215020|RETENTION_RELEASE:2025-12-28:107510
ESK-1759,DIST_101,203,Work 760: EDUCATION Project at Location 759,Synthetic work description for demo data import,EDUCATION,194973,194972,194973,2023-10-06,2023-10-16,2024-09-20,COMPLETED,100,true,Irrigation & Flood Control Dept,Location 759,28.570594,77.203559,false,true,MOBILISATION_ADVANCE:2023-10-30:29246|RUNNING_BILL:2024-02-09:34120|RUNNING_BILL:2024-05-06:34120|RUNNING_BILL:2024-07-14:34120|RUNNING_BILL:2024-10-08:34120|FINAL_BILL:2024-12-22:19497|RETENTION_RELEASE:2025-06-20:9749
ESK-1760,DIST_102,203,Work 761: ROADS_BRIDGES Project at Location 760,Synthetic work description for demo data import,ROADS_BRIDGES,1373253,0,1373253,2023-06-28,2023-07-17,2024-02-25,COMPLETED,100,false,Irrigation & Flood Control Dept,Location 760,28.544862,77.380926,false,false,
ESK-1761,DIST_102,203,Work 762: ROADS_BRIDGES Project at Location 761,Synthetic work description for demo data import,ROADS_BRIDGES,367473,142580,256017,2025-05-25,2025-07-08,,IN_PROGRESS,34,false,Municipal Corporation,Location 761,28.610177,77.166658,true,false,MOBILISATION_ADVANCE:2025-08-11:55121|RUNNING_BILL:2025-11-11:29153|RUNNING_BILL:2026-02-08:29153|RUNNING_BILL:2026-04-17:29153
ESK-1762,DIST_101,203,Work 763: DRINKING_WATER Project at Location 762,Synthetic work description for demo data import,DRINKING_WATER,2273014,2273014,2273014,2023-10-29,2023-11-13,2024-04-03,COMPLETED,100,true,Public Works Department (PWD),Location 762,28.713566,77.236409,false,false,MOBILISATION_ADVANCE:2023-12-08:340952|RUNNING_BILL:2024-03-21:795555|RUNNING_BILL:2024-06-17:795555|FINAL_BILL:2024-08-31:227301|RETENTION_RELEASE:2025-02-27:113651
ESK-1763,DIST_103,202,Work 764: EDUCATION Project at Location 763,Synthetic work description for demo data import,EDUCATION,373482,354808,373482,2025-08-21,2025-09-12,2026-03-18,COMPLETED,100,false,Municipal Corporation,Location 763,28.620197,77.318102,false,false,MOBILISATION_ADVANCE:2025-10-26:56022|RUNNING_BILL:2026-01-02:87146|RUNNING_BILL:2026-03-22:87146|RUNNING_BILL:2026-06-02:87146|FINAL_BILL:2026-08-16:37348
ESK-1764,DIST_103,203,Work 765: ROADS_BRIDGES Project at Location 764,Synthetic work description for demo data import,ROADS_BRIDGES,2637058,2637060,2637058,2022-12-31,2023-01-22,2024-11-26,COMPLETED,100,true,Rural Development Agency (DRDA),Location 764,28.724623,77.267919,true,false,MOBILISATION_ADVANCE:2023-03-08:395559|RUNNING_BILL:2023-06-02:615314|RUNNING_BILL:2023-07-27:615314|RUNNING_BILL:2023-10-15:615314|FINAL_BILL:2023-12-29:263706|RETENTION_RELEASE:2024-06-26:131853
ESK-1765,DIST_103,201,Work 766: SANITATION Project at Location 765,Synthetic work description for demo data import,SANITATION,402672,0,0,2026-07-05,,,NOT_STARTED,0,false,Rural Development Agency (DRDA),Location 765,28.523995,77.307218,true,true,
ESK-1766,DIST_103,204,Work 767: HEALTH Project at Location 766,Synthetic work description for demo data import,HEALTH,438171,438172,438171,2024-05-20,2024-06-04,2026-02-18,COMPLETED,100,true,Irrigation & Flood Control Dept,Location 766,28.667332,77.273739,false,false,MOBILISATION_ADVANCE:2024-07-05:65726|RUNNING_BILL:2024-10-18:102240|RUNNING_BILL:2024-12-29:102240|RUNNING_BILL:2025-03-11:102240|FINAL_BILL:2025-05-25:43817|RETENTION_RELEASE:2025-11-21:21909
ESK-1767,DIST_104,203,Work 768: SANITATION Project at Location 767,Synthetic work description for demo data import,SANITATION,715201,715200,715201,2024-06-23,2024-07-28,2025-11-28,COMPLETED,100,true,Irrigation & Flood Control Dept,Location 767,28.517680,77.359063,false,false,MOBILISATION_ADVANCE:2024-08-26:107280|RUNNING_BILL:2024-12-03:125160|RUNNING_BILL:2025-03-01:125160|RUNNING_BILL:2025-04-29:125160|RUNNING_BILL:2025-06-29:125160|FINAL_BILL:2025-09-12:71520|RETENTION_RELEASE:2026-03-11:35760
ESK-1768,DIST_103,203,Work 769: HEALTH Project at Location 768,Synthetic work description for demo data import,HEALTH,310072,209300,310072,2025-10-05,2025-10-30,2026-09-05,COMPLETED,100,false,Public Works Department (PWD),Location 768,28.741921,77.320373,false,false,MOBILISATION_ADVANCE:2025-11-28:46511|RUNNING_BILL:2026-03-22:54263|RUNNING_BILL:2026-06-03:54263|RUNNING_BILL:2026-08-19:54263
ESK-1769,DIST_104,202,Work 770: EDUCATION Project at Location 769,Synthetic work description for demo data import,EDUCATION,3021821,2870729,3021821,2025-08-06,2025-08-28,2026-09-05,COMPLETED,100,true,Public Works Department (PWD),Location 769,28.633554,77.303397,false,false,MOBILISATION_ADVANCE:2025-09-23:453273|RUNNING_BILL:2025-12-27:1057637|RUNNING_BILL:2026-02-25:1057637|FINAL_BILL:2026-05-11:302182
ESK-1770,DIST_101,202,Work 771: SANITATION Project at Location 770,Synthetic work description for demo data import,SANITATION,2465360,2465360,2465360,2024-01-19,2024-01-29,2025-01-02,COMPLETED,100,false,Municipal Corporation,Location 770,28.581683,77.260896,false,false,MOBILISATION_ADVANCE:2024-03-07:369804|RUNNING_BILL:2024-06-13:431438|RUNNING_BILL:2024-08-06:431438|RUNNING_BILL:2024-09-30:431438|RUNNING_BILL:2024-12-24:431438|FINAL_BILL:2025-03-09:246536|RETENTION_RELEASE:2025-09-05:123268
ESK-1771,DIST_102,204,Work 772: SANITATION Project at Location 771,Synthetic work description for demo data import,SANITATION,603706,603707,603706,2022-11-10,2022-12-03,2024-04-01,COMPLETED,100,true,Irrigation & Flood Control Dept,Location 771,28.566402,77.295161,false,false,MOBILISATION_ADVANCE:2023-01-11:90556|RUNNING_BILL:2023-05-01:140865|RUNNING_BILL:2023-07-05:140865|RUNNING_BILL:2023-08-28:140865|FINAL_BILL:2023-11-11:60371|RETENTION_RELEASE:2024-05-09:30185
ESK-1772,DIST_102,203,Work 773: SANITATION Project at Location 772,Synthetic work description for demo data import,SANITATION,1309509,196426,1309509,2024-10-02,2024-11-07,2025-09-22,COMPLETED,100,false,Public Works Department (PWD),Location 772,28.640827,77.168504,false,false,MOBILISATION_ADVANCE:2024-12-17:196426
ESK-1773,DIST_102,202,Work 774: ROADS_BRIDGES Project at Location 773,Synthetic work description for demo data import,ROADS_BRIDGES,1448087,1375683,1448087,2025-09-02,2025-09-10,2026-02-18,COMPLETED,100,false,Municipal Corporation,Location 773,28.723556,77.193867,true,false,MOBILISATION_ADVANCE:2025-10-16:217213|RUNNING_BILL:2025-12-26:337887|RUNNING_BILL:2026-02-20:337887|RUNNING_BILL:2026-04-26:337887|FINAL_BILL:2026-07-10:144809
ESK-1774,DIST_101,204,Work 775: DRINKING_WATER Project at Location 774,Synthetic work description for demo data import,DRINKING_WATER,475881,71382,475881,2024-09-05,2024-10-23,2025-02-26,COMPLETED,100,true,Public Works Department (PWD),Location 774,28.628109,77.154855,false,false,MOBILISATION_ADVANCE:2024-12-07:71382
ESK-1775,DIST_104,204,Work 776: DRINKING_WATER Project at Location 775,Synthetic work description for demo data import,DRINKING_WATER,224614,33692,224614,2024-09-03,2024-09-21,2026-03-01,COMPLETED,100,true,Rural Development Agency (DRDA),Location 775,28.636675,77.173651,false,false,MOBILISATION_ADVANCE:2024-10-07:33692
ESK-1776,DIST_101,201,Work 777: EDUCATION Project at Location 776,Synthetic work description for demo data import,EDUCATION,2434250,365138,2434250,2025-10-09,2025-11-25,2026-07-16,COMPLETED,100,false,Municipal Corporation,Location 776,28.574085,77.251908,false,false,MOBILISATION_ADVANCE:2026-01-09:365138
ESK-1777,DIST_104,204,Work 778: DRINKING_WATER Project at Location 777,Synthetic work description for demo data import,DRINKING_WATER,1205534,743412,1205534,2025-12-13,2026-01-10,2026-09-05,COMPLETED,100,true,Irrigation & Flood Control Dept,Location 777,28.573855,77.223337,false,false,MOBILISATION_ADVANCE:2026-01-21:180830|RUNNING_BILL:2026-05-17:281291|RUNNING_BILL:2026-07-24:281291
ESK-1778,DIST_104,202,Work 779: EDUCATION Project at Location 778,Synthetic work description for demo data import,EDUCATION,997410,0,0,2023-03-15,2023-04-19,,ON_HOLD,75,false,Municipal Corporation,Location 778,28.611306,77.378096,false,false,
ESK-1779,DIST_101,204,Work 780: ROADS_BRIDGES Project at Location 779,Synthetic work description for demo data import,ROADS_BRIDGES,1854427,927213,1854427,2026-03-19,2026-05-06,2026-09-05,COMPLETED,100,true,Irrigation & Flood Control Dept,Location 779,28.527941,77.259985,false,false,MOBILISATION_ADVANCE:2026-06-20:278164|RUNNING_BILL:2026-08-19:649049
ESK-1780,DIST_101,203,Work 781: DRINKING_WATER Project at Location 780,Synthetic work description for demo data import,DRINKING_WATER,2492976,1351193,78461,2025-09-29,2025-10-10,,IN_PROGRESS,56,false,Public Works Department (PWD),Location 780,28.684268,77.259267,false,false,MOBILISATION_ADVANCE:2025-11-05:373946|RUNNING_BILL:2026-03-02:977247
ESK-1781,DIST_103,201,Work 782: DRINKING_WATER Project at Location 781,Synthetic work description for demo data import,DRINKING_WATER,2949628,1825820,531113,2024-03-10,2024-04-28,,IN_PROGRESS,67,false,Rural Development Agency (DRDA),Location 781,28.649970,77.195757,false,true,MOBILISATION_ADVANCE:2024-05-25:442444|RUNNING_BILL:2024-08-18:1383376
ESK-1782,DIST_101,204,Work 783: OTHER Project at Location 782,Synthetic work description for demo data import,OTHER,601522,90228,601522,2024-12-07,2024-12-20,2026-08-25,COMPLETED,100,false,Rural Development Agency (DRDA),Location 782,28.683045,77.205616,false,false,MOBILISATION_ADVANCE:2025-01-21:90228
ESK-1783,DIST_102,203,Work 784: OTHER Project at Location 783,Synthetic work description for demo data import,OTHER,1332853,0,1332853,2024-09-23,2024-11-10,2026-09-05,COMPLETED,100,true,Public Works Department (PWD),Location 783,28.589069,77.274230,false,false,
ESK-1784,DIST_101,204,Work 785: EDUCATION Project at Location 784,Synthetic work description for demo data import,EDUCATION,389064,232661,342246,2023-10-05,2023-10-29,,IN_PROGRESS,64,false,Irrigation & Flood Control Dept,Location 784,28.677397,77.304358,false,false,MOBILISATION_ADVANCE:2023-12-13:58360|RUNNING_BILL:2024-02-17:174301
ESK-1785,DIST_101,202,Work 786: EDUCATION Project at Location 785,Synthetic work description for demo data import,EDUCATION,286095,0,80738,2025-03-01,2025-03-17,,IN_PROGRESS,20,false,Municipal Corporation,Location 785,28.521821,77.236804,false,false,
ESK-1786,DIST_102,204,Work 787: SANITATION Project at Location 786,Synthetic work description for demo data import,SANITATION,2394403,917854,2394403,2026-02-26,2026-04-11,2026-09-05,COMPLETED,100,true,Irrigation & Flood Control Dept,Location 786,28.677226,77.212549,false,false,MOBILISATION_ADVANCE:2026-05-25:359160|RUNNING_BILL:2026-09-01:558694
ESK-1787,DIST_101,204,Work 788: SANITATION Project at Location 787,Synthetic work description for demo data import,SANITATION,2636633,1004557,2021681,2025-05-28,2025-06-16,,IN_PROGRESS,33,false,Irrigation & Flood Control Dept,Location 787,28.551393,77.369768,false,false,MOBILISATION_ADVANCE:2025-06-28:395495|RUNNING_BILL:2025-11-02:304531|RUNNING_BILL:2026-01-26:304531
ESK-1788,DIST_101,204,Work 789: HEALTH Project at Location 788,Synthetic work description for demo data import,HEALTH,1002947,431268,818981,2023-10-17,2023-11-18,,IN_PROGRESS,40,false,Irrigation & Flood Control Dept,Location 788,28.716682,77.387246,false,false,MOBILISATION_ADVANCE:2023-12-27:150442|RUNNING_BILL:2024-03-18:140413|RUNNING_BILL:2024-05-23:140413
ESK-1789,DIST_104,202,Work 790: EDUCATION Project at Location 789,Synthetic work description for demo data import,EDUCATION,4898666,734800,0,2023-06-04,2023-07-05,,NOT_STARTED,0,false,Rural Development Agency (DRDA),Location 789,28.617884,77.252880,false,false,MOBILISATION_ADVANCE:2023-07-23:734800|RUNNING_BILL:2023-10-28:0
ESK-1790,DIST_103,202,Work 791: OTHER Project at Location 790,Synthetic work description for demo data import,OTHER,777186,777188,777186,2022-09-30,2022-11-15,2024-04-08,COMPLETED,100,true,Public Works Department (PWD),Location 790,28.729958,77.328009,false,false,MOBILISATION_ADVANCE:2022-12-19:116578|RUNNING_BILL:2023-03-17:136008|RUNNING_BILL:2023-05-13:136008|RUNNING_BILL:2023-07-17:136008|RUNNING_BILL:2023-09-19:136008|FINAL_BILL:2023-12-03:77719|RETENTION_RELEASE:2024-05-31:38859
ESK-1791,DIST_101,204,Work 792: SANITATION Project at Location 791,Synthetic work description for demo data import,SANITATION,2378675,2021873,2378675,2025-09-13,2025-10-28,2026-09-05,COMPLETED,100,true,Public Works Department (PWD),Location 791,28.697256,77.368831,false,false,MOBILISATION_ADVANCE:2025-12-04:356801|RUNNING_BILL:2026-02-20:416268|RUNNING_BILL:2026-04-09:416268|RUNNING_BILL:2026-06-11:416268|RUNNING_BILL:2026-08-21:416268
ESK-1792,DIST_104,203,Work 793: HEALTH Project at Location 792,Synthetic work description for demo data import,HEALTH,2116962,1058481,2116962,2026-02-19,2026-03-04,2026-09-05,COMPLETED,100,true,Irrigation & Flood Control Dept,Location 792,28.715380,77.257028,false,false,MOBILISATION_ADVANCE:2026-04-01:317544|RUNNING_BILL:2026-07-12:740937
ESK-1793,DIST_101,202,Work 794: OTHER Project at Location 793,Synthetic work description for demo data import,OTHER,1248582,423270,771214,2023-12-05,2023-12-13,,IN_PROGRESS,27,false,Public Works Department (PWD),Location 793,28.641144,77.214479,false,false,MOBILISATION_ADVANCE:2024-01-06:187287|RUNNING_BILL:2024-04-26:78661|RUNNING_BILL:2024-06-17:78661|RUNNING_BILL:2024-08-19:78661
ESK-1794,DIST_103,201,Work 795: ROADS_BRIDGES Project at Location 794,Synthetic work description for demo data import,ROADS_BRIDGES,1963675,294551,1963675,2026-04-13,2026-04-19,2026-09-05,COMPLETED,100,true,Municipal Corporation,Location 794,28.719962,77.189928,false,false,MOBILISATION_ADVANCE:2026-05-23:294551
ESK-1795,DIST_101,203,Work 796: HEALTH Project at Location 795,Synthetic work description for demo data import,HEALTH,2636368,1244365,69178,2025-03-15,2025-04-03,,IN_PROGRESS,46,false,Irrigation & Flood Control Dept,Location 795,28.543597,77.377907,false,false,MOBILISATION_ADVANCE:2025-04-15:395455|RUNNING_BILL:2025-08-17:282970|RUNNING_BILL:2025-11-14:282970|RUNNING_BILL:2026-01-23:282970
ESK-1796,DIST_101,203,Work 797: DRINKING_WATER Project at Location 796,Synthetic work description for demo data import,DRINKING_WATER,1642731,1560595,1642731,2025-04-10,2025-05-23,2026-09-05,COMPLETED,100,true,Municipal Corporation,Location 796,28.529627,77.273343,false,false,MOBILISATION_ADVANCE:2025-06-07:246410|RUNNING_BILL:2025-10-06:383304|RUNNING_BILL:2025-12-30:383304|RUNNING_BILL:2026-03-04:383304|FINAL_BILL:2026-05-18:164273
ESK-1797,DIST_101,202,Work 798: EDUCATION Project at Location 797,Synthetic work description for demo data import,EDUCATION,2380318,0,2380318,2024-08-13,2024-09-23,2025-01-31,COMPLETED,100,false,Municipal Corporation,Location 797,28.620243,77.221920,false,false,
ESK-1798,DIST_101,201,Work 799: HEALTH Project at Location 798,Synthetic work description for demo data import,HEALTH,4410632,661595,3282777,2024-02-07,2024-02-26,,IN_PROGRESS,97,false,Irrigation & Flood Control Dept,Location 798,28.656711,77.377704,true,false,MOBILISATION_ADVANCE:2024-03-09:661595
ESK-1799,DIST_104,203,Work 800: ROADS_BRIDGES Project at Location 799,Synthetic work description for demo data import,ROADS_BRIDGES,1171180,1171180,1171180,2023-10-23,2023-11-21,2024-06-10,COMPLETED,100,true,Irrigation & Flood Control Dept,Location 799,28.558274,77.225915,false,true,MOBILISATION_ADVANCE:2023-12-31:175677|RUNNING_BILL:2024-04-14:409913|RUNNING_BILL:2024-06-27:409913|FINAL_BILL:2024-09-10:117118|RETENTION_RELEASE:2025-03-09:58559
ESK-1800,DIST_103,203,Work 801: EDUCATION Project at Location 800,Synthetic work description for demo data import,EDUCATION,603875,90581,603875,2023-11-18,2023-12-26,2025-05-07,COMPLETED,100,true,Rural Development Agency (DRDA),Location 800,28.655392,77.270637,true,false,MOBILISATION_ADVANCE:2024-01-31:90581
ESK-1801,DIST_104,202,Work 802: HEALTH Project at Location 801,Synthetic work description for demo data import,HEALTH,3144816,0,0,2026-07-13,,,NOT_STARTED,0,false,Rural Development Agency (DRDA),Location 801,28.653009,77.345545,false,false,
ESK-1802,DIST_104,201,Work 803: SANITATION Project at Location 802,Synthetic work description for demo data import,SANITATION,1988152,298223,1988152,2022-10-29,2022-12-06,2023-08-28,COMPLETED,100,true,Rural Development Agency (DRDA),Location 802,28.731461,77.179599,false,false,MOBILISATION_ADVANCE:2023-01-15:298223
ESK-1803,DIST_102,204,Work 804: DRINKING_WATER Project at Location 803,Synthetic work description for demo data import,DRINKING_WATER,170473,170473,170473,2024-10-25,2024-11-04,2026-04-22,COMPLETED,100,true,Municipal Corporation,Location 803,28.578821,77.251871,false,false,MOBILISATION_ADVANCE:2024-12-01:25571|RUNNING_BILL:2025-02-27:39777|RUNNING_BILL:2025-04-29:39777|RUNNING_BILL:2025-07-24:39777|FINAL_BILL:2025-10-07:17047|RETENTION_RELEASE:2026-04-05:8524
ESK-1804,DIST_104,202,Work 805: SANITATION Project at Location 804,Synthetic work description for demo data import,SANITATION,4982126,2560813,4248065,2023-12-04,2023-12-28,,IN_PROGRESS,52,false,Public Works Department (PWD),Location 804,28.693809,77.181699,false,false,MOBILISATION_ADVANCE:2024-01-25:747319|RUNNING_BILL:2024-04-14:906747|RUNNING_BILL:2024-06-27:906747
ESK-1805,DIST_102,203,Work 806: ROADS_BRIDGES Project at Location 805,Synthetic work description for demo data import,ROADS_BRIDGES,1581148,237172,1581148,2023-04-14,2023-05-28,2024-05-03,COMPLETED,100,true,Public Works Department (PWD),Location 805,28.651981,77.290746,false,false,MOBILISATION_ADVANCE:2023-07-09:237172
ESK-1806,DIST_101,204,Work 807: EDUCATION Project at Location 806,Synthetic work description for demo data import,EDUCATION,1242173,186326,0,2024-07-01,2024-07-07,,NOT_STARTED,0,false,Public Works Department (PWD),Location 806,28.582165,77.207816,false,true,MOBILISATION_ADVANCE:2024-08-04:186326|RUNNING_BILL:2024-12-01:0
ESK-1807,DIST_101,202,Work 808: ROADS_BRIDGES Project at Location 807,Synthetic work description for demo data import,ROADS_BRIDGES,2732651,2322755,2732651,2025-10-27,2025-12-11,2026-09-05,COMPLETED,100,true,Public Works Department (PWD),Location 807,28.702457,77.198235,false,false,MOBILISATION_ADVANCE:2025-12-21:409898|RUNNING_BILL:2026-04-04:637619|RUNNING_BILL:2026-06-12:637619|RUNNING_BILL:2026-08-27:637619
ESK-1808,DIST_103,203,Work 809: HEALTH Project at Location 808,Synthetic work description for demo data import,HEALTH,1692488,253873,1692488,2025-08-29,2025-10-14,2026-08-26,COMPLETED,100,true,Rural Development Agency (DRDA),Location 808,28.657385,77.353485,false,false,MOBILISATION_ADVANCE:2025-10-31:253873
ESK-1809,DIST_104,204,Work 810: ROADS_BRIDGES Project at Location 809,Synthetic work description for demo data import,ROADS_BRIDGES,3038929,0,3038929,2022-08-01,2022-08-24,2023-08-21,COMPLETED,100,false,Municipal Corporation,Location 809,28.686882,77.270526,false,false,
ESK-1810,DIST_103,204,Work 811: ROADS_BRIDGES Project at Location 810,Synthetic work description for demo data import,ROADS_BRIDGES,565453,565454,565453,2023-10-01,2023-11-09,2024-04-18,COMPLETED,100,true,Irrigation & Flood Control Dept,Location 810,28.738623,77.267601,false,false,MOBILISATION_ADVANCE:2023-11-25:84818|RUNNING_BILL:2024-03-21:197909|RUNNING_BILL:2024-06-13:197909|FINAL_BILL:2024-08-27:56545|RETENTION_RELEASE:2025-02-23:28273
ESK-1811,DIST_104,204,Work 812: OTHER Project at Location 811,Synthetic work description for demo data import,OTHER,2601321,2211123,2601321,2025-11-09,2025-12-12,2026-09-05,COMPLETED,100,true,Rural Development Agency (DRDA),Location 811,28.635051,77.244255,false,false,MOBILISATION_ADVANCE:2026-01-17:390198|RUNNING_BILL:2026-04-05:606975|RUNNING_BILL:2026-05-20:606975|RUNNING_BILL:2026-08-07:606975
ESK-1812,DIST_102,203,Work 813: HEALTH Project at Location 812,Synthetic work description for demo data import,HEALTH,1078181,161727,1078181,2024-07-08,2024-08-05,2025-09-13,COMPLETED,100,false,Municipal Corporation,Location 812,28.640853,77.187450,false,false,MOBILISATION_ADVANCE:2024-09-05:161727
ESK-1813,DIST_104,201,Work 814: OTHER Project at Location 813,Synthetic work description for demo data import,OTHER,2576458,386469,2576458,2026-03-27,2026-05-02,2026-09-05,COMPLETED,100,false,Irrigation & Flood Control Dept,Location 813,28.541727,77.272161,false,false,MOBILISATION_ADVANCE:2026-05-19:386469
ESK-1814,DIST_104,204,Work 815: SANITATION Project at Location 814,Synthetic work description for demo data import,SANITATION,2643564,396535,2643564,2023-09-10,2023-10-06,2024-07-06,COMPLETED,100,true,Municipal Corporation,Location 814,28.530954,77.359807,false,false,MOBILISATION_ADVANCE:2023-11-19:396535
ESK-1815,DIST_102,202,Work 816: ROADS_BRIDGES Project at Location 815,Synthetic work description for demo data import,ROADS_BRIDGES,2760963,414144,2760963,2026-05-09,2026-06-08,2026-09-05,COMPLETED,100,false,Rural Development Agency (DRDA),Location 815,28.682495,77.167945,false,false,MOBILISATION_ADVANCE:2026-07-08:414144
ESK-1816,DIST_102,201,Work 817: HEALTH Project at Location 816,Synthetic work description for demo data import,HEALTH,1757421,1757420,1757421,2024-12-24,2025-01-10,2025-05-24,COMPLETED,100,false,Municipal Corporation,Location 816,28.742465,77.174644,false,false,MOBILISATION_ADVANCE:2025-02-17:263613|RUNNING_BILL:2025-06-07:615097|RUNNING_BILL:2025-09-01:615097|FINAL_BILL:2025-11-15:175742|RETENTION_RELEASE:2026-05-14:87871
ESK-1817,DIST_102,201,Work 818: EDUCATION Project at Location 817,Synthetic work description for demo data import,EDUCATION,1288529,193279,1288529,2026-05-19,2026-06-01,2026-09-05,COMPLETED,100,true,Rural Development Agency (DRDA),Location 817,28.685340,77.152129,false,false,MOBILISATION_ADVANCE:2026-06-21:193279
ESK-1818,DIST_103,203,Work 819: EDUCATION Project at Location 818,Synthetic work description for demo data import,EDUCATION,4841553,2047977,222508,2025-08-05,2025-09-07,,IN_PROGRESS,39,false,Public Works Department (PWD),Location 818,28.539801,77.356093,false,false,MOBILISATION_ADVANCE:2025-09-22:726233|RUNNING_BILL:2026-01-28:660872|RUNNING_BILL:2026-03-24:660872
ESK-1819,DIST_102,201,Work 820: ROADS_BRIDGES Project at Location 819,Synthetic work description for demo data import,ROADS_BRIDGES,1343479,888040,1225229,2025-10-01,2025-10-20,,IN_PROGRESS,73,false,Rural Development Agency (DRDA),Location 819,28.582646,77.387033,false,false,MOBILISATION_ADVANCE:2025-11-13:201522|RUNNING_BILL:2026-02-04:343259|RUNNING_BILL:2026-04-03:343259
ESK-1820,DIST_103,201,Work 821: DRINKING_WATER Project at Location 820,Synthetic work description for demo data import,DRINKING_WATER,2504475,375671,2504475,2025-05-13,2025-06-07,2026-09-05,COMPLETED,100,true,Municipal Corporation,Location 820,28.714313,77.385051,false,false,MOBILISATION_ADVANCE:2025-07-07:375671
ESK-1821,DIST_103,201,Work 822: DRINKING_WATER Project at Location 821,Synthetic work description for demo data import,DRINKING_WATER,2462871,2462872,2462871,2023-01-05,2023-02-23,2024-09-13,COMPLETED,100,true,Irrigation & Flood Control Dept,Location 821,28.588121,77.363378,false,false,MOBILISATION_ADVANCE:2023-03-15:369431|RUNNING_BILL:2023-06-15:862005|RUNNING_BILL:2023-08-13:862005|FINAL_BILL:2023-10-27:246287|RETENTION_RELEASE:2024-04-24:123144
ESK-1822,DIST_101,204,Work 823: OTHER Project at Location 822,Synthetic work description for demo data import,OTHER,843848,843848,843848,2024-03-09,2024-04-06,2026-01-03,COMPLETED,100,true,Municipal Corporation,Location 822,28.539400,77.213628,true,false,MOBILISATION_ADVANCE:2024-05-12:126577|RUNNING_BILL:2024-08-06:196898|RUNNING_BILL:2024-10-29:196898|RUNNING_BILL:2024-12-30:196898|FINAL_BILL:2025-03-15:84385|RETENTION_RELEASE:2025-09-11:42192
ESK-1823,DIST_101,202,Work 824: OTHER Project at Location 823,Synthetic work description for demo data import,OTHER,3963670,2703224,2741635,2023-11-30,2023-12-12,,IN_PROGRESS,76,false,Irrigation & Flood Control Dept,Location 823,28.727006,77.384500,false,false,MOBILISATION_ADVANCE:2024-01-04:594551|RUNNING_BILL:2024-04-15:702891|RUNNING_BILL:2024-07-03:702891|RUNNING_BILL:2024-08-20:702891
ESK-1824,DIST_104,201,Work 825: ROADS_BRIDGES Project at Location 824,Synthetic work description for demo data import,ROADS_BRIDGES,3023999,3024000,3023999,2025-01-16,2025-02-09,2025-10-06,COMPLETED,100,true,Municipal Corporation,Location 824,28.582587,77.267007,false,false,MOBILISATION_ADVANCE:2025-02-27:453600|RUNNING_BILL:2025-06-02:705600|RUNNING_BILL:2025-07-29:705600|RUNNING_BILL:2025-10-22:705600|FINAL_BILL:2026-01-05:302400|RETENTION_RELEASE:2026-07-04:151200
ESK-1825,DIST_101,201,Work 826: SANITATION Project at Location 825,Synthetic work description for demo data import,SANITATION,1165166,1106908,1165166,2025-03-18,2025-04-05,2026-09-05,COMPLETED,100,true,Rural Development Agency (DRDA),Location 825,28.738226,77.291694,false,false,MOBILISATION_ADVANCE:2025-04-22:174775|RUNNING_BILL:2025-08-26:271872|RUNNING_BILL:2025-11-20:271872|RUNNING_BILL:2026-01-16:271872|FINAL_BILL:2026-04-01:116517
ESK-1826,DIST_103,204,Work 827: OTHER Project at Location 826,Synthetic work description for demo data import,OTHER,965736,530189,486156,2023-11-20,2023-12-09,,IN_PROGRESS,57,false,Public Works Department (PWD),Location 826,28.661381,77.359362,false,false,MOBILISATION_ADVANCE:2024-01-12:144860|RUNNING_BILL:2024-04-19:385329
ESK-1827,DIST_102,204,Work 828: DRINKING_WATER Project at Location 827,Synthetic work description for demo data import,DRINKING_WATER,3264051,2088993,2432269,2025-12-22,2026-02-06,,IN_PROGRESS,70,false,Public Works Department (PWD),Location 827,28.546429,77.158774,false,false,MOBILISATION_ADVANCE:2026-03-23:489608|RUNNING_BILL:2026-07-04:1599385
ESK-1828,DIST_101,204,Work 829: HEALTH Project at Location 828,Synthetic work description for demo data import,HEALTH,2060488,0,0,2026-08-05,,,NOT_STARTED,0,false,Irrigation & Flood Control Dept,Location 828,28.577901,77.231028,false,false,
ESK-1829,DIST_102,204,Work 830: SANITATION Project at Location 829,Synthetic work description for demo data import,SANITATION,970395,145559,970395,2025-09-19,2025-10-12,2026-03-02,COMPLETED,100,true,Public Works Department (PWD),Location 829,28.565662,77.288049,false,false,MOBILISATION_ADVANCE:2025-10-24:145559
ESK-1830,DIST_102,201,Work 831: SANITATION Project at Location 830,Synthetic work description for demo data import,SANITATION,446420,446422,446420,2024-09-18,2024-09-26,2026-02-05,COMPLETED,100,true,Rural Development Agency (DRDA),Location 830,28.732489,77.325345,false,false,MOBILISATION_ADVANCE:2024-10-18:66963|RUNNING_BILL:2025-01-10:78124|RUNNING_BILL:2025-03-25:78124|RUNNING_BILL:2025-06-19:78124|RUNNING_BILL:2025-08-23:78124|FINAL_BILL:2025-11-06:44642|RETENTION_RELEASE:2026-05-05:22321
ESK-1831,DIST_103,204,Work 832: OTHER Project at Location 831,Synthetic work description for demo data import,OTHER,1952682,1952682,1952682,2025-01-30,2025-03-14,2025-12-16,COMPLETED,100,true,Rural Development Agency (DRDA),Location 831,28.545472,77.379918,false,false,MOBILISATION_ADVANCE:2025-04-17:292902|RUNNING_BILL:2025-06-30:683439|RUNNING_BILL:2025-09-07:683439|FINAL_BILL:2025-11-21:195268|RETENTION_RELEASE:2026-05-20:97634
ESK-1832,DIST_103,204,Work 833: HEALTH Project at Location 832,Synthetic work description for demo data import,HEALTH,2821337,2821338,2821337,2024-02-17,2024-04-01,2025-06-21,COMPLETED,100,false,Rural Development Agency (DRDA),Location 832,28.522934,77.307606,true,false,MOBILISATION_ADVANCE:2024-05-07:423201|RUNNING_BILL:2024-07-20:658312|RUNNING_BILL:2024-09-22:658312|RUNNING_BILL:2024-11-06:658312|FINAL_BILL:2025-01-20:282134|RETENTION_RELEASE:2025-07-19:141067
ESK-1833,DIST_102,201,Work 834: HEALTH Project at Location 833,Synthetic work description for demo data import,HEALTH,4792030,2664368,488792,2022-11-15,2022-12-19,,IN_PROGRESS,58,false,Public Works Department (PWD),Location 833,28.656386,77.223824,true,false,MOBILISATION_ADVANCE:2023-01-06:718805|RUNNING_BILL:2023-04-17:648521|RUNNING_BILL:2023-06-11:648521|RUNNING_BILL:2023-08-07:648521
ESK-1834,DIST_104,203,Work 835: DRINKING_WATER Project at Location 834,Synthetic work description for demo data import,DRINKING_WATER,370122,370122,370122,2023-10-26,2023-11-03,2024-10-08,COMPLETED,100,false,Irrigation & Flood Control Dept,Location 834,28.735088,77.233043,false,false,MOBILISATION_ADVANCE:2023-11-23:55518|RUNNING_BILL:2024-03-02:129543|RUNNING_BILL:2024-05-30:129543|FINAL_BILL:2024-08-13:37012|RETENTION_RELEASE:2025-02-09:18506
ESK-1835,DIST_101,201,Work 836: HEALTH Project at Location 835,Synthetic work description for demo data import,HEALTH,2668339,2668338,2668339,2022-09-07,2022-10-01,2023-04-26,COMPLETED,100,false,Public Works Department (PWD),Location 835,28.721706,77.362090,false,false,MOBILISATION_ADVANCE:2022-10-28:400251|RUNNING_BILL:2023-02-03:466959|RUNNING_BILL:2023-04-03:466959|RUNNING_BILL:2023-05-30:466959|RUNNING_BILL:2023-08-09:466959|FINAL_BILL:2023-10-23:266834|RETENTION_RELEASE:2024-04-20:133417
ESK-1836,DIST_104,202,Work 837: ROADS_BRIDGES Project at Location 836,Synthetic work description for demo data import,ROADS_BRIDGES,2053730,308060,2053730,2023-12-13,2024-01-10,2024-05-10,COMPLETED,100,false,Irrigation & Flood Control Dept,Location 836,28.723370,77.274217,false,false,MOBILISATION_ADVANCE:2024-02-21:308060
ESK-1837,DIST_103,203,Work 838: ROADS_BRIDGES Project at Location 837,Synthetic work description for demo data import,ROADS_BRIDGES,1653667,1570983,1653667,2025-07-20,2025-09-01,2026-03-03,COMPLETED,100,false,Irrigation & Flood Control Dept,Location 837,28.743372,77.278551,false,false,MOBILISATION_ADVANCE:2025-09-13:248050|RUNNING_BILL:2026-01-23:578783|RUNNING_BILL:2026-04-06:578783|FINAL_BILL:2026-06-20:165367
ESK-1838,DIST_101,203,Work 839: OTHER Project at Location 838,Synthetic work description for demo data import,OTHER,1277320,1213453,1277320,2025-08-10,2025-09-05,2026-09-05,COMPLETED,100,false,Rural Development Agency (DRDA),Location 838,28.625803,77.386758,false,false,MOBILISATION_ADVANCE:2025-10-07:191598|RUNNING_BILL:2026-01-30:298041|RUNNING_BILL:2026-03-22:298041|RUNNING_BILL:2026-05-30:298041|FINAL_BILL:2026-08-13:127732
ESK-1839,DIST_102,201,Work 840: HEALTH Project at Location 839,Synthetic work description for demo data import,HEALTH,1893851,284078,1893851,2023-05-09,2023-06-19,2024-01-17,COMPLETED,100,true,Irrigation & Flood Control Dept,Location 839,28.501951,77.176030,true,false,MOBILISATION_ADVANCE:2023-07-17:284078
ESK-1840,DIST_104,202,Work 841: SANITATION Project at Location 840,Synthetic work description for demo data import,SANITATION,521925,521926,521925,2024-02-23,2024-03-27,2024-08-28,COMPLETED,100,true,Municipal Corporation,Location 840,28.667503,77.229275,true,false,MOBILISATION_ADVANCE:2024-04-26:78289|RUNNING_BILL:2024-07-30:91337|RUNNING_BILL:2024-09-15:91337|RUNNING_BILL:2024-12-08:91337|RUNNING_BILL:2025-03-01:91337|FINAL_BILL:2025-05-15:52193|RETENTION_RELEASE:2025-11-11:26096
ESK-1841,DIST_101,203,Work 842: SANITATION Project at Location 841,Synthetic work description for demo data import,SANITATION,2099440,2099440,2099440,2022-12-05,2023-01-19,2024-09-21,COMPLETED,100,true,Irrigation & Flood Control Dept,Location 841,28.554047,77.364461,false,false,MOBILISATION_ADVANCE:2023-02-25:314916|RUNNING_BILL:2023-06-04:367402|RUNNING_BILL:2023-08-27:367402|RUNNING_BILL:2023-10-11:367402|RUNNING_BILL:2024-01-05:367402|FINAL_BILL:2024-03-20:209944|RETENTION_RELEASE:2024-09-16:104972
ESK-1842,DIST_102,201,Work 843: SANITATION Project at Location 842,Synthetic work description for demo data import,SANITATION,1527367,902673,458899,2023-05-14,2023-06-26,,IN_PROGRESS,63,false,Rural Development Agency (DRDA),Location 842,28.732594,77.276781,false,false,MOBILISATION_ADVANCE:2023-08-07:229105|RUNNING_BILL:2023-11-04:336784|RUNNING_BILL:2024-01-23:336784
ESK-1843,DIST_102,201,Work 844: OTHER Project at Location 843,Synthetic work description for demo data import,OTHER,1839020,1839022,1839020,2024-05-06,2024-06-18,2025-11-17,COMPLETED,100,true,Rural Development Agency (DRDA),Location 843,28.571055,77.210425,false,false,MOBILISATION_ADVANCE:2024-07-17:275853|RUNNING_BILL:2024-10-20:321829|RUNNING_BILL:2025-01-10:321829|RUNNING_BILL:2025-03-12:321829|RUNNING_BILL:2025-05-24:321829|FINAL_BILL:2025-08-07:183902|RETENTION_RELEASE:2026-02-03:91951
ESK-1844,DIST_104,204,Work 845: EDUCATION Project at Location 844,Synthetic work description for demo data import,EDUCATION,1337962,0,0,2026-08-07,,,NOT_STARTED,0,false,Rural Development Agency (DRDA),Location 844,28.725825,77.385667,false,false,
ESK-1845,DIST_102,201,Work 846: EDUCATION Project at Location 845,Synthetic work description for demo data import,EDUCATION,169243,84621,169243,2026-04-04,2026-04-18,2026-09-05,COMPLETED,100,false,Irrigation & Flood Control Dept,Location 845,28.617803,77.322612,false,false,MOBILISATION_ADVANCE:2026-05-21:25386|RUNNING_BILL:2026-09-04:59235
ESK-1846,DIST_104,202,Work 847: OTHER Project at Location 846,Synthetic work description for demo data import,OTHER,1173660,176049,1173660,2026-05-23,2026-05-30,2026-09-05,COMPLETED,100,true,Rural Development Agency (DRDA),Location 846,28.651164,77.394080,false,false,MOBILISATION_ADVANCE:2026-07-13:176049
ESK-1847,DIST_104,202,Work 848: DRINKING_WATER Project at Location 847,Synthetic work description for demo data import,DRINKING_WATER,4926116,1669953,1419728,2023-06-26,2023-07-26,,IN_PROGRESS,27,false,Public Works Department (PWD),Location 847,28.534482,77.199355,false,false,MOBILISATION_ADVANCE:2023-08-09:738917|RUNNING_BILL:2023-12-22:931036
ESK-1848,DIST_104,201,Work 849: OTHER Project at Location 848,Synthetic work description for demo data import,OTHER,680040,646038,680040,2025-04-09,2025-05-27,2026-05-30,COMPLETED,100,true,Municipal Corporation,Location 848,28.730004,77.326207,true,false,MOBILISATION_ADVANCE:2025-06-23:102006|RUNNING_BILL:2025-09-20:158676|RUNNING_BILL:2025-12-18:158676|RUNNING_BILL:2026-02-21:158676|FINAL_BILL:2026-05-07:68004
ESK-1849,DIST_101,204,Work 850: OTHER Project at Location 849,Synthetic work description for demo data import,OTHER,1243502,1243500,1243502,2022-10-10,2022-10-19,2023-10-16,COMPLETED,100,false,Irrigation & Flood Control Dept,Location 849,28.574895,77.169122,false,false,MOBILISATION_ADVANCE:2022-10-31:186525|RUNNING_BILL:2023-02-04:290150|RUNNING_BILL:2023-04-14:290150|RUNNING_BILL:2023-06-28:290150|FINAL_BILL:2023-09-11:124350|RETENTION_RELEASE:2024-03-09:62175
ESK-1850,DIST_103,204,Work 851: DRINKING_WATER Project at Location 850,Synthetic work description for demo data import,DRINKING_WATER,447483,447482,447483,2023-07-03,2023-08-10,2024-06-16,COMPLETED,100,false,Public Works Department (PWD),Location 850,28.687371,77.207165,false,false,MOBILISATION_ADVANCE:2023-08-24:67122|RUNNING_BILL:2023-12-13:156619|RUNNING_BILL:2024-03-02:156619|FINAL_BILL:2024-05-16:44748|RETENTION_RELEASE:2024-11-12:22374
ESK-1851,DIST_104,202,Work 852: OTHER Project at Location 851,Synthetic work description for demo data import,OTHER,1617443,1617442,1617443,2025-01-10,2025-02-14,2026-04-25,COMPLETED,100,true,Public Works Department (PWD),Location 851,28.695670,77.358671,false,false,MOBILISATION_ADVANCE:2025-02-25:242616|RUNNING_BILL:2025-07-08:566105|RUNNING_BILL:2025-09-19:566105|FINAL_BILL:2025-12-03:161744|RETENTION_RELEASE:2026-06-01:80872
ESK-1852,DIST_103,204,Work 853: SANITATION Project at Location 852,Synthetic work description for demo data import,SANITATION,2461280,2461280,2461280,2023-12-21,2024-02-01,2025-07-25,COMPLETED,100,true,Irrigation & Flood Control Dept,Location 852,28.626321,77.389905,true,false,MOBILISATION_ADVANCE:2024-02-19:369192|RUNNING_BILL:2024-06-12:861448|RUNNING_BILL:2024-08-07:861448|FINAL_BILL:2024-10-21:246128|RETENTION_RELEASE:2025-04-19:123064
ESK-1853,DIST_103,203,Work 854: SANITATION Project at Location 853,Synthetic work description for demo data import,SANITATION,2328539,2328540,2328539,2024-02-08,2024-03-02,2025-10-05,COMPLETED,100,true,Municipal Corporation,Location 853,28.678568,77.361420,false,false,MOBILISATION_ADVANCE:2024-04-12:349281|RUNNING_BILL:2024-06-26:814989|RUNNING_BILL:2024-09-06:814989|FINAL_BILL:2024-11-20:232854|RETENTION_RELEASE:2025-05-19:116427
ESK-1854,DIST_101,202,Work 855: OTHER Project at Location 854,Synthetic work description for demo data import,OTHER,767373,767374,767373,2024-02-10,2024-02-25,2025-11-28,COMPLETED,100,false,Public Works Department (PWD),Location 854,28.651702,77.369450,false,false,MOBILISATION_ADVANCE:2024-04-01:115106|RUNNING_BILL:2024-06-21:179054|RUNNING_BILL:2024-08-14:179054|RUNNING_BILL:2024-10-14:179054|FINAL_BILL:2024-12-28:76737|RETENTION_RELEASE:2025-06-26:38369
ESK-1855,DIST_101,204,Work 856: HEALTH Project at Location 855,Synthetic work description for demo data import,HEALTH,4104153,2799032,659619,2023-09-05,2023-10-19,,IN_PROGRESS,76,false,Irrigation & Flood Control Dept,Location 855,28.561713,77.283143,false,false,MOBILISATION_ADVANCE:2023-11-04:615623|RUNNING_BILL:2024-02-02:727803|RUNNING_BILL:2024-03-21:727803|RUNNING_BILL:2024-05-14:727803
ESK-1856,DIST_101,203,Work 857: ROADS_BRIDGES Project at Location 856,Synthetic work description for demo data import,ROADS_BRIDGES,2933746,440062,2933746,2024-12-09,2024-12-27,2025-11-15,COMPLETED,100,true,Irrigation & Flood Control Dept,Location 856,28.563488,77.219949,true,false,MOBILISATION_ADVANCE:2025-02-06:440062
ESK-1857,DIST_101,202,Work 858: OTHER Project at Location 857,Synthetic work description for demo data import,OTHER,527603,0,527603,2025-09-25,2025-10-15,2026-09-05,COMPLETED,100,true,Public Works Department (PWD),Location 857,28.622037,77.326435,false,false,
ESK-1858,DIST_102,204,Work 859: EDUCATION Project at Location 858,Synthetic work description for demo data import,EDUCATION,2440037,1527465,0,2023-05-14,2023-06-24,,ON_HOLD,68,false,Public Works Department (PWD),Location 858,28.647885,77.398218,false,false,MOBILISATION_ADVANCE:2023-08-01:366006|RUNNING_BILL:2023-11-10:387153|RUNNING_BILL:2024-01-13:387153|RUNNING_BILL:2024-03-12:387153
ESK-1859,DIST_104,202,Work 860: ROADS_BRIDGES Project at Location 859,Synthetic work description for demo data import,ROADS_BRIDGES,2428438,789243,2428438,2026-01-30,2026-02-27,2026-08-17,COMPLETED,100,true,Municipal Corporation,Location 859,28.722687,77.221746,false,false,MOBILISATION_ADVANCE:2026-03-23:364266|RUNNING_BILL:2026-07-22:424977
ESK-1860,DIST_104,204,Work 861: OTHER Project at Location 860,Synthetic work description for demo data import,OTHER,2425759,363864,0,2026-01-21,2026-02-16,,NOT_STARTED,0,false,Public Works Department (PWD),Location 860,28.691085,77.298255,false,false,MOBILISATION_ADVANCE:2026-03-08:363864|RUNNING_BILL:2026-06-28:0
ESK-1861,DIST_102,204,Work 862: OTHER Project at Location 861,Synthetic work description for demo data import,OTHER,2915637,2478291,2915637,2025-08-01,2025-09-16,2026-05-28,COMPLETED,100,false,Public Works Department (PWD),Location 861,28.745088,77.240601,false,false,MOBILISATION_ADVANCE:2025-09-27:437346|RUNNING_BILL:2026-01-25:680315|RUNNING_BILL:2026-04-19:680315|RUNNING_BILL:2026-07-06:680315
ESK-1862,DIST_102,202,Work 863: HEALTH Project at Location 862,Synthetic work description for demo data import,HEALTH,2382660,2263527,2382660,2025-05-05,2025-06-06,2026-02-15,COMPLETED,100,true,Public Works Department (PWD),Location 862,28.544704,77.314248,false,false,MOBILISATION_ADVANCE:2025-07-21:357399|RUNNING_BILL:2025-09-26:555954|RUNNING_BILL:2025-11-28:555954|RUNNING_BILL:2026-02-25:555954|FINAL_BILL:2026-05-11:238266
ESK-1863,DIST_101,202,Work 864: HEALTH Project at Location 863,Synthetic work description for demo data import,HEALTH,545305,463510,545305,2025-11-28,2025-12-06,2026-09-05,COMPLETED,100,true,Public Works Department (PWD),Location 863,28.598584,77.246806,false,false,MOBILISATION_ADVANCE:2026-01-16:81796|RUNNING_BILL:2026-03-26:190857|RUNNING_BILL:2026-06-24:190857
ESK-1864,DIST_103,202,Work 865: DRINKING_WATER Project at Location 864,Synthetic work description for demo data import,DRINKING_WATER,2455109,1657198,2022477,2022-12-08,2022-12-15,,IN_PROGRESS,75,false,Rural Development Agency (DRDA),Location 864,28.679295,77.246136,false,false,MOBILISATION_ADVANCE:2022-12-31:368266|RUNNING_BILL:2023-04-24:1288932
ESK-1865,DIST_104,202,Work 866: DRINKING_WATER Project at Location 865,Synthetic work description for demo data import,DRINKING_WATER,3029991,2575493,3029991,2025-12-22,2026-01-29,2026-08-16,COMPLETED,100,true,Rural Development Agency (DRDA),Location 865,28.680824,77.336976,false,false,MOBILISATION_ADVANCE:2026-02-16:454499|RUNNING_BILL:2026-05-20:1060497|RUNNING_BILL:2026-07-28:1060497
ESK-1866,DIST_103,203,Work 867: DRINKING_WATER Project at Location 866,Synthetic work description for demo data import,DRINKING_WATER,511678,486094,511678,2025-08-29,2025-10-07,2026-09-05,COMPLETED,100,true,Irrigation & Flood Control Dept,Location 866,28.746507,77.280507,false,false,MOBILISATION_ADVANCE:2025-11-16:76752|RUNNING_BILL:2026-02-09:179087|RUNNING_BILL:2026-05-08:179087|FINAL_BILL:2026-07-22:51168
ESK-1867,DIST_103,204,Work 868: SANITATION Project at Location 867,Synthetic work description for demo data import,SANITATION,1699816,1614826,1699816,2025-07-12,2025-08-08,2026-02-03,COMPLETED,100,true,Irrigation & Flood Control Dept,Location 867,28.729999,77.243679,false,false,MOBILISATION_ADVANCE:2025-09-20:254972|RUNNING_BILL:2025-12-15:396624|RUNNING_BILL:2026-02-12:396624|RUNNING_BILL:2026-04-06:396624|FINAL_BILL:2026-06-20:169982
ESK-1868,DIST_101,202,Work 869: DRINKING_WATER Project at Location 868,Synthetic work description for demo data import,DRINKING_WATER,402377,60357,402377,2024-06-05,2024-07-08,2026-01-19,COMPLETED,100,false,Rural Development Agency (DRDA),Location 868,28.530922,77.358999,false,false,MOBILISATION_ADVANCE:2024-08-14:60357
ESK-1869,DIST_103,203,Work 870: OTHER Project at Location 869,Synthetic work description for demo data import,OTHER,2412522,0,0,2026-01-19,2026-01-31,,ON_HOLD,91,false,Municipal Corporation,Location 869,28.748282,77.179409,false,false,
ESK-1870,DIST_101,203,Work 871: DRINKING_WATER Project at Location 870,Synthetic work description for demo data import,DRINKING_WATER,1331087,199663,1331087,2024-10-14,2024-10-29,2025-08-10,COMPLETED,100,true,Rural Development Agency (DRDA),Location 870,28.746884,77.151522,true,true,MOBILISATION_ADVANCE:2024-12-05:199663
ESK-1871,DIST_103,201,Work 872: EDUCATION Project at Location 871,Synthetic work description for demo data import,EDUCATION,2180619,0,0,2026-06-14,,,NOT_STARTED,0,false,Rural Development Agency (DRDA),Location 871,28.729429,77.168678,false,false,
ESK-1872,DIST_102,203,Work 873: SANITATION Project at Location 872,Synthetic work description for demo data import,SANITATION,517715,168257,517715,2026-04-14,2026-04-21,2026-09-05,COMPLETED,100,true,Irrigation & Flood Control Dept,Location 872,28.688926,77.343716,false,false,MOBILISATION_ADVANCE:2026-05-12:77657|RUNNING_BILL:2026-09-01:90600
ESK-1873,DIST_102,201,Work 874: HEALTH Project at Location 873,Synthetic work description for demo data import,HEALTH,1390731,0,1390731,2024-10-29,2024-12-11,2025-04-28,COMPLETED,100,false,Public Works Department (PWD),Location 873,28.694680,77.347202,false,false,
ESK-1874,DIST_103,202,Work 875: EDUCATION Project at Location 874,Synthetic work description for demo data import,EDUCATION,1335202,1335200,1335202,2023-07-22,2023-08-22,2023-12-21,COMPLETED,100,false,Municipal Corporation,Location 874,28.502788,77.291681,false,false,MOBILISATION_ADVANCE:2023-09-10:200280|RUNNING_BILL:2023-12-17:233660|RUNNING_BILL:2024-03-13:233660|RUNNING_BILL:2024-06-08:233660|RUNNING_BILL:2024-08-04:233660|FINAL_BILL:2024-10-18:133520|RETENTION_RELEASE:2025-04-16:66760
ESK-1875,DIST_101,203,Work 876: SANITATION Project at Location 875,Synthetic work description for demo data import,SANITATION,3020346,453052,3020346,2026-05-02,2026-05-08,2026-09-05,COMPLETED,100,true,Rural Development Agency (DRDA),Location 875,28.530083,77.194004,false,false,MOBILISATION_ADVANCE:2026-05-19:453052
ESK-1876,DIST_102,201,Work 877: DRINKING_WATER Project at Location 876,Synthetic work description for demo data import,DRINKING_WATER,1837280,378480,936693,2025-03-30,2025-05-03,,IN_PROGRESS,8,false,Municipal Corporation,Location 876,28.553821,77.352445,false,false,MOBILISATION_ADVANCE:2025-06-15:275592|RUNNING_BILL:2025-09-08:34296|RUNNING_BILL:2025-11-15:34296|RUNNING_BILL:2026-01-12:34296
ESK-1877,DIST_103,202,Work 878: OTHER Project at Location 877,Synthetic work description for demo data import,OTHER,2706978,2706978,2706978,2024-04-19,2024-05-18,2025-05-30,COMPLETED,100,true,Public Works Department (PWD),Location 877,28.560420,77.288315,false,false,MOBILISATION_ADVANCE:2024-06-25:406047|RUNNING_BILL:2024-09-16:473721|RUNNING_BILL:2024-11-25:473721|RUNNING_BILL:2025-02-13:473721|RUNNING_BILL:2025-05-13:473721|FINAL_BILL:2025-07-27:270698|RETENTION_RELEASE:2026-01-23:135349
ESK-1878,DIST_103,204,Work 879: HEALTH Project at Location 878,Synthetic work description for demo data import,HEALTH,1402600,0,1402600,2024-01-07,2024-01-19,2025-02-12,COMPLETED,100,true,Municipal Corporation,Location 878,28.512429,77.189077,true,false,
ESK-1879,DIST_104,203,Work 880: EDUCATION Project at Location 879,Synthetic work description for demo data import,EDUCATION,1738060,905529,209627,2024-11-02,2024-12-07,,IN_PROGRESS,53,false,Irrigation & Flood Control Dept,Location 879,28.579208,77.270552,true,false,MOBILISATION_ADVANCE:2024-12-17:260709|RUNNING_BILL:2025-03-30:644820
ESK-1880,DIST_104,201,Work 881: SANITATION Project at Location 880,Synthetic work description for demo data import,SANITATION,2449468,2449468,2449468,2022-11-30,2023-01-03,2023-11-06,COMPLETED,100,true,Irrigation & Flood Control Dept,Location 880,28.652119,77.169674,false,false,MOBILISATION_ADVANCE:2023-01-22:367420|RUNNING_BILL:2023-05-22:857314|RUNNING_BILL:2023-07-28:857314|FINAL_BILL:2023-10-11:244947|RETENTION_RELEASE:2024-04-08:122473
ESK-1881,DIST_101,202,Work 882: OTHER Project at Location 881,Synthetic work description for demo data import,OTHER,2442339,554411,626429,2025-12-17,2026-02-05,,IN_PROGRESS,11,false,Municipal Corporation,Location 881,28.567048,77.223651,false,false,MOBILISATION_ADVANCE:2026-03-05:366351|RUNNING_BILL:2026-06-20:188060
ESK-1882,DIST_103,201,Work 883: SANITATION Project at Location 882,Synthetic work description for demo data import,SANITATION,1822352,1822354,1822352,2024-09-18,2024-10-05,2025-07-29,COMPLETED,100,true,Rural Development Agency (DRDA),Location 882,28.718177,77.242274,true,false,MOBILISATION_ADVANCE:2024-10-15:273353|RUNNING_BILL:2025-02-24:318912|RUNNING_BILL:2025-05-04:318912|RUNNING_BILL:2025-06-28:318912|RUNNING_BILL:2025-08-20:318912|FINAL_BILL:2025-11-03:182235|RETENTION_RELEASE:2026-05-02:91118
ESK-1883,DIST_104,201,Work 884: SANITATION Project at Location 883,Synthetic work description for demo data import,SANITATION,613629,0,613629,2024-08-20,2024-09-03,2026-04-08,COMPLETED,100,true,Rural Development Agency (DRDA),Location 883,28.723454,77.326961,false,false,
ESK-1884,DIST_101,202,Work 885: ROADS_BRIDGES Project at Location 884,Synthetic work description for demo data import,ROADS_BRIDGES,2683511,2683510,2683511,2024-02-28,2024-03-07,2025-05-15,COMPLETED,100,false,Public Works Department (PWD),Location 884,28.544779,77.399305,false,false,MOBILISATION_ADVANCE:2024-04-12:402527|RUNNING_BILL:2024-08-04:469614|RUNNING_BILL:2024-10-10:469614|RUNNING_BILL:2024-11-26:469614|RUNNING_BILL:2025-02-13:469614|FINAL_BILL:2025-04-29:268351|RETENTION_RELEASE:2025-10-26:134176
ESK-1885,DIST_101,202,Work 886: SANITATION Project at Location 885,Synthetic work description for demo data import,SANITATION,1818052,1818052,1818052,2023-08-13,2023-09-13,2024-10-19,COMPLETED,100,true,Public Works Department (PWD),Location 885,28.698424,77.181281,false,false,MOBILISATION_ADVANCE:2023-10-11:272708|RUNNING_BILL:2023-12-31:424212|RUNNING_BILL:2024-03-19:424212|RUNNING_BILL:2024-05-26:424212|FINAL_BILL:2024-08-09:181805|RETENTION_RELEASE:2025-02-05:90903
ESK-1886,DIST_102,201,Work 887: SANITATION Project at Location 886,Synthetic work description for demo data import,SANITATION,2935756,2935757,2935756,2024-11-26,2025-01-09,2026-03-22,COMPLETED,100,true,Irrigation & Flood Control Dept,Location 886,28.649426,77.387609,false,false,MOBILISATION_ADVANCE:2025-01-22:440363|RUNNING_BILL:2025-05-25:685010|RUNNING_BILL:2025-07-20:685010|RUNNING_BILL:2025-10-08:685010|FINAL_BILL:2025-12-22:293576|RETENTION_RELEASE:2026-06-20:146788
ESK-1887,DIST_102,201,Work 888: EDUCATION Project at Location 887,Synthetic work description for demo data import,EDUCATION,988580,148287,0,2024-07-04,2024-07-09,,ON_HOLD,49,false,Municipal Corporation,Location 887,28.607648,77.175766,false,false,MOBILISATION_ADVANCE:2024-08-01:148287
ESK-1888,DIST_101,203,Work 889: EDUCATION Project at Location 888,Synthetic work description for demo data import,EDUCATION,2543389,2543388,2543389,2023-01-24,2023-02-07,2023-09-02,COMPLETED,100,true,Irrigation & Flood Control Dept,Location 888,28.635446,77.291958,false,false,MOBILISATION_ADVANCE:2023-03-16:381508|RUNNING_BILL:2023-05-31:445093|RUNNING_BILL:2023-08-09:445093|RUNNING_BILL:2023-10-22:445093|RUNNING_BILL:2023-12-16:445093|FINAL_BILL:2024-02-29:254339|RETENTION_RELEASE:2024-08-27:127169
ESK-1889,DIST_103,202,Work 890: ROADS_BRIDGES Project at Location 889,Synthetic work description for demo data import,ROADS_BRIDGES,2109912,2109912,2109912,2024-05-14,2024-05-20,2025-08-07,COMPLETED,100,true,Public Works Department (PWD),Location 889,28.612260,77.322148,false,false,MOBILISATION_ADVANCE:2024-06-22:316487|RUNNING_BILL:2024-09-09:738469|RUNNING_BILL:2024-11-03:738469|FINAL_BILL:2025-01-17:210991|RETENTION_RELEASE:2025-07-16:105496
ESK-1890,DIST_104,202,Work 891: EDUCATION Project at Location 890,Synthetic work description for demo data import,EDUCATION,3048863,3048862,3048863,2023-06-02,2023-07-11,2025-01-22,COMPLETED,100,true,Municipal Corporation,Location 890,28.580358,77.165664,false,false,MOBILISATION_ADVANCE:2023-08-01:457329|RUNNING_BILL:2023-11-12:1067102|RUNNING_BILL:2024-01-01:1067102|FINAL_BILL:2024-03-16:304886|RETENTION_RELEASE:2024-09-12:152443
ESK-1891,DIST_101,203,Work 892: EDUCATION Project at Location 891,Synthetic work description for demo data import,EDUCATION,1599826,1519836,1599826,2025-05-07,2025-05-16,2026-05-02,COMPLETED,100,true,Rural Development Agency (DRDA),Location 891,28.622351,77.382746,false,false,MOBILISATION_ADVANCE:2025-06-15:239974|RUNNING_BILL:2025-09-11:373293|RUNNING_BILL:2025-11-18:373293|RUNNING_BILL:2026-02-06:373293|FINAL_BILL:2026-04-22:159983
ESK-1892,DIST_103,202,Work 893: ROADS_BRIDGES Project at Location 892,Synthetic work description for demo data import,ROADS_BRIDGES,1095595,1095596,1095595,2022-12-13,2022-12-26,2023-09-06,COMPLETED,100,true,Public Works Department (PWD),Location 892,28.700084,77.185661,false,false,MOBILISATION_ADVANCE:2023-01-28:164339|RUNNING_BILL:2023-05-12:255639|RUNNING_BILL:2023-07-16:255639|RUNNING_BILL:2023-10-04:255639|FINAL_BILL:2023-12-18:109560|RETENTION_RELEASE:2024-06-15:54780
ESK-1893,DIST_104,202,Work 894: EDUCATION Project at Location 893,Synthetic work description for demo data import,EDUCATION,3956382,0,0,2026-06-22,,,CANCELLED,0,false,Public Works Department (PWD),Location 893,28.593739,77.202892,false,false,
ESK-1894,DIST_104,204,Work 895: HEALTH Project at Location 894,Synthetic work description for demo data import,HEALTH,3343438,548325,0,2025-02-02,2025-02-14,,ON_HOLD,2,false,Municipal Corporation,Location 894,28.515252,77.193950,true,false,MOBILISATION_ADVANCE:2025-03-05:501516|RUNNING_BILL:2025-06-30:15603|RUNNING_BILL:2025-09-20:15603|RUNNING_BILL:2025-11-25:15603
ESK-1895,DIST_104,202,Work 896: OTHER Project at Location 895,Synthetic work description for demo data import,OTHER,797262,797262,797262,2022-08-08,2022-09-20,2023-06-20,COMPLETED,100,true,Public Works Department (PWD),Location 895,28.612572,77.301818,false,false,MOBILISATION_ADVANCE:2022-10-12:119589|RUNNING_BILL:2023-02-06:279042|RUNNING_BILL:2023-04-25:279042|FINAL_BILL:2023-07-09:79726|RETENTION_RELEASE:2024-01-05:39863
ESK-1896,DIST_102,203,Work 897: OTHER Project at Location 896,Synthetic work description for demo data import,OTHER,1763829,1763828,1763829,2024-06-11,2024-07-06,2025-01-11,COMPLETED,100,false,Irrigation & Flood Control Dept,Location 896,28.610062,77.275717,false,false,MOBILISATION_ADVANCE:2024-07-21:264574|RUNNING_BILL:2024-11-21:617340|RUNNING_BILL:2025-01-13:617340|FINAL_BILL:2025-03-29:176383|RETENTION_RELEASE:2025-09-25:88191
ESK-1897,DIST_101,204,Work 898: SANITATION Project at Location 897,Synthetic work description for demo data import,SANITATION,1201793,180269,471971,2024-08-08,2024-09-24,,IN_PROGRESS,97,false,Public Works Department (PWD),Location 897,28.551612,77.152935,false,false,MOBILISATION_ADVANCE:2024-10-09:180269
ESK-1898,DIST_102,203,Work 899: SANITATION Project at Location 898,Synthetic work description for demo data import,SANITATION,2160427,324064,2160427,2024-09-30,2024-11-11,2025-12-26,COMPLETED,100,true,Public Works Department (PWD),Location 898,28.614016,77.252753,false,false,MOBILISATION_ADVANCE:2024-12-08:324064
ESK-1899,DIST_101,203,Work 900: SANITATION Project at Location 899,Synthetic work description for demo data import,SANITATION,1177800,176670,1177800,2024-09-17,2024-10-12,2025-12-20,COMPLETED,100,false,Rural Development Agency (DRDA),Location 899,28.573089,77.333991,false,false,MOBILISATION_ADVANCE:2024-11-25:176670
ESK-1900,DIST_102,203,Work 901: ROADS_BRIDGES Project at Location 900,Synthetic work description for demo data import,ROADS_BRIDGES,1391810,1391812,1391810,2022-12-30,2023-02-18,2024-05-14,COMPLETED,100,true,Municipal Corporation,Location 900,28.511686,77.209898,true,false,MOBILISATION_ADVANCE:2023-03-30:208772|RUNNING_BILL:2023-06-07:243567|RUNNING_BILL:2023-09-03:243567|RUNNING_BILL:2023-10-24:243567|RUNNING_BILL:2024-01-10:243567|FINAL_BILL:2024-03-25:139181|RETENTION_RELEASE:2024-09-21:69591
ESK-1901,DIST_102,202,Work 902: EDUCATION Project at Location 901,Synthetic work description for demo data import,EDUCATION,2628937,2628939,2628937,2023-02-05,2023-02-20,2024-09-23,COMPLETED,100,true,Municipal Corporation,Location 901,28.696772,77.391465,false,false,MOBILISATION_ADVANCE:2023-03-08:394341|RUNNING_BILL:2023-07-06:613419|RUNNING_BILL:2023-09-18:613419|RUNNING_BILL:2023-11-23:613419|FINAL_BILL:2024-02-06:262894|RETENTION_RELEASE:2024-08-04:131447
ESK-1902,DIST_103,201,Work 903: OTHER Project at Location 902,Synthetic work description for demo data import,OTHER,1016490,965667,1016490,2025-02-10,2025-03-30,2026-09-05,COMPLETED,100,true,Public Works Department (PWD),Location 902,28.739199,77.158970,false,false,MOBILISATION_ADVANCE:2025-04-10:152474|RUNNING_BILL:2025-08-09:177886|RUNNING_BILL:2025-10-18:177886|RUNNING_BILL:2025-12-07:177886|RUNNING_BILL:2026-01-21:177886|FINAL_BILL:2026-04-06:101649
ESK-1903,DIST_103,201,Work 904: EDUCATION Project at Location 903,Synthetic work description for demo data import,EDUCATION,1980630,0,1980630,2025-10-21,2025-11-24,2026-09-05,COMPLETED,100,true,Irrigation & Flood Control Dept,Location 903,28.545637,77.195622,false,false,
ESK-1904,DIST_101,204,Work 905: EDUCATION Project at Location 904,Synthetic work description for demo data import,EDUCATION,2251217,0,2251217,2024-12-07,2025-01-15,2025-05-30,COMPLETED,100,false,Public Works Department (PWD),Location 904,28.525715,77.302468,false,false,
ESK-1905,DIST_103,203,Work 906: SANITATION Project at Location 905,Synthetic work description for demo data import,SANITATION,2058894,683552,1554410,2024-07-01,2024-08-01,,IN_PROGRESS,26,false,Rural Development Agency (DRDA),Location 905,28.694409,77.399290,false,false,MOBILISATION_ADVANCE:2024-08-29:308834|RUNNING_BILL:2024-11-28:124906|RUNNING_BILL:2025-02-16:124906|RUNNING_BILL:2025-04-22:124906
ESK-1906,DIST_103,201,Work 907: ROADS_BRIDGES Project at Location 906,Synthetic work description for demo data import,ROADS_BRIDGES,2422274,2422274,2422274,2023-04-10,2023-05-01,2024-11-03,COMPLETED,100,false,Municipal Corporation,Location 906,28.646377,77.204035,true,false,MOBILISATION_ADVANCE:2023-06-14:363341|RUNNING_BILL:2023-09-08:847796|RUNNING_BILL:2023-11-05:847796|FINAL_BILL:2024-01-19:242227|RETENTION_RELEASE:2024-07-17:121114
ESK-1907,DIST_102,202,Work 908: HEALTH Project at Location 907,Synthetic work description for demo data import,HEALTH,1059594,158939,1059594,2023-07-14,2023-07-29,2025-01-31,COMPLETED,100,true,Municipal Corporation,Location 907,28.648335,77.310207,false,false,MOBILISATION_ADVANCE:2023-08-29:158939
ESK-1908,DIST_103,203,Work 909: HEALTH Project at Location 908,Synthetic work description for demo data import,HEALTH,4442375,1474868,2940910,2025-12-25,2026-01-15,,IN_PROGRESS,26,false,Irrigation & Flood Control Dept,Location 908,28.595114,77.365487,true,true,MOBILISATION_ADVANCE:2026-01-27:666356|RUNNING_BILL:2026-05-14:808512
ESK-1909,DIST_102,202,Work 910: DRINKING_WATER Project at Location 909,Synthetic work description for demo data import,DRINKING_WATER,3957881,0,0,2026-08-04,,,NOT_STARTED,0,false,Municipal Corporation,Location 909,28.550066,77.185663,false,false,
ESK-1910,DIST_101,201,Work 911: ROADS_BRIDGES Project at Location 910,Synthetic work description for demo data import,ROADS_BRIDGES,4396892,0,0,2023-08-18,2023-09-02,,CANCELLED,0,false,Public Works Department (PWD),Location 910,28.580785,77.342260,false,false,
ESK-1911,DIST_102,203,Work 912: EDUCATION Project at Location 911,Synthetic work description for demo data import,EDUCATION,3117669,3117668,3117669,2024-09-05,2024-10-12,2025-03-19,COMPLETED,100,false,Irrigation & Flood Control Dept,Location 911,28.563523,77.235955,false,false,MOBILISATION_ADVANCE:2024-11-24:467650|RUNNING_BILL:2025-03-02:545592|RUNNING_BILL:2025-04-19:545592|RUNNING_BILL:2025-06-06:545592|RUNNING_BILL:2025-08-17:545592|FINAL_BILL:2025-10-31:311767|RETENTION_RELEASE:2026-04-29:155883
ESK-1912,DIST_102,203,Work 913: ROADS_BRIDGES Project at Location 912,Synthetic work description for demo data import,ROADS_BRIDGES,1183780,1183779,1183780,2024-12-14,2024-12-27,2025-05-20,COMPLETED,100,true,Public Works Department (PWD),Location 912,28.674746,77.194828,false,false,MOBILISATION_ADVANCE:2025-01-28:177567|RUNNING_BILL:2025-04-11:276215|RUNNING_BILL:2025-06-21:276215|RUNNING_BILL:2025-09-16:276215|FINAL_BILL:2025-11-30:118378|RETENTION_RELEASE:2026-05-29:59189
ESK-1913,DIST_103,204,Work 914: EDUCATION Project at Location 913,Synthetic work description for demo data import,EDUCATION,1831555,0,1831555,2023-01-30,2023-03-01,2023-12-05,COMPLETED,100,true,Irrigation & Flood Control Dept,Location 913,28.556500,77.213727,false,false,
ESK-1914,DIST_103,203,Work 915: SANITATION Project at Location 914,Synthetic work description for demo data import,SANITATION,1534750,0,1534750,2024-06-23,2024-08-03,2026-06-13,COMPLETED,100,true,Public Works Department (PWD),Location 914,28.733621,77.335328,false,true,
ESK-1915,DIST_101,202,Work 916: DRINKING_WATER Project at Location 915,Synthetic work description for demo data import,DRINKING_WATER,2622655,2622656,2622655,2024-11-20,2025-01-08,2026-05-23,COMPLETED,100,true,Irrigation & Flood Control Dept,Location 915,28.695487,77.357378,true,false,MOBILISATION_ADVANCE:2025-01-27:393398|RUNNING_BILL:2025-05-26:611953|RUNNING_BILL:2025-08-09:611953|RUNNING_BILL:2025-10-27:611953|FINAL_BILL:2026-01-10:262266|RETENTION_RELEASE:2026-07-09:131133
ESK-1916,DIST_104,201,Work 917: SANITATION Project at Location 916,Synthetic work description for demo data import,SANITATION,1655595,1117526,1655595,2025-09-27,2025-10-27,2026-09-05,COMPLETED,100,true,Irrigation & Flood Control Dept,Location 916,28.598721,77.193494,false,false,MOBILISATION_ADVANCE:2025-12-10:248339|RUNNING_BILL:2026-03-20:289729|RUNNING_BILL:2026-05-30:289729|RUNNING_BILL:2026-08-06:289729
ESK-1917,DIST_104,203,Work 918: OTHER Project at Location 917,Synthetic work description for demo data import,OTHER,2151921,1482672,0,2022-11-30,2023-01-09,,ON_HOLD,77,false,Public Works Department (PWD),Location 917,28.697573,77.384589,false,false,MOBILISATION_ADVANCE:2023-02-11:322788|RUNNING_BILL:2023-06-07:386628|RUNNING_BILL:2023-08-03:386628|RUNNING_BILL:2023-10-29:386628
ESK-1918,DIST_101,201,Work 919: SANITATION Project at Location 918,Synthetic work description for demo data import,SANITATION,3059155,458873,3059155,2024-03-19,2024-03-26,2026-02-22,COMPLETED,100,false,Irrigation & Flood Control Dept,Location 918,28.743949,77.340024,false,false,MOBILISATION_ADVANCE:2024-05-03:458873
ESK-1919,DIST_104,201,Work 920: SANITATION Project at Location 919,Synthetic work description for demo data import,SANITATION,3985109,0,0,2025-05-19,2025-05-24,,CANCELLED,0,false,Irrigation & Flood Control Dept,Location 919,28.684992,77.337796,true,true,
ESK-1920,DIST_101,203,Work 921: DRINKING_WATER Project at Location 920,Synthetic work description for demo data import,DRINKING_WATER,2758844,1379423,2758844,2025-11-22,2025-12-23,2026-09-05,COMPLETED,100,true,Rural Development Agency (DRDA),Location 920,28.640641,77.252505,false,false,MOBILISATION_ADVANCE:2026-01-29:413827|RUNNING_BILL:2026-05-10:482798|RUNNING_BILL:2026-08-06:482798
ESK-1921,DIST_101,201,Work 922: DRINKING_WATER Project at Location 921,Synthetic work description for demo data import,DRINKING_WATER,693866,659173,693866,2025-06-07,2025-06-23,2026-03-08,COMPLETED,100,true,Municipal Corporation,Location 921,28.550204,77.167812,true,false,MOBILISATION_ADVANCE:2025-07-28:104080|RUNNING_BILL:2025-10-17:161902|RUNNING_BILL:2026-01-11:161902|RUNNING_BILL:2026-02-27:161902|FINAL_BILL:2026-05-13:69387
ESK-1922,DIST_103,202,Work 923: SANITATION Project at Location 922,Synthetic work description for demo data import,SANITATION,251960,251960,251960,2024-05-16,2024-06-22,2025-10-26,COMPLETED,100,true,Rural Development Agency (DRDA),Location 922,28.631244,77.388334,false,false,MOBILISATION_ADVANCE:2024-07-10:37794|RUNNING_BILL:2024-11-16:88186|RUNNING_BILL:2025-01-27:88186|FINAL_BILL:2025-04-12:25196|RETENTION_RELEASE:2025-10-09:12598
ESK-1923,DIST_102,203,Work 924: SANITATION Project at Location 923,Synthetic work description for demo data import,SANITATION,1599413,239912,0,2026-03-09,2026-04-19,,NOT_STARTED,0,false,Municipal Corporation,Location 923,28.632874,77.393680,false,false,MOBILISATION_ADVANCE:2026-06-01:239912|RUNNING_BILL:2026-08-26:0
ESK-1924,DIST_104,204,Work 925: ROADS_BRIDGES Project at Location 924,Synthetic work description for demo data import,ROADS_BRIDGES,711527,0,711527,2026-02-01,2026-03-02,2026-09-05,COMPLETED,100,true,Rural Development Agency (DRDA),Location 924,28.726665,77.165246,false,false,
ESK-1925,DIST_104,204,Work 926: SANITATION Project at Location 925,Synthetic work description for demo data import,SANITATION,2110477,2110478,2110477,2023-04-09,2023-05-18,2024-05-27,COMPLETED,100,true,Municipal Corporation,Location 925,28.655891,77.277585,false,false,MOBILISATION_ADVANCE:2023-06-16:316572|RUNNING_BILL:2023-09-19:738667|RUNNING_BILL:2023-11-29:738667|FINAL_BILL:2024-02-12:211048|RETENTION_RELEASE:2024-08-10:105524
ESK-1926,DIST_103,201,Work 927: OTHER Project at Location 926,Synthetic work description for demo data import,OTHER,2781584,2781583,2781584,2024-05-13,2024-06-27,2025-06-21,COMPLETED,100,true,Rural Development Agency (DRDA),Location 926,28.515951,77.185685,false,false,MOBILISATION_ADVANCE:2024-07-14:417238|RUNNING_BILL:2024-10-30:649036|RUNNING_BILL:2024-12-31:649036|RUNNING_BILL:2025-03-09:649036|FINAL_BILL:2025-05-23:278158|RETENTION_RELEASE:2025-11-19:139079
ESK-1927,DIST_103,203,Work 928: HEALTH Project at Location 927,Synthetic work description for demo data import,HEALTH,2545477,2418205,2545477,2025-04-11,2025-05-14,2026-09-03,COMPLETED,100,false,Irrigation & Flood Control Dept,Location 927,28.741971,77.176284,true,false,MOBILISATION_ADVANCE:2025-06-10:381822|RUNNING_BILL:2025-10-11:593945|RUNNING_BILL:2025-12-31:593945|RUNNING_BILL:2026-03-14:593945|FINAL_BILL:2026-05-28:254548
ESK-1928,DIST_101,203,Work 929: OTHER Project at Location 928,Synthetic work description for demo data import,OTHER,2787204,1569197,638680,2023-12-09,2023-12-24,,IN_PROGRESS,59,false,Irrigation & Flood Control Dept,Location 928,28.594724,77.298223,false,false,MOBILISATION_ADVANCE:2024-01-04:418081|RUNNING_BILL:2024-04-27:575558|RUNNING_BILL:2024-06-20:575558
ESK-1929,DIST_101,204,Work 930: SANITATION Project at Location 929,Synthetic work description for demo data import,SANITATION,2643631,2247085,2643631,2025-07-24,2025-08-23,2026-09-05,COMPLETED,100,true,Irrigation & Flood Control Dept,Location 929,28.682569,77.249343,false,false,MOBILISATION_ADVANCE:2025-09-08:396545|RUNNING_BILL:2026-01-03:462635|RUNNING_BILL:2026-03-11:462635|RUNNING_BILL:2026-06-04:462635|RUNNING_BILL:2026-07-28:462635
ESK-1930,DIST_101,202,Work 931: OTHER Project at Location 930,Synthetic work description for demo data import,OTHER,1536831,1459990,1536831,2025-04-14,2025-05-29,2026-09-05,COMPLETED,100,true,Public Works Department (PWD),Location 930,28.514335,77.340764,false,true,MOBILISATION_ADVANCE:2025-07-11:230525|RUNNING_BILL:2025-10-03:358594|RUNNING_BILL:2025-12-31:358594|RUNNING_BILL:2026-03-02:358594|FINAL_BILL:2026-05-16:153683
ESK-1931,DIST_102,201,Work 932: SANITATION Project at Location 931,Synthetic work description for demo data import,SANITATION,2430615,960093,216227,2023-04-19,2023-05-10,,IN_PROGRESS,35,false,Irrigation & Flood Control Dept,Location 931,28.701148,77.197940,false,false,MOBILISATION_ADVANCE:2023-05-24:364592|RUNNING_BILL:2023-09-13:595501
ESK-1932,DIST_104,204,Work 933: EDUCATION Project at Location 932,Synthetic work description for demo data import,EDUCATION,1856268,278440,1856268,2026-05-22,2026-06-22,2026-09-05,COMPLETED,100,true,Municipal Corporation,Location 932,28.531585,77.296966,false,true,MOBILISATION_ADVANCE:2026-08-03:278440
ESK-1933,DIST_101,202,Work 934: OTHER Project at Location 933,Synthetic work description for demo data import,OTHER,2440593,2440594,2440593,2023-02-08,2023-02-16,2025-01-07,COMPLETED,100,true,Public Works Department (PWD),Location 933,28.549133,77.389148,true,false,MOBILISATION_ADVANCE:2023-04-02:366089|RUNNING_BILL:2023-07-16:569472|RUNNING_BILL:2023-10-14:569472|RUNNING_BILL:2023-12-19:569472|FINAL_BILL:2024-03-03:244059|RETENTION_RELEASE:2024-08-30:122030
ESK-1934,DIST_102,204,Work 935: HEALTH Project at Location 934,Synthetic work description for demo data import,HEALTH,2753415,2753415,2753415,2024-05-09,2024-06-27,2026-03-15,COMPLETED,100,false,Municipal Corporation,Location 934,28.732006,77.317524,false,false,MOBILISATION_ADVANCE:2024-07-11:413012|RUNNING_BILL:2024-10-16:963695|RUNNING_BILL:2024-12-14:963695|FINAL_BILL:2025-02-27:275342|RETENTION_RELEASE:2025-08-26:137671
ESK-1935,DIST_102,203,Work 936: ROADS_BRIDGES Project at Location 935,Synthetic work description for demo data import,ROADS_BRIDGES,1411057,1179645,1051350,2025-12-05,2025-12-16,,IN_PROGRESS,98,false,Public Works Department (PWD),Location 935,28.564518,77.368104,false,false,MOBILISATION_ADVANCE:2025-12-29:211659|RUNNING_BILL:2026-04-24:322662|RUNNING_BILL:2026-07-05:322662|RUNNING_BILL:2026-08-20:322662
ESK-1936,DIST_102,201,Work 937: SANITATION Project at Location 936,Synthetic work description for demo data import,SANITATION,2958785,2810846,2958785,2025-07-08,2025-08-12,2026-03-08,COMPLETED,100,true,Public Works Department (PWD),Location 936,28.712825,77.179583,false,false,MOBILISATION_ADVANCE:2025-09-11:443818|RUNNING_BILL:2025-12-09:690383|RUNNING_BILL:2026-02-12:690383|RUNNING_BILL:2026-04-23:690383|FINAL_BILL:2026-07-07:295879
ESK-1937,DIST_103,203,Work 938: HEALTH Project at Location 937,Synthetic work description for demo data import,HEALTH,1516188,1516187,1516188,2022-09-21,2022-11-01,2024-08-13,COMPLETED,100,true,Municipal Corporation,Location 937,28.715569,77.387593,false,false,MOBILISATION_ADVANCE:2022-11-19:227428|RUNNING_BILL:2023-03-31:353777|RUNNING_BILL:2023-05-28:353777|RUNNING_BILL:2023-07-23:353777|FINAL_BILL:2023-10-06:151619|RETENTION_RELEASE:2024-04-03:75809
ESK-1938,DIST_103,202,Work 939: HEALTH Project at Location 938,Synthetic work description for demo data import,HEALTH,1552297,232845,1451590,2025-06-18,2025-07-08,,IN_PROGRESS,98,false,Public Works Department (PWD),Location 938,28.564874,77.347380,false,false,MOBILISATION_ADVANCE:2025-08-21:232845
ESK-1939,DIST_101,203,Work 940: EDUCATION Project at Location 939,Synthetic work description for demo data import,EDUCATION,2440904,2440903,2440904,2024-06-21,2024-07-12,2025-10-18,COMPLETED,100,true,Irrigation & Flood Control Dept,Location 939,28.660943,77.242350,false,false,MOBILISATION_ADVANCE:2024-08-24:366136|RUNNING_BILL:2024-10-27:427158|RUNNING_BILL:2024-12-15:427158|RUNNING_BILL:2025-02-10:427158|RUNNING_BILL:2025-05-01:427158|FINAL_BILL:2025-07-15:244090|RETENTION_RELEASE:2026-01-11:122045
ESK-1940,DIST_104,201,Work 941: DRINKING_WATER Project at Location 940,Synthetic work description for demo data import,DRINKING_WATER,1834688,1533799,123704,2025-05-23,2025-06-30,,IN_PROGRESS,98,false,Rural Development Agency (DRDA),Location 940,28.588601,77.275191,false,false,MOBILISATION_ADVANCE:2025-08-03:275203|RUNNING_BILL:2025-10-21:629298|RUNNING_BILL:2026-01-15:629298
ESK-1941,DIST_104,202,Work 942: DRINKING_WATER Project at Location 941,Synthetic work description for demo data import,DRINKING_WATER,1769572,0,1769572,2025-07-03,2025-07-20,2026-06-16,COMPLETED,100,false,Public Works Department (PWD),Location 941,28.744292,77.187314,false,false,
ESK-1942,DIST_101,203,Work 943: SANITATION Project at Location 942,Synthetic work description for demo data import,SANITATION,341352,137225,328176,2023-04-21,2023-05-25,,IN_PROGRESS,36,false,Public Works Department (PWD),Location 942,28.569858,77.288645,false,false,MOBILISATION_ADVANCE:2023-06-09:51203|RUNNING_BILL:2023-09-23:28674|RUNNING_BILL:2023-12-22:28674|RUNNING_BILL:2024-02-19:28674
ESK-1943,DIST_101,201,Work 944: HEALTH Project at Location 943,Synthetic work description for demo data import,HEALTH,3570194,535529,0,2023-08-05,2023-08-14,,NOT_STARTED,0,false,Irrigation & Flood Control Dept,Location 943,28.600437,77.291455,false,false,MOBILISATION_ADVANCE:2023-09-12:535529|RUNNING_BILL:2023-12-05:0|RUNNING_BILL:2024-02-14:0
ESK-1944,DIST_102,201,Work 945: HEALTH Project at Location 944,Synthetic work description for demo data import,HEALTH,2210857,2210859,2210857,2025-01-26,2025-03-16,2025-11-24,COMPLETED,100,true,Rural Development Agency (DRDA),Location 944,28.647445,77.327668,false,false,MOBILISATION_ADVANCE:2025-04-30:331629|RUNNING_BILL:2025-07-28:515867|RUNNING_BILL:2025-10-05:515867|RUNNING_BILL:2025-12-23:515867|FINAL_BILL:2026-03-08:221086|RETENTION_RELEASE:2026-09-04:110543
ESK-1945,DIST_102,201,Work 946: DRINKING_WATER Project at Location 945,Synthetic work description for demo data import,DRINKING_WATER,264940,165852,32000,2024-01-22,2024-02-07,,IN_PROGRESS,68,false,Public Works Department (PWD),Location 945,28.709365,77.232180,false,false,MOBILISATION_ADVANCE:2024-03-09:39741|RUNNING_BILL:2024-07-05:42037|RUNNING_BILL:2024-08-31:42037|RUNNING_BILL:2024-11-27:42037
ESK-1946,DIST_102,204,Work 947: OTHER Project at Location 946,Synthetic work description for demo data import,OTHER,2473190,2102213,2473190,2025-11-10,2025-12-23,2026-04-24,COMPLETED,100,true,Rural Development Agency (DRDA),Location 946,28.659234,77.399843,false,false,MOBILISATION_ADVANCE:2026-01-06:370979|RUNNING_BILL:2026-04-28:865617|RUNNING_BILL:2026-07-07:865617
ESK-1947,DIST_104,201,Work 948: SANITATION Project at Location 947,Synthetic work description for demo data import,SANITATION,2432383,552150,459908,2022-09-12,2022-10-24,,IN_PROGRESS,11,false,Public Works Department (PWD),Location 947,28.735640,77.184790,false,false,MOBILISATION_ADVANCE:2022-11-06:364857|RUNNING_BILL:2023-03-02:62431|RUNNING_BILL:2023-04-25:62431|RUNNING_BILL:2023-07-24:62431
ESK-1948,DIST_102,202,Work 949: OTHER Project at Location 948,Synthetic work description for demo data import,OTHER,2495005,2495006,2495005,2024-07-26,2024-08-13,2026-05-23,COMPLETED,100,true,Public Works Department (PWD),Location 948,28.538944,77.365753,true,false,MOBILISATION_ADVANCE:2024-09-09:374251|RUNNING_BILL:2024-12-27:582168|RUNNING_BILL:2025-02-10:582168|RUNNING_BILL:2025-04-18:582168|FINAL_BILL:2025-07-02:249501|RETENTION_RELEASE:2025-12-29:124750
ESK-1949,DIST_101,202,Work 950: SANITATION Project at Location 949,Synthetic work description for demo data import,SANITATION,976609,146491,565855,2026-05-01,2026-05-31,,IN_PROGRESS,41,false,Municipal Corporation,Location 949,28.612431,77.244715,false,false,MOBILISATION_ADVANCE:2026-06-11:146491
ESK-1950,DIST_104,201,Work 951: SANITATION Project at Location 950,Synthetic work description for demo data import,SANITATION,1045519,1045518,1045519,2024-09-27,2024-10-22,2025-06-09,COMPLETED,100,false,Public Works Department (PWD),Location 950,28.616674,77.376281,false,false,MOBILISATION_ADVANCE:2024-12-05:156828|RUNNING_BILL:2025-02-13:243954|RUNNING_BILL:2025-05-04:243954|RUNNING_BILL:2025-08-02:243954|FINAL_BILL:2025-10-16:104552|RETENTION_RELEASE:2026-04-14:52276
ESK-1951,DIST_103,201,Work 952: OTHER Project at Location 951,Synthetic work description for demo data import,OTHER,3672562,885088,3408649,2022-12-30,2023-01-21,,IN_PROGRESS,13,false,Rural Development Agency (DRDA),Location 951,28.672102,77.204078,true,false,MOBILISATION_ADVANCE:2023-02-08:550884|RUNNING_BILL:2023-06-10:167102|RUNNING_BILL:2023-07-29:167102
ESK-1952,DIST_103,201,Work 953: EDUCATION Project at Location 952,Synthetic work description for demo data import,EDUCATION,827461,0,827461,2025-10-04,2025-10-21,2026-03-02,COMPLETED,100,true,Municipal Corporation,Location 952,28.611052,77.240967,false,false,
ESK-1953,DIST_102,204,Work 954: OTHER Project at Location 953,Synthetic work description for demo data import,OTHER,1175697,999342,1175697,2025-09-30,2025-11-17,2026-09-05,COMPLETED,100,true,Rural Development Agency (DRDA),Location 953,28.623661,77.298144,true,false,MOBILISATION_ADVANCE:2025-12-16:176355|RUNNING_BILL:2026-04-06:274329|RUNNING_BILL:2026-06-01:274329|RUNNING_BILL:2026-08-26:274329
ESK-1954,DIST_103,201,Work 955: DRINKING_WATER Project at Location 954,Synthetic work description for demo data import,DRINKING_WATER,2393729,359059,2393729,2023-08-11,2023-09-25,2024-08-16,COMPLETED,100,true,Irrigation & Flood Control Dept,Location 954,28.672073,77.155851,false,false,MOBILISATION_ADVANCE:2023-10-23:359059
ESK-1955,DIST_103,204,Work 956: EDUCATION Project at Location 955,Synthetic work description for demo data import,EDUCATION,1577950,1577950,1577950,2024-04-02,2024-05-21,2024-09-22,COMPLETED,100,true,Municipal Corporation,Location 955,28.655899,77.257383,false,false,MOBILISATION_ADVANCE:2024-06-25:236693|RUNNING_BILL:2024-09-19:368188|RUNNING_BILL:2024-12-07:368188|RUNNING_BILL:2025-01-24:368188|FINAL_BILL:2025-04-09:157795|RETENTION_RELEASE:2025-10-06:78898
ESK-1956,DIST_102,203,Work 957: DRINKING_WATER Project at Location 956,Synthetic work description for demo data import,DRINKING_WATER,4570208,685531,0,2023-11-29,2023-12-24,,NOT_STARTED,0,false,Municipal Corporation,Location 956,28.690735,77.172637,false,false,MOBILISATION_ADVANCE:2024-01-20:685531
ESK-1957,DIST_101,201,Work 958: SANITATION Project at Location 957,Synthetic work description for demo data import,SANITATION,1773466,605343,422312,2026-02-12,2026-03-20,,IN_PROGRESS,82,false,Rural Development Agency (DRDA),Location 957,28.701778,77.280555,false,false,MOBILISATION_ADVANCE:2026-04-06:266020|RUNNING_BILL:2026-07-17:339323
ESK-1958,DIST_102,201,Work 959: EDUCATION Project at Location 958,Synthetic work description for demo data import,EDUCATION,671469,166525,575367,2024-01-07,2024-02-04,,IN_PROGRESS,14,false,Public Works Department (PWD),Location 958,28.644250,77.377525,false,false,MOBILISATION_ADVANCE:2024-02-28:100720|RUNNING_BILL:2024-05-23:21935|RUNNING_BILL:2024-07-31:21935|RUNNING_BILL:2024-10-08:21935
ESK-1959,DIST_104,201,Work 960: OTHER Project at Location 959,Synthetic work description for demo data import,OTHER,3057977,0,3057977,2025-04-06,2025-05-12,2026-06-12,COMPLETED,100,false,Public Works Department (PWD),Location 959,28.737340,77.365368,false,false,
ESK-1960,DIST_101,202,Work 961: OTHER Project at Location 960,Synthetic work description for demo data import,OTHER,1911382,286707,0,2022-10-31,2022-12-07,,NOT_STARTED,0,false,Public Works Department (PWD),Location 960,28.720668,77.387218,false,false,MOBILISATION_ADVANCE:2023-01-01:286707|RUNNING_BILL:2023-04-07:0
ESK-1961,DIST_102,203,Work 962: DRINKING_WATER Project at Location 961,Synthetic work description for demo data import,DRINKING_WATER,2638228,395734,0,2023-04-16,2023-04-23,,NOT_STARTED,0,false,Rural Development Agency (DRDA),Location 961,28.748162,77.356013,false,false,MOBILISATION_ADVANCE:2023-05-20:395734|RUNNING_BILL:2023-08-28:0|RUNNING_BILL:2023-11-26:0|RUNNING_BILL:2024-02-02:0
ESK-1962,DIST_102,202,Work 963: EDUCATION Project at Location 962,Synthetic work description for demo data import,EDUCATION,1682822,252423,827199,2023-09-22,2023-10-12,,IN_PROGRESS,46,false,Municipal Corporation,Location 962,28.663119,77.303704,false,false,MOBILISATION_ADVANCE:2023-11-11:252423
ESK-1963,DIST_103,201,Work 964: OTHER Project at Location 963,Synthetic work description for demo data import,OTHER,624217,624219,624217,2023-04-15,2023-04-21,2024-04-24,COMPLETED,100,true,Rural Development Agency (DRDA),Location 963,28.680296,77.238517,false,false,MOBILISATION_ADVANCE:2023-05-31:93633|RUNNING_BILL:2023-09-02:145651|RUNNING_BILL:2023-10-23:145651|RUNNING_BILL:2024-01-02:145651|FINAL_BILL:2024-03-17:62422|RETENTION_RELEASE:2024-09-13:31211
ESK-1964,DIST_104,204,Work 965: OTHER Project at Location 964,Synthetic work description for demo data import,OTHER,3621877,2672946,2215184,2025-06-19,2025-07-14,,IN_PROGRESS,84,false,Irrigation & Flood Control Dept,Location 964,28.720991,77.252413,false,false,MOBILISATION_ADVANCE:2025-07-28:543282|RUNNING_BILL:2025-12-02:2129664
ESK-1965,DIST_104,202,Work 966: DRINKING_WATER Project at Location 965,Synthetic work description for demo data import,DRINKING_WATER,1812881,1812882,1812881,2023-09-02,2023-09-24,2024-12-27,COMPLETED,100,false,Rural Development Agency (DRDA),Location 965,28.547489,77.396574,true,false,MOBILISATION_ADVANCE:2023-10-16:271932|RUNNING_BILL:2024-02-11:423006|RUNNING_BILL:2024-03-31:423006|RUNNING_BILL:2024-05-18:423006|FINAL_BILL:2024-08-01:181288|RETENTION_RELEASE:2025-01-28:90644
ESK-1966,DIST_104,202,Work 967: OTHER Project at Location 966,Synthetic work description for demo data import,OTHER,464535,464537,464535,2022-10-01,2022-10-10,2023-05-19,COMPLETED,100,true,Rural Development Agency (DRDA),Location 966,28.667522,77.310269,false,false,MOBILISATION_ADVANCE:2022-11-23:69680|RUNNING_BILL:2023-02-20:108392|RUNNING_BILL:2023-04-07:108392|RUNNING_BILL:2023-06-15:108392|FINAL_BILL:2023-08-29:46454|RETENTION_RELEASE:2024-02-25:23227
ESK-1967,DIST_103,204,Work 968: SANITATION Project at Location 967,Synthetic work description for demo data import,SANITATION,2343984,2343985,2343984,2023-07-23,2023-08-20,2025-01-06,COMPLETED,100,true,Rural Development Agency (DRDA),Location 967,28.598564,77.340960,false,false,MOBILISATION_ADVANCE:2023-10-04:351598|RUNNING_BILL:2023-12-21:546930|RUNNING_BILL:2024-03-09:546930|RUNNING_BILL:2024-05-19:546930|FINAL_BILL:2024-08-02:234398|RETENTION_RELEASE:2025-01-29:117199
ESK-1968,DIST_104,204,Work 969: SANITATION Project at Location 968,Synthetic work description for demo data import,SANITATION,1867685,1867686,1867685,2023-09-07,2023-10-20,2025-03-22,COMPLETED,100,false,Irrigation & Flood Control Dept,Location 968,28.625095,77.263095,false,false,MOBILISATION_ADVANCE:2023-11-30:280153|RUNNING_BILL:2024-02-02:326845|RUNNING_BILL:2024-03-19:326845|RUNNING_BILL:2024-06-02:326845|RUNNING_BILL:2024-08-21:326845|FINAL_BILL:2024-11-04:186769|RETENTION_RELEASE:2025-05-03:93384
ESK-1969,DIST_102,204,Work 970: HEALTH Project at Location 969,Synthetic work description for demo data import,HEALTH,576230,576232,576230,2023-12-17,2024-02-01,2025-09-08,COMPLETED,100,true,Rural Development Agency (DRDA),Location 969,28.540322,77.233570,false,false,MOBILISATION_ADVANCE:2024-03-10:86435|RUNNING_BILL:2024-05-22:134454|RUNNING_BILL:2024-07-16:134454|RUNNING_BILL:2024-09-02:134454|FINAL_BILL:2024-11-16:57623|RETENTION_RELEASE:2025-05-15:28812
ESK-1970,DIST_101,201,Work 971: EDUCATION Project at Location 970,Synthetic work description for demo data import,EDUCATION,2257774,0,0,2025-01-11,2025-02-14,,CANCELLED,0,false,Irrigation & Flood Control Dept,Location 970,28.611619,77.265213,false,false,
ESK-1971,DIST_101,204,Work 972: EDUCATION Project at Location 971,Synthetic work description for demo data import,EDUCATION,2196093,2196092,2196093,2024-07-05,2024-08-05,2025-04-10,COMPLETED,100,true,Rural Development Agency (DRDA),Location 971,28.648581,77.365552,false,false,MOBILISATION_ADVANCE:2024-09-16:329414|RUNNING_BILL:2024-12-11:384316|RUNNING_BILL:2025-01-27:384316|RUNNING_BILL:2025-03-19:384316|RUNNING_BILL:2025-05-20:384316|FINAL_BILL:2025-08-03:219609|RETENTION_RELEASE:2026-01-30:109805
ESK-1972,DIST_104,203,Work 973: EDUCATION Project at Location 972,Synthetic work description for demo data import,EDUCATION,1418292,1418292,1418292,2023-12-11,2024-01-18,2025-06-01,COMPLETED,100,true,Irrigation & Flood Control Dept,Location 972,28.577577,77.332469,false,false,MOBILISATION_ADVANCE:2024-02-26:212744|RUNNING_BILL:2024-05-24:496402|RUNNING_BILL:2024-07-20:496402|FINAL_BILL:2024-10-03:141829|RETENTION_RELEASE:2025-04-01:70915
ESK-1973,DIST_101,203,Work 974: ROADS_BRIDGES Project at Location 973,Synthetic work description for demo data import,ROADS_BRIDGES,2526739,2147729,2526739,2026-01-23,2026-02-27,2026-09-05,COMPLETED,100,true,Irrigation & Flood Control Dept,Location 973,28.633191,77.353396,false,false,MOBILISATION_ADVANCE:2026-03-10:379011|RUNNING_BILL:2026-06-16:884359|RUNNING_BILL:2026-08-28:884359
ESK-1974,DIST_104,204,Work 975: OTHER Project at Location 974,Synthetic work description for demo data import,OTHER,1851265,925633,1851265,2026-01-10,2026-01-30,2026-09-05,COMPLETED,100,true,Irrigation & Flood Control Dept,Location 974,28.719728,77.366023,false,false,MOBILISATION_ADVANCE:2026-03-05:277690|RUNNING_BILL:2026-06-14:647943
ESK-1975,DIST_103,204,Work 976: HEALTH Project at Location 975,Synthetic work description for demo data import,HEALTH,2539595,380939,2539595,2023-09-18,2023-10-22,2024-10-12,COMPLETED,100,true,Public Works Department (PWD),Location 975,28.712655,77.246803,false,false,MOBILISATION_ADVANCE:2023-11-23:380939
ESK-1976,DIST_104,203,Work 977: OTHER Project at Location 976,Synthetic work description for demo data import,OTHER,4881681,0,0,2026-07-09,,,NOT_STARTED,0,false,Municipal Corporation,Location 976,28.597516,77.355491,false,false,
ESK-1977,DIST_102,204,Work 978: DRINKING_WATER Project at Location 977,Synthetic work description for demo data import,DRINKING_WATER,2884530,432680,698493,2026-04-25,2026-05-31,,IN_PROGRESS,65,false,Municipal Corporation,Location 977,28.573422,77.281964,false,false,MOBILISATION_ADVANCE:2026-06-19:432680
ESK-1978,DIST_101,202,Work 979: ROADS_BRIDGES Project at Location 978,Synthetic work description for demo data import,ROADS_BRIDGES,644534,0,0,2025-04-24,2025-05-24,,ON_HOLD,50,false,Municipal Corporation,Location 978,28.725335,77.302465,false,true,
ESK-1979,DIST_102,201,Work 980: DRINKING_WATER Project at Location 979,Synthetic work description for demo data import,DRINKING_WATER,308932,308932,308932,2023-12-14,2024-01-14,2024-11-10,COMPLETED,100,true,Rural Development Agency (DRDA),Location 979,28.692338,77.170711,false,true,MOBILISATION_ADVANCE:2024-02-01:46340|RUNNING_BILL:2024-05-21:108126|RUNNING_BILL:2024-07-20:108126|FINAL_BILL:2024-10-03:30893|RETENTION_RELEASE:2025-04-01:15447
ESK-1980,DIST_102,202,Work 981: OTHER Project at Location 980,Synthetic work description for demo data import,OTHER,1581108,0,1581108,2025-03-21,2025-04-22,2026-09-05,COMPLETED,100,false,Public Works Department (PWD),Location 980,28.526711,77.165045,false,false,
ESK-1981,DIST_104,202,Work 982: EDUCATION Project at Location 981,Synthetic work description for demo data import,EDUCATION,1263901,1038926,429142,2025-12-16,2026-02-04,,IN_PROGRESS,96,false,Rural Development Agency (DRDA),Location 981,28.567343,77.325708,true,false,MOBILISATION_ADVANCE:2026-02-27:189585|RUNNING_BILL:2026-06-03:849341
ESK-1982,DIST_104,204,Work 983: EDUCATION Project at Location 982,Synthetic work description for demo data import,EDUCATION,1159074,1101120,1159074,2025-01-17,2025-02-16,2026-03-13,COMPLETED,100,true,Rural Development Agency (DRDA),Location 982,28.708068,77.337515,false,false,MOBILISATION_ADVANCE:2025-03-16:173861|RUNNING_BILL:2025-07-07:202838|RUNNING_BILL:2025-09-13:202838|RUNNING_BILL:2025-11-10:202838|RUNNING_BILL:2026-02-07:202838|FINAL_BILL:2026-04-23:115907
ESK-1983,DIST_103,203,Work 984: SANITATION Project at Location 983,Synthetic work description for demo data import,SANITATION,653617,653618,653617,2023-05-14,2023-06-07,2024-05-26,COMPLETED,100,true,Irrigation & Flood Control Dept,Location 983,28.737290,77.232291,false,false,MOBILISATION_ADVANCE:2023-07-04:98043|RUNNING_BILL:2023-10-15:228766|RUNNING_BILL:2023-12-15:228766|FINAL_BILL:2024-02-28:65362|RETENTION_RELEASE:2024-08-26:32681
ESK-1984,DIST_102,201,Work 985: HEALTH Project at Location 984,Synthetic work description for demo data import,HEALTH,1919526,1919526,1919526,2024-12-14,2025-01-10,2025-07-17,COMPLETED,100,true,Rural Development Agency (DRDA),Location 984,28.571432,77.234934,false,false,MOBILISATION_ADVANCE:2025-01-20:287929|RUNNING_BILL:2025-06-09:671834|RUNNING_BILL:2025-07-29:671834|FINAL_BILL:2025-10-12:191953|RETENTION_RELEASE:2026-04-10:95976
ESK-1985,DIST_102,204,Work 986: EDUCATION Project at Location 985,Synthetic work description for demo data import,EDUCATION,2166522,2166522,2166522,2023-05-26,2023-07-06,2023-12-28,COMPLETED,100,true,Rural Development Agency (DRDA),Location 985,28.699256,77.307487,true,false,MOBILISATION_ADVANCE:2023-07-25:324978|RUNNING_BILL:2023-11-20:758283|RUNNING_BILL:2024-02-14:758283|FINAL_BILL:2024-04-29:216652|RETENTION_RELEASE:2024-10-26:108326
ESK-1986,DIST_102,202,Work 987: OTHER Project at Location 986,Synthetic work description for demo data import,OTHER,139721,0,51359,2025-03-22,2025-04-07,,IN_PROGRESS,1,false,Irrigation & Flood Control Dept,Location 986,28.691102,77.396493,false,false,
ESK-1987,DIST_104,201,Work 988: HEALTH Project at Location 987,Synthetic work description for demo data import,HEALTH,4357728,0,0,2026-08-31,,,NOT_STARTED,0,false,Rural Development Agency (DRDA),Location 987,28.730307,77.270916,false,false,
ESK-1988,DIST_101,204,Work 989: DRINKING_WATER Project at Location 988,Synthetic work description for demo data import,DRINKING_WATER,3253042,2286888,0,2023-07-04,2023-07-29,,ON_HOLD,79,false,Municipal Corporation,Location 988,28.606434,77.280444,false,false,MOBILISATION_ADVANCE:2023-08-28:487956|RUNNING_BILL:2023-11-14:899466|RUNNING_BILL:2024-02-07:899466
ESK-1989,DIST_103,201,Work 990: ROADS_BRIDGES Project at Location 989,Synthetic work description for demo data import,ROADS_BRIDGES,2473497,1894699,1349612,2023-03-02,2023-03-16,,IN_PROGRESS,88,false,Municipal Corporation,Location 989,28.572215,77.182603,true,false,MOBILISATION_ADVANCE:2023-03-29:371025|RUNNING_BILL:2023-07-10:761837|RUNNING_BILL:2023-09-06:761837
ESK-1990,DIST_103,202,Work 991: ROADS_BRIDGES Project at Location 990,Synthetic work description for demo data import,ROADS_BRIDGES,147012,147012,147012,2024-12-13,2024-12-30,2026-05-14,COMPLETED,100,true,Rural Development Agency (DRDA),Location 990,28.611181,77.395316,false,false,MOBILISATION_ADVANCE:2025-02-12:22052|RUNNING_BILL:2025-04-27:51454|RUNNING_BILL:2025-07-02:51454|FINAL_BILL:2025-09-15:14701|RETENTION_RELEASE:2026-03-14:7351
ESK-1991,DIST_104,201,Work 992: OTHER Project at Location 991,Synthetic work description for demo data import,OTHER,4052217,607833,481616,2024-02-28,2024-03-07,,IN_PROGRESS,30,false,Rural Development Agency (DRDA),Location 991,28.699270,77.177164,false,false,MOBILISATION_ADVANCE:2024-04-06:607833
ESK-1992,DIST_102,204,Work 993: OTHER Project at Location 992,Synthetic work description for demo data import,OTHER,2450973,2328425,2450973,2025-07-28,2025-08-27,2026-09-05,COMPLETED,100,false,Public Works Department (PWD),Location 992,28.640287,77.302680,false,false,MOBILISATION_ADVANCE:2025-09-10:367646|RUNNING_BILL:2026-01-09:857841|RUNNING_BILL:2026-03-28:857841|FINAL_BILL:2026-06-11:245097
ESK-1993,DIST_103,202,Work 994: DRINKING_WATER Project at Location 993,Synthetic work description for demo data import,DRINKING_WATER,1576403,1576402,1576403,2022-10-13,2022-10-27,2023-08-30,COMPLETED,100,false,Public Works Department (PWD),Location 993,28.691744,77.213010,false,false,MOBILISATION_ADVANCE:2022-12-03:236460|RUNNING_BILL:2023-03-12:551741|RUNNING_BILL:2023-05-31:551741|FINAL_BILL:2023-08-14:157640|RETENTION_RELEASE:2024-02-10:78820
ESK-1994,DIST_104,201,Work 995: HEALTH Project at Location 994,Synthetic work description for demo data import,HEALTH,1036939,1036940,1036939,2024-08-07,2024-09-12,2026-06-27,COMPLETED,100,true,Rural Development Agency (DRDA),Location 994,28.704641,77.200132,false,false,MOBILISATION_ADVANCE:2024-10-16:155541|RUNNING_BILL:2025-01-17:362929|RUNNING_BILL:2025-03-16:362929|FINAL_BILL:2025-05-30:103694|RETENTION_RELEASE:2025-11-26:51847
ESK-1995,DIST_101,203,Work 996: DRINKING_WATER Project at Location 995,Synthetic work description for demo data import,DRINKING_WATER,2844707,2844708,2844707,2023-08-08,2023-09-03,2024-07-05,COMPLETED,100,false,Municipal Corporation,Location 995,28.512960,77.193977,false,false,MOBILISATION_ADVANCE:2023-09-18:426706|RUNNING_BILL:2023-12-18:497824|RUNNING_BILL:2024-02-13:497824|RUNNING_BILL:2024-05-06:497824|RUNNING_BILL:2024-07-26:497824|FINAL_BILL:2024-10-09:284471|RETENTION_RELEASE:2025-04-07:142235
ESK-1996,DIST_104,202,Work 997: EDUCATION Project at Location 996,Synthetic work description for demo data import,EDUCATION,2144944,2144943,2144944,2022-11-06,2022-11-17,2023-04-09,COMPLETED,100,false,Rural Development Agency (DRDA),Location 996,28.690418,77.326029,false,false,MOBILISATION_ADVANCE:2022-12-29:321742|RUNNING_BILL:2023-04-15:750730|RUNNING_BILL:2023-06-29:750730|FINAL_BILL:2023-09-12:214494|RETENTION_RELEASE:2024-03-10:107247
ESK-1997,DIST_101,204,Work 998: SANITATION Project at Location 997,Synthetic work description for demo data import,SANITATION,2400488,360073,2400488,2026-05-02,2026-06-13,2026-09-05,COMPLETED,100,true,Rural Development Agency (DRDA),Location 997,28.565443,77.322376,true,false,MOBILISATION_ADVANCE:2026-07-02:360073
ESK-1998,DIST_103,201,Work 999: SANITATION Project at Location 998,Synthetic work description for demo data import,SANITATION,2271797,0,2271797,2025-10-08,2025-11-22,2026-07-31,COMPLETED,100,true,Rural Development Agency (DRDA),Location 998,28.640499,77.372001,false,false,
ESK-1999,DIST_104,204,Work 1000: ROADS_BRIDGES Project at Location 999,Synthetic work description for demo data import,ROADS_BRIDGES,279288,186565,150473,2024-12-03,2025-01-03,,IN_PROGRESS,74,false,Rural Development Agency (DRDA),Location 999,28.626277,77.380073,false,false,MOBILISATION_ADVANCE:2025-01-18:41893|RUNNING_BILL:2025-05-22:48224|RUNNING_BILL:2025-07-06:48224|RUNNING_BILL:2025-09-09:48224
ESK-2000,DIST_102,203,Work 1001: EDUCATION Project at Location 1000,Synthetic work description for demo data import,EDUCATION,2266255,0,2266255,2025-01-06,2025-02-08,2025-12-18,COMPLETED,100,true,Irrigation & Flood Control Dept,Location 1000,28.538783,77.178195,false,false,
ESK-2001,DIST_103,204,Work 1002: SANITATION Project at Location 1001,Synthetic work description for demo data import,SANITATION,1065579,465659,0,2024-10-24,2024-10-30,,ON_HOLD,41,false,Irrigation & Flood Control Dept,Location 1001,28.554912,77.333112,false,false,MOBILISATION_ADVANCE:2024-11-09:159837|RUNNING_BILL:2025-03-08:152911|RUNNING_BILL:2025-05-10:152911
ESK-2002,DIST_102,202,Work 1003: HEALTH Project at Location 1002,Synthetic work description for demo data import,HEALTH,4775430,2187147,2916901,2023-06-22,2023-07-10,,IN_PROGRESS,44,false,Irrigation & Flood Control Dept,Location 1002,28.597843,77.316586,false,false,MOBILISATION_ADVANCE:2023-08-16:716315|RUNNING_BILL:2023-11-05:735416|RUNNING_BILL:2023-12-20:735416
ESK-2003,DIST_104,201,Work 1004: HEALTH Project at Location 1003,Synthetic work description for demo data import,HEALTH,530984,79648,530984,2023-04-28,2023-05-08,2025-03-13,COMPLETED,100,true,Public Works Department (PWD),Location 1003,28.607584,77.177855,false,false,MOBILISATION_ADVANCE:2023-06-02:79648
ESK-2004,DIST_102,204,Work 1005: SANITATION Project at Location 1004,Synthetic work description for demo data import,SANITATION,4886379,732957,3284853,2024-06-28,2024-08-07,,IN_PROGRESS,72,false,Municipal Corporation,Location 1004,28.534336,77.226976,false,false,MOBILISATION_ADVANCE:2024-08-18:732957
ESK-2005,DIST_102,202,Work 1006: SANITATION Project at Location 1005,Synthetic work description for demo data import,SANITATION,2371368,2371367,2371368,2024-11-12,2024-11-23,2025-12-14,COMPLETED,100,true,Rural Development Agency (DRDA),Location 1005,28.641683,77.181188,false,true,MOBILISATION_ADVANCE:2024-12-04:355705|RUNNING_BILL:2025-03-15:553319|RUNNING_BILL:2025-06-13:553319|RUNNING_BILL:2025-09-01:553319|FINAL_BILL:2025-11-15:237137|RETENTION_RELEASE:2026-05-14:118568
ESK-2006,DIST_102,202,Work 1007: ROADS_BRIDGES Project at Location 1006,Synthetic work description for demo data import,ROADS_BRIDGES,592039,592040,592039,2024-04-28,2024-05-05,2024-09-19,COMPLETED,100,true,Irrigation & Flood Control Dept,Location 1006,28.577745,77.198733,false,false,MOBILISATION_ADVANCE:2024-06-17:88806|RUNNING_BILL:2024-09-14:207214|RUNNING_BILL:2024-11-14:207214|FINAL_BILL:2025-01-28:59204|RETENTION_RELEASE:2025-07-27:29602
ESK-2007,DIST_101,202,Work 1008: HEALTH Project at Location 1007,Synthetic work description for demo data import,HEALTH,1673177,250977,1673177,2022-11-16,2022-12-02,2024-05-04,COMPLETED,100,true,Public Works Department (PWD),Location 1007,28.526793,77.347804,true,false,MOBILISATION_ADVANCE:2022-12-23:250977
ESK-2008,DIST_101,204,Work 1009: HEALTH Project at Location 1008,Synthetic work description for demo data import,HEALTH,1968720,295308,1968720,2023-01-27,2023-03-10,2024-07-10,COMPLETED,100,true,Irrigation & Flood Control Dept,Location 1008,28.641648,77.355207,true,false,MOBILISATION_ADVANCE:2023-03-27:295308
ESK-2009,DIST_103,204,Work 1010: DRINKING_WATER Project at Location 1009,Synthetic work description for demo data import,DRINKING_WATER,1299069,194860,1299069,2025-04-06,2025-04-26,2026-09-05,COMPLETED,100,false,Rural Development Agency (DRDA),Location 1009,28.566840,77.260939,false,false,MOBILISATION_ADVANCE:2025-06-09:194860
ESK-2010,DIST_101,203,Work 1011: DRINKING_WATER Project at Location 1010,Synthetic work description for demo data import,DRINKING_WATER,3068201,3068200,3068201,2023-03-26,2023-03-31,2023-08-20,COMPLETED,100,true,Rural Development Agency (DRDA),Location 1010,28.601456,77.224782,false,false,MOBILISATION_ADVANCE:2023-05-04:460230|RUNNING_BILL:2023-07-31:1073870|RUNNING_BILL:2023-10-26:1073870|FINAL_BILL:2024-01-09:306820|RETENTION_RELEASE:2024-07-07:153410
ESK-2011,DIST_101,202,Work 1012: EDUCATION Project at Location 1011,Synthetic work description for demo data import,EDUCATION,4093515,1072502,597538,2025-03-19,2025-04-22,,IN_PROGRESS,16,false,Municipal Corporation,Location 1011,28.688507,77.184464,false,false,MOBILISATION_ADVANCE:2025-05-23:614027|RUNNING_BILL:2025-09-05:152825|RUNNING_BILL:2025-10-22:152825|RUNNING_BILL:2026-01-17:152825
ESK-2012,DIST_104,201,Work 1013: OTHER Project at Location 1012,Synthetic work description for demo data import,OTHER,4485146,3467018,2594841,2026-02-21,2026-03-03,,IN_PROGRESS,89,false,Irrigation & Flood Control Dept,Location 1012,28.607275,77.151497,false,false,MOBILISATION_ADVANCE:2026-03-20:672772|RUNNING_BILL:2026-06-26:2794246
ESK-2013,DIST_101,202,Work 1014: ROADS_BRIDGES Project at Location 1013,Synthetic work description for demo data import,ROADS_BRIDGES,4423906,0,0,2026-06-26,,,NOT_STARTED,0,false,Rural Development Agency (DRDA),Location 1013,28.731019,77.220105,false,false,
ESK-2014,DIST_101,204,Work 1015: EDUCATION Project at Location 1014,Synthetic work description for demo data import,EDUCATION,1215555,0,1215555,2023-03-14,2023-04-26,2024-08-03,COMPLETED,100,false,Municipal Corporation,Location 1014,28.715297,77.367595,false,false,
ESK-2015,DIST_102,201,Work 1016: OTHER Project at Location 1015,Synthetic work description for demo data import,OTHER,1937385,0,634028,2023-12-30,2024-02-01,,IN_PROGRESS,21,false,Irrigation & Flood Control Dept,Location 1015,28.577805,77.195838,true,false,
ESK-2016,DIST_102,203,Work 1017: HEALTH Project at Location 1016,Synthetic work description for demo data import,HEALTH,1263398,1200228,1263398,2025-09-12,2025-10-07,2026-09-05,COMPLETED,100,true,Irrigation & Flood Control Dept,Location 1016,28.607969,77.267432,false,false,MOBILISATION_ADVANCE:2025-11-17:189510|RUNNING_BILL:2026-02-26:442189|RUNNING_BILL:2026-04-27:442189|FINAL_BILL:2026-07-11:126340
ESK-2017,DIST_101,203,Work 1018: HEALTH Project at Location 1017,Synthetic work description for demo data import,HEALTH,219187,0,219187,2023-05-30,2023-06-26,2024-07-17,COMPLETED,100,true,Public Works Department (PWD),Location 1017,28.727335,77.222366,true,false,
ESK-2018,DIST_101,202,Work 1019: SANITATION Project at Location 1018,Synthetic work description for demo data import,SANITATION,1659607,248941,0,2024-04-20,2024-05-02,,ON_HOLD,44,false,Irrigation & Flood Control Dept,Location 1018,28.616813,77.252560,false,false,MOBILISATION_ADVANCE:2024-06-09:248941
ESK-2019,DIST_101,203,Work 1020: OTHER Project at Location 1019,Synthetic work description for demo data import,OTHER,4281442,2770093,0,2025-01-04,2025-02-13,,ON_HOLD,71,false,Public Works Department (PWD),Location 1019,28.613757,77.381973,false,false,MOBILISATION_ADVANCE:2025-02-26:642216|RUNNING_BILL:2025-06-18:2127877
ESK-2020,DIST_103,202,Work 1021: EDUCATION Project at Location 1020,Synthetic work description for demo data import,EDUCATION,344524,292847,344524,2025-07-15,2025-08-18,2026-09-05,COMPLETED,100,true,Municipal Corporation,Location 1020,28.563079,77.201483,false,false,MOBILISATION_ADVANCE:2025-09-18:51679|RUNNING_BILL:2025-12-17:60292|RUNNING_BILL:2026-02-13:60292|RUNNING_BILL:2026-04-15:60292|RUNNING_BILL:2026-06-27:60292
ESK-2021,DIST_101,201,Work 1022: ROADS_BRIDGES Project at Location 1021,Synthetic work description for demo data import,ROADS_BRIDGES,2281060,0,0,2026-09-01,,,NOT_STARTED,0,false,Irrigation & Flood Control Dept,Location 1021,28.628693,77.370257,false,false,
ESK-2022,DIST_103,204,Work 1023: DRINKING_WATER Project at Location 1022,Synthetic work description for demo data import,DRINKING_WATER,1528891,0,1528891,2024-10-04,2024-11-02,2025-05-22,COMPLETED,100,true,Public Works Department (PWD),Location 1022,28.637108,77.377740,true,false,
ESK-2023,DIST_102,204,Work 1024: EDUCATION Project at Location 1023,Synthetic work description for demo data import,EDUCATION,3292854,1761677,1465888,2025-02-27,2025-03-31,,IN_PROGRESS,55,false,Rural Development Agency (DRDA),Location 1023,28.727879,77.358881,false,false,MOBILISATION_ADVANCE:2025-05-11:493928|RUNNING_BILL:2025-08-18:422583|RUNNING_BILL:2025-11-05:422583|RUNNING_BILL:2026-01-21:422583
ESK-2024,DIST_102,203,Work 1025: ROADS_BRIDGES Project at Location 1024,Synthetic work description for demo data import,ROADS_BRIDGES,2683932,402590,2683932,2026-04-17,2026-05-31,2026-09-05,COMPLETED,100,true,Public Works Department (PWD),Location 1024,28.532062,77.159239,false,false,MOBILISATION_ADVANCE:2026-06-16:402590
ESK-2025,DIST_102,201,Work 1026: EDUCATION Project at Location 1025,Synthetic work description for demo data import,EDUCATION,2093710,2093712,2093710,2022-09-25,2022-11-01,2024-05-15,COMPLETED,100,false,Public Works Department (PWD),Location 1025,28.574262,77.262543,false,false,MOBILISATION_ADVANCE:2022-11-29:314057|RUNNING_BILL:2023-03-27:732799|RUNNING_BILL:2023-05-23:732799|FINAL_BILL:2023-08-06:209371|RETENTION_RELEASE:2024-02-02:104686
ESK-2026,DIST_101,203,Work 1027: HEALTH Project at Location 1026,Synthetic work description for demo data import,HEALTH,361577,0,361577,2023-02-27,2023-04-14,2023-11-11,COMPLETED,100,true,Municipal Corporation,Location 1026,28.520456,77.228684,false,false,
ESK-2027,DIST_102,201,Work 1028: HEALTH Project at Location 1027,Synthetic work description for demo data import,HEALTH,1098598,164790,1098598,2025-10-30,2025-11-12,2026-03-30,COMPLETED,100,true,Rural Development Agency (DRDA),Location 1027,28.515519,77.389238,false,false,MOBILISATION_ADVANCE:2025-11-27:164790
ESK-2028,DIST_101,203,Work 1029: HEALTH Project at Location 1028,Synthetic work description for demo data import,HEALTH,3381334,1027925,798846,2022-10-28,2022-11-18,,IN_PROGRESS,22,false,Municipal Corporation,Location 1028,28.511184,77.280920,false,false,MOBILISATION_ADVANCE:2022-12-13:507200|RUNNING_BILL:2023-03-16:173575|RUNNING_BILL:2023-05-08:173575|RUNNING_BILL:2023-06-23:173575
ESK-2029,DIST_103,201,Work 1030: ROADS_BRIDGES Project at Location 1029,Synthetic work description for demo data import,ROADS_BRIDGES,770190,731680,770190,2025-01-14,2025-03-01,2025-10-12,COMPLETED,100,false,Municipal Corporation,Location 1029,28.573534,77.202484,false,false,MOBILISATION_ADVANCE:2025-03-20:115529|RUNNING_BILL:2025-07-20:134783|RUNNING_BILL:2025-09-10:134783|RUNNING_BILL:2025-12-02:134783|RUNNING_BILL:2026-01-17:134783|FINAL_BILL:2026-04-02:77019
ESK-2030,DIST_102,203,Work 1031: HEALTH Project at Location 1030,Synthetic work description for demo data import,HEALTH,1099659,0,1099659,2024-02-06,2024-03-20,2024-11-17,COMPLETED,100,true,Irrigation & Flood Control Dept,Location 1030,28.507047,77.314055,true,false,
ESK-2031,DIST_103,204,Work 1032: SANITATION Project at Location 1031,Synthetic work description for demo data import,SANITATION,2558151,1511868,49872,2024-09-12,2024-10-23,,IN_PROGRESS,63,false,Rural Development Agency (DRDA),Location 1031,28.558710,77.242537,false,false,MOBILISATION_ADVANCE:2024-11-29:383723|RUNNING_BILL:2025-02-20:1128145
ESK-2032,DIST_102,203,Work 1033: HEALTH Project at Location 1032,Synthetic work description for demo data import,HEALTH,2436523,2436524,2436523,2022-11-14,2022-12-16,2024-03-23,COMPLETED,100,true,Public Works Department (PWD),Location 1032,28.729033,77.186332,false,false,MOBILISATION_ADVANCE:2023-01-13:365478|RUNNING_BILL:2023-05-05:426392|RUNNING_BILL:2023-07-11:426392|RUNNING_BILL:2023-09-26:426392|RUNNING_BILL:2023-12-14:426392|FINAL_BILL:2024-02-27:243652|RETENTION_RELEASE:2024-08-25:121826
ESK-2033,DIST_101,204,Work 1034: HEALTH Project at Location 1033,Synthetic work description for demo data import,HEALTH,536566,536566,536566,2022-09-20,2022-11-01,2023-10-23,COMPLETED,100,false,Municipal Corporation,Location 1033,28.623822,77.260707,true,false,MOBILISATION_ADVANCE:2022-12-09:80485|RUNNING_BILL:2023-02-14:93899|RUNNING_BILL:2023-04-23:93899|RUNNING_BILL:2023-06-19:93899|RUNNING_BILL:2023-08-23:93899|FINAL_BILL:2023-11-06:53657|RETENTION_RELEASE:2024-05-04:26828
ESK-2034,DIST_101,204,Work 1035: EDUCATION Project at Location 1034,Synthetic work description for demo data import,EDUCATION,895443,895444,895443,2023-09-06,2023-09-16,2024-07-21,COMPLETED,100,true,Municipal Corporation,Location 1034,28.528639,77.355252,false,false,MOBILISATION_ADVANCE:2023-10-31:134316|RUNNING_BILL:2024-01-23:156703|RUNNING_BILL:2024-04-17:156703|RUNNING_BILL:2024-07-08:156703|RUNNING_BILL:2024-08-23:156703|FINAL_BILL:2024-11-06:89544|RETENTION_RELEASE:2025-05-05:44772
ESK-2035,DIST_102,204,Work 1036: OTHER Project at Location 1035,Synthetic work description for demo data import,OTHER,2843147,426472,0,2025-12-08,2026-01-11,,NOT_STARTED,0,false,Public Works Department (PWD),Location 1035,28.710539,77.186341,false,false,MOBILISATION_ADVANCE:2026-02-03:426472|RUNNING_BILL:2026-05-02:0|RUNNING_BILL:2026-07-16:0
ESK-2036,DIST_102,203,Work 1037: DRINKING_WATER Project at Location 1036,Synthetic work description for demo data import,DRINKING_WATER,2169571,325436,2169571,2024-12-17,2024-12-25,2026-04-24,COMPLETED,100,true,Rural Development Agency (DRDA),Location 1036,28.538318,77.384691,false,false,MOBILISATION_ADVANCE:2025-02-06:325436
ESK-2037,DIST_102,202,Work 1038: SANITATION Project at Location 1037,Synthetic work description for demo data import,SANITATION,991633,991634,991633,2024-07-03,2024-07-08,2026-03-26,COMPLETED,100,true,Municipal Corporation,Location 1037,28.539258,77.345947,true,false,MOBILISATION_ADVANCE:2024-07-22:148745|RUNNING_BILL:2024-11-19:347072|RUNNING_BILL:2025-02-12:347072|FINAL_BILL:2025-04-28:99163|RETENTION_RELEASE:2025-10-25:49582
ESK-2038,DIST_102,202,Work 1039: DRINKING_WATER Project at Location 1038,Synthetic work description for demo data import,DRINKING_WATER,2137177,2030320,2137177,2025-06-13,2025-07-18,2026-09-05,COMPLETED,100,true,Irrigation & Flood Control Dept,Location 1038,28.707303,77.238782,false,false,MOBILISATION_ADVANCE:2025-08-04:320577|RUNNING_BILL:2025-11-16:498675|RUNNING_BILL:2026-01-27:498675|RUNNING_BILL:2026-03-21:498675|FINAL_BILL:2026-06-04:213718
ESK-2039,DIST_103,201,Work 1040: DRINKING_WATER Project at Location 1039,Synthetic work description for demo data import,DRINKING_WATER,266392,0,266392,2024-09-25,2024-10-20,2025-03-08,COMPLETED,100,true,Rural Development Agency (DRDA),Location 1039,28.634747,77.381908,false,false,
ESK-2040,DIST_102,201,Work 1041: ROADS_BRIDGES Project at Location 1040,Synthetic work description for demo data import,ROADS_BRIDGES,1709983,854991,1709983,2026-03-21,2026-04-17,2026-09-05,COMPLETED,100,false,Rural Development Agency (DRDA),Location 1040,28.662561,77.346531,false,true,MOBILISATION_ADVANCE:2026-04-27:256497|RUNNING_BILL:2026-08-06:598494
ESK-2041,DIST_102,202,Work 1042: EDUCATION Project at Location 1041,Synthetic work description for demo data import,EDUCATION,312333,312334,312333,2023-11-12,2023-12-24,2024-09-15,COMPLETED,100,true,Municipal Corporation,Location 1041,28.662429,77.214047,false,false,MOBILISATION_ADVANCE:2024-01-10:46850|RUNNING_BILL:2024-05-05:109317|RUNNING_BILL:2024-07-04:109317|FINAL_BILL:2024-09-17:31233|RETENTION_RELEASE:2025-03-16:15617
ESK-2042,DIST_103,201,Work 1043: SANITATION Project at Location 1042,Synthetic work description for demo data import,SANITATION,2845036,2845037,2845036,2023-01-28,2023-03-14,2023-12-26,COMPLETED,100,true,Public Works Department (PWD),Location 1042,28.632590,77.195710,false,false,MOBILISATION_ADVANCE:2023-03-24:426755|RUNNING_BILL:2023-07-02:995763|RUNNING_BILL:2023-08-29:995763|FINAL_BILL:2023-11-12:284504|RETENTION_RELEASE:2024-05-10:142252
ESK-2043,DIST_102,202,Work 1044: DRINKING_WATER Project at Location 1043,Synthetic work description for demo data import,DRINKING_WATER,2598275,2598275,2598275,2023-03-15,2023-04-28,2025-03-18,COMPLETED,100,true,Irrigation & Flood Control Dept,Location 1043,28.667635,77.247482,false,false,MOBILISATION_ADVANCE:2023-05-18:389741|RUNNING_BILL:2023-09-03:454698|RUNNING_BILL:2023-11-12:454698|RUNNING_BILL:2024-02-03:454698|RUNNING_BILL:2024-04-17:454698|FINAL_BILL:2024-07-01:259828|RETENTION_RELEASE:2024-12-28:129914
ESK-2044,DIST_104,201,Work 1045: EDUCATION Project at Location 1044,Synthetic work description for demo data import,EDUCATION,533003,533002,533003,2022-12-05,2023-01-20,2024-09-06,COMPLETED,100,true,Irrigation & Flood Control Dept,Location 1044,28.668974,77.269222,true,false,MOBILISATION_ADVANCE:2023-02-03:79950|RUNNING_BILL:2023-05-25:186551|RUNNING_BILL:2023-07-19:186551|FINAL_BILL:2023-10-02:53300|RETENTION_RELEASE:2024-03-30:26650
ESK-2045,DIST_101,201,Work 1046: ROADS_BRIDGES Project at Location 1045,Synthetic work description for demo data import,ROADS_BRIDGES,2995647,0,0,2026-06-30,,,NOT_STARTED,0,false,Public Works Department (PWD),Location 1045,28.584323,77.260922,false,false,
ESK-2046,DIST_103,202,Work 1047: DRINKING_WATER Project at Location 1046,Synthetic work description for demo data import,DRINKING_WATER,206642,113446,146312,2024-04-07,2024-05-25,,IN_PROGRESS,57,false,Irrigation & Flood Control Dept,Location 1046,28.510826,77.382922,false,false,MOBILISATION_ADVANCE:2024-06-14:30996|RUNNING_BILL:2024-10-07:41225|RUNNING_BILL:2024-12-10:41225
ESK-2047,DIST_101,204,Work 1048: OTHER Project at Location 1047,Synthetic work description for demo data import,OTHER,1139423,848871,402728,2022-11-01,2022-11-09,,IN_PROGRESS,85,false,Public Works Department (PWD),Location 1047,28.743403,77.256452,false,false,MOBILISATION_ADVANCE:2022-11-21:170913|RUNNING_BILL:2023-02-24:225986|RUNNING_BILL:2023-04-30:225986|RUNNING_BILL:2023-07-10:225986
ESK-2048,DIST_102,204,Work 1049: ROADS_BRIDGES Project at Location 1048,Synthetic work description for demo data import,ROADS_BRIDGES,133429,66714,133429,2025-11-28,2026-01-02,2026-09-05,COMPLETED,100,true,Public Works Department (PWD),Location 1048,28.654118,77.153442,false,false,MOBILISATION_ADVANCE:2026-02-12:20014|RUNNING_BILL:2026-05-17:23350|RUNNING_BILL:2026-07-25:23350
ESK-2049,DIST_103,202,Work 1050: OTHER Project at Location 1049,Synthetic work description for demo data import,OTHER,978960,832116,978960,2026-02-12,2026-02-18,2026-09-05,COMPLETED,100,false,Municipal Corporation,Location 1049,28.652282,77.325857,false,false,MOBILISATION_ADVANCE:2026-02-28:146844|RUNNING_BILL:2026-06-24:342636|RUNNING_BILL:2026-08-09:342636
ESK-2050,DIST_102,201,Work 1051: SANITATION Project at Location 1050,Synthetic work description for demo data import,SANITATION,2483203,372480,2483203,2024-01-11,2024-01-16,2025-02-21,COMPLETED,100,false,Irrigation & Flood Control Dept,Location 1050,28.726867,77.287248,false,false,MOBILISATION_ADVANCE:2024-02-06:372480
ESK-2051,DIST_102,203,Work 1052: HEALTH Project at Location 1051,Synthetic work description for demo data import,HEALTH,246406,246407,246406,2024-05-15,2024-05-28,2025-11-07,COMPLETED,100,false,Rural Development Agency (DRDA),Location 1051,28.659384,77.188557,false,false,MOBILISATION_ADVANCE:2024-07-06:36961|RUNNING_BILL:2024-10-15:57495|RUNNING_BILL:2025-01-05:57495|RUNNING_BILL:2025-03-22:57495|FINAL_BILL:2025-06-05:24641|RETENTION_RELEASE:2025-12-02:12320
ESK-2052,DIST_102,203,Work 1053: EDUCATION Project at Location 1052,Synthetic work description for demo data import,EDUCATION,2759889,2172033,863570,2024-02-16,2024-03-09,,IN_PROGRESS,91,false,Rural Development Agency (DRDA),Location 1052,28.541263,77.375852,false,false,MOBILISATION_ADVANCE:2024-04-23:413983|RUNNING_BILL:2024-07-16:879025|RUNNING_BILL:2024-10-14:879025
ESK-2053,DIST_102,203,Work 1054: EDUCATION Project at Location 1053,Synthetic work description for demo data import,EDUCATION,987803,987802,987803,2024-08-01,2024-08-31,2025-08-24,COMPLETED,100,false,Rural Development Agency (DRDA),Location 1053,28.552461,77.344764,true,false,MOBILISATION_ADVANCE:2024-10-11:148170|RUNNING_BILL:2025-01-10:345731|RUNNING_BILL:2025-03-05:345731|FINAL_BILL:2025-05-19:98780|RETENTION_RELEASE:2025-11-15:49390
ESK-2054,DIST_103,202,Work 1055: SANITATION Project at Location 1054,Synthetic work description for demo data import,SANITATION,1543965,1543966,1543965,2023-07-22,2023-07-27,2024-11-20,COMPLETED,100,false,Rural Development Agency (DRDA),Location 1054,28.736055,77.166108,false,false,MOBILISATION_ADVANCE:2023-08-24:231595|RUNNING_BILL:2023-11-23:540388|RUNNING_BILL:2024-01-07:540388|FINAL_BILL:2024-03-22:154397|RETENTION_RELEASE:2024-09-18:77198
ESK-2055,DIST_101,201,Work 1056: EDUCATION Project at Location 1055,Synthetic work description for demo data import,EDUCATION,622544,0,0,2023-02-16,2023-03-05,,CANCELLED,0,false,Municipal Corporation,Location 1055,28.681544,77.303527,false,false,
ESK-2056,DIST_101,204,Work 1057: DRINKING_WATER Project at Location 1056,Synthetic work description for demo data import,DRINKING_WATER,2799377,2799378,2799377,2022-12-08,2023-01-06,2024-08-29,COMPLETED,100,false,Public Works Department (PWD),Location 1056,28.676900,77.209815,false,false,MOBILISATION_ADVANCE:2023-01-27:419907|RUNNING_BILL:2023-05-08:653188|RUNNING_BILL:2023-07-28:653188|RUNNING_BILL:2023-10-02:653188|FINAL_BILL:2023-12-16:279938|RETENTION_RELEASE:2024-06-13:139969
ESK-2057,DIST_101,202,Work 1058: SANITATION Project at Location 1057,Synthetic work description for demo data import,SANITATION,1509312,353179,837036,2024-10-24,2024-12-04,,IN_PROGRESS,12,false,Irrigation & Flood Control Dept,Location 1057,28.596731,77.262411,false,false,MOBILISATION_ADVANCE:2025-01-13:226397|RUNNING_BILL:2025-04-15:63391|RUNNING_BILL:2025-06-03:63391
ESK-2058,DIST_103,203,Work 1059: DRINKING_WATER Project at Location 1058,Synthetic work description for demo data import,DRINKING_WATER,2659883,454839,0,2022-09-27,2022-10-11,,ON_HOLD,3,false,Public Works Department (PWD),Location 1058,28.674978,77.204956,false,true,MOBILISATION_ADVANCE:2022-10-29:398982|RUNNING_BILL:2023-03-01:18619|RUNNING_BILL:2023-05-12:18619|RUNNING_BILL:2023-06-29:18619
ESK-2059,DIST_101,204,Work 1060: HEALTH Project at Location 1059,Synthetic work description for demo data import,HEALTH,2760312,2346266,2760312,2025-11-14,2025-11-22,2026-09-05,COMPLETED,100,true,Public Works Department (PWD),Location 1059,28.567661,77.246781,true,false,MOBILISATION_ADVANCE:2026-01-04:414047|RUNNING_BILL:2026-03-17:644073|RUNNING_BILL:2026-06-09:644073|RUNNING_BILL:2026-08-06:644073
ESK-2060,DIST_103,202,Work 1061: HEALTH Project at Location 1060,Synthetic work description for demo data import,HEALTH,172333,172333,172333,2022-11-05,2022-12-04,2023-09-08,COMPLETED,100,false,Rural Development Agency (DRDA),Location 1060,28.641653,77.226612,false,false,MOBILISATION_ADVANCE:2022-12-28:25850|RUNNING_BILL:2023-04-06:40211|RUNNING_BILL:2023-05-29:40211|RUNNING_BILL:2023-07-30:40211|FINAL_BILL:2023-10-13:17233|RETENTION_RELEASE:2024-04-10:8617
ESK-2061,DIST_102,202,Work 1062: SANITATION Project at Location 1061,Synthetic work description for demo data import,SANITATION,2536843,2014253,1022353,2025-03-16,2025-04-30,,IN_PROGRESS,92,false,Rural Development Agency (DRDA),Location 1061,28.748586,77.387694,true,true,MOBILISATION_ADVANCE:2025-05-14:380526|RUNNING_BILL:2025-08-29:1633727
ESK-2062,DIST_104,201,Work 1063: EDUCATION Project at Location 1062,Synthetic work description for demo data import,EDUCATION,458943,0,0,2026-06-30,,,NOT_STARTED,0,false,Irrigation & Flood Control Dept,Location 1062,28.606379,77.173725,false,false,
ESK-2063,DIST_102,203,Work 1064: DRINKING_WATER Project at Location 1063,Synthetic work description for demo data import,DRINKING_WATER,3249265,0,0,2026-05-10,,,NOT_STARTED,0,false,Public Works Department (PWD),Location 1063,28.719002,77.312156,false,false,
ESK-2064,DIST_104,203,Work 1065: HEALTH Project at Location 1064,Synthetic work description for demo data import,HEALTH,4976916,2349103,2023260,2024-11-25,2024-12-13,,IN_PROGRESS,46,false,Irrigation & Flood Control Dept,Location 1064,28.726878,77.228696,true,false,MOBILISATION_ADVANCE:2025-01-12:746537|RUNNING_BILL:2025-05-05:801283|RUNNING_BILL:2025-07-07:801283
ESK-2065,DIST_101,202,Work 1066: SANITATION Project at Location 1065,Synthetic work description for demo data import,SANITATION,129018,46446,27613,2024-06-07,2024-07-10,,IN_PROGRESS,30,false,Irrigation & Flood Control Dept,Location 1065,28.555985,77.385531,false,false,MOBILISATION_ADVANCE:2024-08-07:19353|RUNNING_BILL:2024-11-11:9031|RUNNING_BILL:2025-02-05:9031|RUNNING_BILL:2025-05-05:9031
ESK-2066,DIST_101,204,Work 1067: EDUCATION Project at Location 1066,Synthetic work description for demo data import,EDUCATION,1840770,971927,611526,2023-10-20,2023-11-04,,IN_PROGRESS,54,false,Public Works Department (PWD),Location 1066,28.578897,77.252083,false,false,MOBILISATION_ADVANCE:2023-11-15:276116|RUNNING_BILL:2024-03-21:231937|RUNNING_BILL:2024-05-31:231937|RUNNING_BILL:2024-08-14:231937
ESK-2067,DIST_102,202,Work 1068: OTHER Project at Location 1067,Synthetic work description for demo data import,OTHER,509897,0,509897,2024-06-11,2024-07-18,2025-01-31,COMPLETED,100,true,Irrigation & Flood Control Dept,Location 1067,28.588196,77.275204,false,false,
ESK-2068,DIST_103,202,Work 1069: EDUCATION Project at Location 1068,Synthetic work description for demo data import,EDUCATION,250904,238358,250904,2025-10-21,2025-12-01,2026-09-05,COMPLETED,100,false,Irrigation & Flood Control Dept,Location 1068,28.622452,77.358305,false,false,MOBILISATION_ADVANCE:2025-12-17:37636|RUNNING_BILL:2026-04-30:87816|RUNNING_BILL:2026-06-22:87816|FINAL_BILL:2026-09-05:25090
ESK-2069,DIST_102,202,Work 1070: OTHER Project at Location 1069,Synthetic work description for demo data import,OTHER,473923,71088,402312,2023-02-21,2023-03-26,,IN_PROGRESS,52,false,Irrigation & Flood Control Dept,Location 1069,28.589311,77.358888,false,false,MOBILISATION_ADVANCE:2023-04-12:71088
ESK-2070,DIST_102,201,Work 1071: HEALTH Project at Location 1070,Synthetic work description for demo data import,HEALTH,2149351,2149351,2149351,2024-12-04,2025-01-04,2026-09-05,COMPLETED,100,true,Irrigation & Flood Control Dept,Location 1070,28.668923,77.283841,false,false,MOBILISATION_ADVANCE:2025-02-12:322403|RUNNING_BILL:2025-05-26:501515|RUNNING_BILL:2025-08-21:501515|RUNNING_BILL:2025-11-12:501515|FINAL_BILL:2026-01-26:214935|RETENTION_RELEASE:2026-07-25:107468
ESK-2071,DIST_104,202,Work 1072: EDUCATION Project at Location 1071,Synthetic work description for demo data import,EDUCATION,4129329,619399,0,2025-04-23,2025-06-12,,NOT_STARTED,0,false,Rural Development Agency (DRDA),Location 1071,28.559485,77.371739,false,false,MOBILISATION_ADVANCE:2025-07-23:619399
ESK-2072,DIST_101,204,Work 1073: HEALTH Project at Location 1072,Synthetic work description for demo data import,HEALTH,1871489,1871488,1871489,2022-08-29,2022-09-29,2023-11-17,COMPLETED,100,true,Public Works Department (PWD),Location 1072,28.686017,77.156228,false,false,MOBILISATION_ADVANCE:2022-10-19:280723|RUNNING_BILL:2023-01-28:655021|RUNNING_BILL:2023-03-26:655021|FINAL_BILL:2023-06-09:187149|RETENTION_RELEASE:2023-12-06:93574
ESK-2073,DIST_104,204,Work 1074: HEALTH Project at Location 1073,Synthetic work description for demo data import,HEALTH,4855650,2835701,4159314,2023-07-28,2023-08-19,,IN_PROGRESS,62,false,Municipal Corporation,Location 1073,28.503400,77.264530,false,false,MOBILISATION_ADVANCE:2023-08-30:728348|RUNNING_BILL:2024-01-04:702451|RUNNING_BILL:2024-02-21:702451|RUNNING_BILL:2024-04-26:702451
ESK-2074,DIST_104,201,Work 1075: ROADS_BRIDGES Project at Location 1074,Synthetic work description for demo data import,ROADS_BRIDGES,1545600,697065,0,2023-11-28,2023-12-05,,ON_HOLD,43,false,Rural Development Agency (DRDA),Location 1074,28.675544,77.322679,false,false,MOBILISATION_ADVANCE:2023-12-29:231840|RUNNING_BILL:2024-04-04:155075|RUNNING_BILL:2024-06-07:155075|RUNNING_BILL:2024-07-29:155075
ESK-2075,DIST_102,201,Work 1076: DRINKING_WATER Project at Location 1075,Synthetic work description for demo data import,DRINKING_WATER,2379768,2260778,2379768,2025-06-04,2025-06-10,2025-10-22,COMPLETED,100,false,Public Works Department (PWD),Location 1075,28.611443,77.221955,false,false,MOBILISATION_ADVANCE:2025-07-21:356965|RUNNING_BILL:2025-10-02:416459|RUNNING_BILL:2025-12-30:416459|RUNNING_BILL:2026-03-12:416459|RUNNING_BILL:2026-05-19:416459|FINAL_BILL:2026-08-02:237977
ESK-2076,DIST_104,203,Work 1077: OTHER Project at Location 1076,Synthetic work description for demo data import,OTHER,1982455,644298,0,2024-06-22,2024-07-29,,ON_HOLD,25,false,Municipal Corporation,Location 1076,28.560879,77.176266,false,false,MOBILISATION_ADVANCE:2024-08-08:297368|RUNNING_BILL:2024-11-28:173465|RUNNING_BILL:2025-01-23:173465
ESK-2077,DIST_102,202,Work 1078: HEALTH Project at Location 1077,Synthetic work description for demo data import,HEALTH,1366852,205028,1366852,2023-05-24,2023-06-04,2025-04-08,COMPLETED,100,true,Irrigation & Flood Control Dept,Location 1077,28.546520,77.159662,false,false,MOBILISATION_ADVANCE:2023-06-14:205028
ESK-2078,DIST_104,204,Work 1079: OTHER Project at Location 1078,Synthetic work description for demo data import,OTHER,3175273,476291,1797007,2023-07-19,2023-07-30,,IN_PROGRESS,33,false,Irrigation & Flood Control Dept,Location 1078,28.708003,77.391663,false,true,MOBILISATION_ADVANCE:2023-09-07:476291
ESK-2079,DIST_104,204,Work 1080: ROADS_BRIDGES Project at Location 1079,Synthetic work description for demo data import,ROADS_BRIDGES,465448,389113,112874,2024-10-15,2024-11-18,,IN_PROGRESS,98,false,Rural Development Agency (DRDA),Location 1079,28.743267,77.372764,false,false,MOBILISATION_ADVANCE:2024-12-23:69817|RUNNING_BILL:2025-03-24:106432|RUNNING_BILL:2025-06-05:106432|RUNNING_BILL:2025-08-12:106432
ESK-2080,DIST_102,202,Work 1081: HEALTH Project at Location 1080,Synthetic work description for demo data import,HEALTH,2520361,1930596,1737406,2023-11-02,2023-12-11,,IN_PROGRESS,88,false,Public Works Department (PWD),Location 1080,28.685205,77.392857,false,false,MOBILISATION_ADVANCE:2024-01-20:378054|RUNNING_BILL:2024-03-31:1552542
ESK-2081,DIST_104,203,Work 1082: EDUCATION Project at Location 1081,Synthetic work description for demo data import,EDUCATION,1367508,1367508,1367508,2023-06-15,2023-07-11,2024-07-04,COMPLETED,100,false,Rural Development Agency (DRDA),Location 1081,28.728702,77.207365,true,true,MOBILISATION_ADVANCE:2023-08-15:205126|RUNNING_BILL:2023-11-07:239314|RUNNING_BILL:2024-01-31:239314|RUNNING_BILL:2024-04-26:239314|RUNNING_BILL:2024-06-23:239314|FINAL_BILL:2024-09-06:136751|RETENTION_RELEASE:2025-03-05:68375
ESK-2082,DIST_103,204,Work 1083: ROADS_BRIDGES Project at Location 1082,Synthetic work description for demo data import,ROADS_BRIDGES,1902052,1902052,1902052,2024-03-13,2024-03-30,2024-09-15,COMPLETED,100,true,Municipal Corporation,Location 1082,28.568021,77.363493,false,false,MOBILISATION_ADVANCE:2024-04-17:285308|RUNNING_BILL:2024-08-07:665718|RUNNING_BILL:2024-10-04:665718|FINAL_BILL:2024-12-18:190205|RETENTION_RELEASE:2025-06-16:95103
ESK-2083,DIST_103,201,Work 1084: SANITATION Project at Location 1083,Synthetic work description for demo data import,SANITATION,3636705,545506,714237,2024-02-07,2024-02-18,,IN_PROGRESS,31,false,Irrigation & Flood Control Dept,Location 1083,28.655721,77.340954,true,false,MOBILISATION_ADVANCE:2024-03-24:545506
ESK-2084,DIST_103,203,Work 1085: EDUCATION Project at Location 1084,Synthetic work description for demo data import,EDUCATION,1699237,1699236,1699237,2024-11-28,2024-12-03,2026-06-09,COMPLETED,100,true,Irrigation & Flood Control Dept,Location 1084,28.536871,77.301079,false,false,MOBILISATION_ADVANCE:2024-12-25:254886|RUNNING_BILL:2025-04-14:297366|RUNNING_BILL:2025-05-31:297366|RUNNING_BILL:2025-08-23:297366|RUNNING_BILL:2025-11-20:297366|FINAL_BILL:2026-02-03:169924|RETENTION_RELEASE:2026-08-02:84962
ESK-2085,DIST_102,204,Work 1086: OTHER Project at Location 1085,Synthetic work description for demo data import,OTHER,2569815,0,2569815,2026-02-26,2026-03-30,2026-09-05,COMPLETED,100,true,Municipal Corporation,Location 1085,28.533672,77.357790,false,false,
ESK-2086,DIST_101,201,Work 1087: HEALTH Project at Location 1086,Synthetic work description for demo data import,HEALTH,1813103,1223844,1813103,2025-11-04,2025-11-17,2026-09-05,COMPLETED,100,true,Public Works Department (PWD),Location 1086,28.638173,77.194690,true,false,MOBILISATION_ADVANCE:2025-12-11:271965|RUNNING_BILL:2026-04-09:317293|RUNNING_BILL:2026-06-10:317293|RUNNING_BILL:2026-07-26:317293
ESK-2087,DIST_104,203,Work 1088: OTHER Project at Location 1087,Synthetic work description for demo data import,OTHER,2293483,2293482,2293483,2023-04-07,2023-05-16,2024-06-30,COMPLETED,100,false,Rural Development Agency (DRDA),Location 1087,28.631282,77.174029,false,false,MOBILISATION_ADVANCE:2023-05-30:344022|RUNNING_BILL:2023-09-28:802719|RUNNING_BILL:2023-12-21:802719|FINAL_BILL:2024-03-05:229348|RETENTION_RELEASE:2024-09-01:114674
ESK-2088,DIST_103,202,Work 1089: DRINKING_WATER Project at Location 1088,Synthetic work description for demo data import,DRINKING_WATER,880173,286056,880173,2026-03-02,2026-04-19,2026-09-05,COMPLETED,100,true,Irrigation & Flood Control Dept,Location 1088,28.549418,77.180199,false,false,MOBILISATION_ADVANCE:2026-05-25:132026|RUNNING_BILL:2026-08-14:154030
ESK-2089,DIST_102,201,Work 1090: EDUCATION Project at Location 1089,Synthetic work description for demo data import,EDUCATION,1235909,0,1235909,2024-09-06,2024-09-14,2025-07-29,COMPLETED,100,false,Municipal Corporation,Location 1089,28.512686,77.191381,false,false,
ESK-2090,DIST_102,202,Work 1091: HEALTH Project at Location 1090,Synthetic work description for demo data import,HEALTH,140311,140311,140311,2024-02-11,2024-03-17,2025-12-03,COMPLETED,100,false,Irrigation & Flood Control Dept,Location 1090,28.569741,77.300190,true,true,MOBILISATION_ADVANCE:2024-04-10:21047|RUNNING_BILL:2024-07-13:32739|RUNNING_BILL:2024-09-27:32739|RUNNING_BILL:2024-11-18:32739|FINAL_BILL:2025-02-01:14031|RETENTION_RELEASE:2025-07-31:7016
ESK-2091,DIST_103,204,Work 1092: EDUCATION Project at Location 1091,Synthetic work description for demo data import,EDUCATION,2060659,712989,537494,2023-11-27,2023-12-19,,IN_PROGRESS,28,false,Municipal Corporation,Location 1091,28.541869,77.164768,false,false,MOBILISATION_ADVANCE:2024-01-08:309099|RUNNING_BILL:2024-04-29:134630|RUNNING_BILL:2024-06-21:134630|RUNNING_BILL:2024-08-23:134630
ESK-2092,DIST_103,201,Work 1093: ROADS_BRIDGES Project at Location 1092,Synthetic work description for demo data import,ROADS_BRIDGES,1313264,1247600,1313264,2025-06-13,2025-07-14,2026-02-07,COMPLETED,100,false,Rural Development Agency (DRDA),Location 1092,28.662226,77.198944,false,false,MOBILISATION_ADVANCE:2025-08-06:196990|RUNNING_BILL:2025-12-02:229821|RUNNING_BILL:2026-02-11:229821|RUNNING_BILL:2026-04-03:229821|RUNNING_BILL:2026-06-17:229821|FINAL_BILL:2026-08-31:131326
ESK-2093,DIST_103,201,Work 1094: SANITATION Project at Location 1093,Synthetic work description for demo data import,SANITATION,2059975,308996,0,2023-03-31,2023-05-12,,NOT_STARTED,0,false,Municipal Corporation,Location 1093,28.715991,77.382776,true,false,MOBILISATION_ADVANCE:2023-05-31:308996
ESK-2094,DIST_103,203,Work 1095: EDUCATION Project at Location 1094,Synthetic work description for demo data import,EDUCATION,4021657,0,3375188,2026-01-05,2026-02-19,,IN_PROGRESS,46,false,Municipal Corporation,Location 1094,28.643179,77.324913,false,false,
ESK-2095,DIST_101,202,Work 1096: SANITATION Project at Location 1095,Synthetic work description for demo data import,SANITATION,918943,872995,918943,2025-05-28,2025-06-16,2026-09-05,COMPLETED,100,false,Rural Development Agency (DRDA),Location 1095,28.656644,77.304166,false,false,MOBILISATION_ADVANCE:2025-07-28:137841|RUNNING_BILL:2025-11-02:160815|RUNNING_BILL:2026-01-18:160815|RUNNING_BILL:2026-03-24:160815|RUNNING_BILL:2026-05-26:160815|FINAL_BILL:2026-08-09:91894
ESK-2096,DIST_102,201,Work 1097: EDUCATION Project at Location 1096,Synthetic work description for demo data import,EDUCATION,957779,0,957779,2024-07-21,2024-08-18,2025-02-10,COMPLETED,100,false,Irrigation & Flood Control Dept,Location 1096,28.746089,77.369730,false,true,
ESK-2097,DIST_103,203,Work 1098: SANITATION Project at Location 1097,Synthetic work description for demo data import,SANITATION,4219847,1144985,2229941,2026-03-28,2026-04-08,,IN_PROGRESS,52,false,Rural Development Agency (DRDA),Location 1097,28.555776,77.370665,false,false,MOBILISATION_ADVANCE:2026-05-04:632977|RUNNING_BILL:2026-08-24:512008
ESK-2098,DIST_104,201,Work 1099: OTHER Project at Location 1098,Synthetic work description for demo data import,OTHER,2171751,2171752,2171751,2024-11-10,2024-12-19,2025-07-11,COMPLETED,100,false,Municipal Corporation,Location 1098,28.530793,77.177193,false,false,MOBILISATION_ADVANCE:2025-01-02:325763|RUNNING_BILL:2025-05-09:760113|RUNNING_BILL:2025-08-07:760113|FINAL_BILL:2025-10-21:217175|RETENTION_RELEASE:2026-04-19:108588
ESK-2099,DIST_104,203,Work 1100: HEALTH Project at Location 1099,Synthetic work description for demo data import,HEALTH,2400345,0,2400345,2024-01-22,2024-02-22,2025-05-03,COMPLETED,100,true,Rural Development Agency (DRDA),Location 1099,28.685115,77.168487,true,false,
ESK-2100,DIST_102,202,Work 1101: DRINKING_WATER Project at Location 1100,Synthetic work description for demo data import,DRINKING_WATER,943194,943194,943194,2022-10-16,2022-11-22,2023-06-29,COMPLETED,100,true,Public Works Department (PWD),Location 1100,28.606876,77.363043,false,false,MOBILISATION_ADVANCE:2022-12-20:141479|RUNNING_BILL:2023-03-14:165059|RUNNING_BILL:2023-06-07:165059|RUNNING_BILL:2023-08-04:165059|RUNNING_BILL:2023-10-07:165059|FINAL_BILL:2023-12-21:94319|RETENTION_RELEASE:2024-06-18:47160
ESK-2101,DIST_104,201,Work 1102: OTHER Project at Location 1101,Synthetic work description for demo data import,OTHER,2387323,0,2387323,2023-07-26,2023-08-16,2025-04-21,COMPLETED,100,true,Municipal Corporation,Location 1101,28.586511,77.251959,true,false,
ESK-2102,DIST_103,201,Work 1103: DRINKING_WATER Project at Location 1102,Synthetic work description for demo data import,DRINKING_WATER,4195302,0,0,2026-07-24,,,NOT_STARTED,0,false,Public Works Department (PWD),Location 1102,28.619554,77.369630,false,false,
ESK-2103,DIST_104,203,Work 1104: HEALTH Project at Location 1103,Synthetic work description for demo data import,HEALTH,2819149,2819148,2819149,2023-07-21,2023-09-09,2024-03-02,COMPLETED,100,true,Municipal Corporation,Location 1103,28.522310,77.184265,false,false,MOBILISATION_ADVANCE:2023-10-15:422872|RUNNING_BILL:2024-01-30:986702|RUNNING_BILL:2024-04-27:986702|FINAL_BILL:2024-07-11:281915|RETENTION_RELEASE:2025-01-07:140957
ESK-2104,DIST_101,201,Work 1105: SANITATION Project at Location 1104,Synthetic work description for demo data import,SANITATION,2795955,0,2795955,2024-01-14,2024-02-04,2025-04-23,COMPLETED,100,true,Municipal Corporation,Location 1104,28.626656,77.349286,false,false,
ESK-2105,DIST_101,203,Work 1106: DRINKING_WATER Project at Location 1105,Synthetic work description for demo data import,DRINKING_WATER,191801,67706,181621,2024-01-04,2024-02-19,,IN_PROGRESS,29,false,Irrigation & Flood Control Dept,Location 1105,28.554755,77.372893,false,true,MOBILISATION_ADVANCE:2024-03-07:28770|RUNNING_BILL:2024-07-11:19468|RUNNING_BILL:2024-09-18:19468
ESK-2106,DIST_104,204,Work 1107: ROADS_BRIDGES Project at Location 1106,Synthetic work description for demo data import,ROADS_BRIDGES,1617121,0,0,2026-08-24,,,NOT_STARTED,0,false,Public Works Department (PWD),Location 1106,28.503574,77.177662,false,false,
ESK-2107,DIST_102,204,Work 1108: EDUCATION Project at Location 1107,Synthetic work description for demo data import,EDUCATION,364006,345806,364006,2025-01-25,2025-02-06,2025-06-15,COMPLETED,100,false,Rural Development Agency (DRDA),Location 1107,28.543238,77.166590,false,false,MOBILISATION_ADVANCE:2025-03-15:54601|RUNNING_BILL:2025-06-22:63701|RUNNING_BILL:2025-08-26:63701|RUNNING_BILL:2025-10-30:63701|RUNNING_BILL:2026-01-11:63701|FINAL_BILL:2026-03-27:36401
ESK-2108,DIST_104,203,Work 1109: ROADS_BRIDGES Project at Location 1108,Synthetic work description for demo data import,ROADS_BRIDGES,1638831,245825,1638831,2023-02-04,2023-02-09,2023-10-19,COMPLETED,100,true,Public Works Department (PWD),Location 1108,28.622731,77.174322,false,false,MOBILISATION_ADVANCE:2023-03-12:245825
ESK-2109,DIST_101,201,Work 1110: EDUCATION Project at Location 1109,Synthetic work description for demo data import,EDUCATION,1280689,1280688,1280689,2023-06-08,2023-06-23,2023-11-21,COMPLETED,100,false,Municipal Corporation,Location 1109,28.516345,77.378069,false,false,MOBILISATION_ADVANCE:2023-07-10:192103|RUNNING_BILL:2023-10-20:448241|RUNNING_BILL:2023-12-12:448241|FINAL_BILL:2024-02-25:128069|RETENTION_RELEASE:2024-08-23:64034
ESK-2110,DIST_102,202,Work 1111: HEALTH Project at Location 1110,Synthetic work description for demo data import,HEALTH,1356346,0,1356346,2025-02-06,2025-03-17,2025-10-30,COMPLETED,100,true,Public Works Department (PWD),Location 1110,28.674593,77.253239,false,false,
ESK-2111,DIST_104,202,Work 1112: SANITATION Project at Location 1111,Synthetic work description for demo data import,SANITATION,2660409,0,2660409,2024-03-05,2024-03-11,2024-08-05,COMPLETED,100,true,Public Works Department (PWD),Location 1111,28.557305,77.328071,true,false,
ESK-2112,DIST_103,203,Work 1113: DRINKING_WATER Project at Location 1112,Synthetic work description for demo data import,DRINKING_WATER,3985306,1369617,3632717,2026-04-09,2026-04-26,,IN_PROGRESS,83,false,Irrigation & Flood Control Dept,Location 1112,28.710775,77.231170,true,false,MOBILISATION_ADVANCE:2026-05-21:597796|RUNNING_BILL:2026-08-24:771821
ESK-2113,DIST_101,204,Work 1114: ROADS_BRIDGES Project at Location 1113,Synthetic work description for demo data import,ROADS_BRIDGES,2832085,424813,2832085,2025-02-21,2025-03-10,2026-07-31,COMPLETED,100,true,Irrigation & Flood Control Dept,Location 1113,28.666033,77.152050,false,false,MOBILISATION_ADVANCE:2025-03-26:424813
ESK-2114,DIST_104,203,Work 1115: DRINKING_WATER Project at Location 1114,Synthetic work description for demo data import,DRINKING_WATER,1534341,1534341,1534341,2024-03-14,2024-04-05,2025-03-12,COMPLETED,100,true,Public Works Department (PWD),Location 1114,28.631170,77.196819,false,false,MOBILISATION_ADVANCE:2024-05-04:230151|RUNNING_BILL:2024-08-24:358013|RUNNING_BILL:2024-11-11:358013|RUNNING_BILL:2025-01-10:358013|FINAL_BILL:2025-03-26:153434|RETENTION_RELEASE:2025-09-22:76717
ESK-2115,DIST_102,201,Work 1116: ROADS_BRIDGES Project at Location 1115,Synthetic work description for demo data import,ROADS_BRIDGES,268304,40246,268304,2024-04-14,2024-04-23,2024-09-25,COMPLETED,100,false,Municipal Corporation,Location 1115,28.651283,77.365232,false,false,MOBILISATION_ADVANCE:2024-05-27:40246
ESK-2116,DIST_102,203,Work 1117: HEALTH Project at Location 1116,Synthetic work description for demo data import,HEALTH,2733560,2323527,2733560,2025-10-27,2025-11-04,2026-09-05,COMPLETED,100,false,Rural Development Agency (DRDA),Location 1116,28.557760,77.348085,false,false,MOBILISATION_ADVANCE:2025-12-17:410034|RUNNING_BILL:2026-03-25:637831|RUNNING_BILL:2026-06-19:637831|RUNNING_BILL:2026-08-09:637831
ESK-2117,DIST_101,201,Work 1118: OTHER Project at Location 1117,Synthetic work description for demo data import,OTHER,849965,127495,849965,2025-04-22,2025-06-10,2026-06-08,COMPLETED,100,true,Public Works Department (PWD),Location 1117,28.530753,77.378541,false,true,MOBILISATION_ADVANCE:2025-07-16:127495
ESK-2118,DIST_102,202,Work 1119: OTHER Project at Location 1118,Synthetic work description for demo data import,OTHER,2516924,2516925,2516924,2023-04-21,2023-05-16,2024-08-31,COMPLETED,100,true,Municipal Corporation,Location 1118,28.684111,77.366530,false,false,MOBILISATION_ADVANCE:2023-06-22:377539|RUNNING_BILL:2023-09-26:440462|RUNNING_BILL:2023-12-19:440462|RUNNING_BILL:2024-02-02:440462|RUNNING_BILL:2024-04-11:440462|FINAL_BILL:2024-06-25:251692|RETENTION_RELEASE:2024-12-22:125846
ESK-2119,DIST_102,203,Work 1120: HEALTH Project at Location 1119,Synthetic work description for demo data import,HEALTH,1928856,667384,1346385,2023-02-16,2023-03-31,,IN_PROGRESS,28,false,Rural Development Agency (DRDA),Location 1119,28.594412,77.191542,false,false,MOBILISATION_ADVANCE:2023-04-16:289328|RUNNING_BILL:2023-08-11:378056
ESK-2120,DIST_102,201,Work 1121: HEALTH Project at Location 1120,Synthetic work description for demo data import,HEALTH,1083104,1083103,1083104,2022-12-01,2023-01-20,2024-09-11,COMPLETED,100,false,Irrigation & Flood Control Dept,Location 1120,28.603870,77.256487,false,true,MOBILISATION_ADVANCE:2023-02-27:162466|RUNNING_BILL:2023-06-01:379086|RUNNING_BILL:2023-07-29:379086|FINAL_BILL:2023-10-12:108310|RETENTION_RELEASE:2024-04-09:54155
ESK-2121,DIST_104,204,Work 1122: HEALTH Project at Location 1121,Synthetic work description for demo data import,HEALTH,1035177,532081,135514,2022-11-30,2022-12-20,,IN_PROGRESS,52,false,Public Works Department (PWD),Location 1121,28.618619,77.189575,false,false,MOBILISATION_ADVANCE:2023-01-02:155277|RUNNING_BILL:2023-05-15:376804
ESK-2122,DIST_103,202,Work 1123: EDUCATION Project at Location 1122,Synthetic work description for demo data import,EDUCATION,1275204,1275205,1275204,2022-12-08,2022-12-14,2023-08-25,COMPLETED,100,true,Public Works Department (PWD),Location 1122,28.726973,77.250569,false,false,MOBILISATION_ADVANCE:2023-01-15:191281|RUNNING_BILL:2023-04-22:297548|RUNNING_BILL:2023-07-11:297548|RUNNING_BILL:2023-09-01:297548|FINAL_BILL:2023-11-15:127520|RETENTION_RELEASE:2024-05-13:63760
ESK-2123,DIST_104,204,Work 1124: OTHER Project at Location 1123,Synthetic work description for demo data import,OTHER,2608340,0,2608340,2022-08-28,2022-09-16,2023-09-11,COMPLETED,100,false,Rural Development Agency (DRDA),Location 1123,28.639812,77.267504,false,false,
ESK-2124,DIST_101,204,Work 1125: HEALTH Project at Location 1124,Synthetic work description for demo data import,HEALTH,2257360,2257360,2257360,2024-04-02,2024-05-10,2025-04-20,COMPLETED,100,true,Municipal Corporation,Location 1124,28.556401,77.296371,false,false,MOBILISATION_ADVANCE:2024-06-08:338604|RUNNING_BILL:2024-10-05:395038|RUNNING_BILL:2024-12-15:395038|RUNNING_BILL:2025-01-29:395038|RUNNING_BILL:2025-04-09:395038|FINAL_BILL:2025-06-23:225736|RETENTION_RELEASE:2025-12-20:112868
ESK-2125,DIST_102,203,Work 1126: HEALTH Project at Location 1125,Synthetic work description for demo data import,HEALTH,125291,125293,125291,2023-05-01,2023-05-26,2024-06-05,COMPLETED,100,true,Public Works Department (PWD),Location 1125,28.557618,77.195182,false,false,MOBILISATION_ADVANCE:2023-07-04:18794|RUNNING_BILL:2023-09-13:29235|RUNNING_BILL:2023-11-27:29235|RUNNING_BILL:2024-02-13:29235|FINAL_BILL:2024-04-28:12529|RETENTION_RELEASE:2024-10-25:6265
ESK-2126,DIST_103,202,Work 1127: SANITATION Project at Location 1126,Synthetic work description for demo data import,SANITATION,2635715,1428557,568990,2024-12-28,2025-02-10,,IN_PROGRESS,56,false,Public Works Department (PWD),Location 1126,28.583390,77.155412,false,false,MOBILISATION_ADVANCE:2025-03-05:395357|RUNNING_BILL:2025-06-17:516600|RUNNING_BILL:2025-08-23:516600
ESK-2127,DIST_101,204,Work 1128: SANITATION Project at Location 1127,Synthetic work description for demo data import,SANITATION,3697118,1201564,0,2022-11-25,2022-12-30,,ON_HOLD,25,false,Rural Development Agency (DRDA),Location 1127,28.698123,77.367028,false,false,MOBILISATION_ADVANCE:2023-02-12:554568|RUNNING_BILL:2023-04-29:646996
ESK-2128,DIST_104,204,Work 1129: SANITATION Project at Location 1128,Synthetic work description for demo data import,SANITATION,2581520,0,2581520,2024-02-21,2024-03-08,2025-07-26,COMPLETED,100,false,Rural Development Agency (DRDA),Location 1128,28.570537,77.188662,true,false,
ESK-2129,DIST_101,204,Work 1130: EDUCATION Project at Location 1129,Synthetic work description for demo data import,EDUCATION,1920039,1920040,1920039,2022-08-20,2022-08-29,2023-05-22,COMPLETED,100,true,Irrigation & Flood Control Dept,Location 1129,28.705063,77.281455,false,false,MOBILISATION_ADVANCE:2022-09-16:288006|RUNNING_BILL:2023-01-03:336007|RUNNING_BILL:2023-03-25:336007|RUNNING_BILL:2023-06-07:336007|RUNNING_BILL:2023-08-26:336007|FINAL_BILL:2023-11-09:192004|RETENTION_RELEASE:2024-05-07:96002
ESK-2130,DIST_103,201,Work 1131: HEALTH Project at Location 1130,Synthetic work description for demo data import,HEALTH,1235432,1050116,1235432,2025-09-04,2025-09-16,2026-09-05,COMPLETED,100,true,Public Works Department (PWD),Location 1130,28.580914,77.340018,true,false,MOBILISATION_ADVANCE:2025-10-21:185315|RUNNING_BILL:2026-02-13:288267|RUNNING_BILL:2026-05-09:288267|RUNNING_BILL:2026-07-03:288267
ESK-2131,DIST_103,204,Work 1132: OTHER Project at Location 1131,Synthetic work description for demo data import,OTHER,1493768,1493768,1493768,2023-04-17,2023-05-17,2023-12-24,COMPLETED,100,true,Municipal Corporation,Location 1131,28.733482,77.234512,true,false,MOBILISATION_ADVANCE:2023-06-19:224065|RUNNING_BILL:2023-10-02:522819|RUNNING_BILL:2023-12-18:522819|FINAL_BILL:2024-03-02:149377|RETENTION_RELEASE:2024-08-29:74688
ESK-2132,DIST_101,204,Work 1133: OTHER Project at Location 1132,Synthetic work description for demo data import,OTHER,4131091,1834204,131978,2025-09-21,2025-10-17,,IN_PROGRESS,42,false,Rural Development Agency (DRDA),Location 1132,28.620540,77.298958,false,false,MOBILISATION_ADVANCE:2025-11-05:619664|RUNNING_BILL:2026-02-03:607270|RUNNING_BILL:2026-03-27:607270
ESK-2133,DIST_101,203,Work 1134: HEALTH Project at Location 1133,Synthetic work description for demo data import,HEALTH,2132225,2132224,2132225,2022-08-21,2022-09-20,2024-02-22,COMPLETED,100,true,Rural Development Agency (DRDA),Location 1133,28.725259,77.169565,false,false,MOBILISATION_ADVANCE:2022-10-28:319834|RUNNING_BILL:2023-02-11:373139|RUNNING_BILL:2023-04-29:373139|RUNNING_BILL:2023-06-23:373139|RUNNING_BILL:2023-08-22:373139|FINAL_BILL:2023-11-05:213223|RETENTION_RELEASE:2024-05-03:106611
ESK-2134,DIST_104,203,Work 1135: EDUCATION Project at Location 1134,Synthetic work description for demo data import,EDUCATION,468730,468732,468730,2024-01-05,2024-01-13,2025-07-15,COMPLETED,100,true,Public Works Department (PWD),Location 1134,28.500526,77.357589,false,false,MOBILISATION_ADVANCE:2024-02-14:70310|RUNNING_BILL:2024-06-08:164056|RUNNING_BILL:2024-08-20:164056|FINAL_BILL:2024-11-03:46873|RETENTION_RELEASE:2025-05-02:23437
ESK-2135,DIST_102,203,Work 1136: EDUCATION Project at Location 1135,Synthetic work description for demo data import,EDUCATION,3061988,0,3061988,2023-03-20,2023-04-11,2023-11-25,COMPLETED,100,true,Rural Development Agency (DRDA),Location 1135,28.591943,77.398711,false,true,
ESK-2136,DIST_101,202,Work 1137: OTHER Project at Location 1136,Synthetic work description for demo data import,OTHER,1676565,1119946,766936,2023-02-02,2023-02-16,,IN_PROGRESS,74,false,Rural Development Agency (DRDA),Location 1136,28.682601,77.233348,false,false,MOBILISATION_ADVANCE:2023-03-08:251485|RUNNING_BILL:2023-07-12:868461
ESK-2137,DIST_102,202,Work 1138: HEALTH Project at Location 1137,Synthetic work description for demo data import,HEALTH,3767118,2701023,0,2025-06-15,2025-07-23,,ON_HOLD,81,false,Rural Development Agency (DRDA),Location 1137,28.694123,77.175823,false,true,MOBILISATION_ADVANCE:2025-08-08:565068|RUNNING_BILL:2025-11-11:711985|RUNNING_BILL:2025-12-31:711985|RUNNING_BILL:2026-02-14:711985
ESK-2138,DIST_102,202,Work 1139: EDUCATION Project at Location 1138,Synthetic work description for demo data import,EDUCATION,3527556,529133,2045242,2022-12-02,2022-12-16,,IN_PROGRESS,92,false,Public Works Department (PWD),Location 1138,28.596158,77.352360,false,false,MOBILISATION_ADVANCE:2023-01-03:529133
ESK-2139,DIST_103,202,Work 1140: HEALTH Project at Location 1139,Synthetic work description for demo data import,HEALTH,2372693,2372692,2372693,2024-05-07,2024-05-29,2025-11-06,COMPLETED,100,false,Municipal Corporation,Location 1139,28.715724,77.190070,false,false,MOBILISATION_ADVANCE:2024-06-16:355904|RUNNING_BILL:2024-09-18:415221|RUNNING_BILL:2024-12-16:415221|RUNNING_BILL:2025-02-02:415221|RUNNING_BILL:2025-04-18:415221|FINAL_BILL:2025-07-02:237269|RETENTION_RELEASE:2025-12-29:118635
ESK-2140,DIST_104,203,Work 1141: HEALTH Project at Location 1140,Synthetic work description for demo data import,HEALTH,2256025,1917622,2256025,2025-10-30,2025-12-04,2026-06-24,COMPLETED,100,true,Public Works Department (PWD),Location 1140,28.650227,77.257700,false,true,MOBILISATION_ADVANCE:2025-12-23:338404|RUNNING_BILL:2026-04-07:526406|RUNNING_BILL:2026-06-09:526406|RUNNING_BILL:2026-08-19:526406
ESK-2141,DIST_102,203,Work 1142: SANITATION Project at Location 1141,Synthetic work description for demo data import,SANITATION,641354,545150,641354,2025-10-16,2025-12-01,2026-06-03,COMPLETED,100,true,Irrigation & Flood Control Dept,Location 1141,28.588234,77.245684,false,false,MOBILISATION_ADVANCE:2025-12-15:96203|RUNNING_BILL:2026-03-18:149649|RUNNING_BILL:2026-05-23:149649|RUNNING_BILL:2026-08-01:149649
ESK-2142,DIST_103,204,Work 1143: EDUCATION Project at Location 1142,Synthetic work description for demo data import,EDUCATION,2569934,2569933,2569934,2024-02-28,2024-03-31,2024-10-11,COMPLETED,100,false,Municipal Corporation,Location 1142,28.710352,77.379538,false,false,MOBILISATION_ADVANCE:2024-04-18:385490|RUNNING_BILL:2024-08-16:599651|RUNNING_BILL:2024-10-09:599651|RUNNING_BILL:2025-01-03:599651|FINAL_BILL:2025-03-19:256993|RETENTION_RELEASE:2025-09-15:128497
ESK-2143,DIST_101,201,Work 1144: OTHER Project at Location 1143,Synthetic work description for demo data import,OTHER,1401987,1401986,1401987,2023-01-07,2023-02-20,2023-11-07,COMPLETED,100,true,Public Works Department (PWD),Location 1143,28.702901,77.340433,true,false,MOBILISATION_ADVANCE:2023-03-09:210298|RUNNING_BILL:2023-06-14:490695|RUNNING_BILL:2023-07-29:490695|FINAL_BILL:2023-10-12:140199|RETENTION_RELEASE:2024-04-09:70099
ESK-2144,DIST_101,202,Work 1145: EDUCATION Project at Location 1144,Synthetic work description for demo data import,EDUCATION,1608904,353959,1228228,2024-02-13,2024-02-20,,IN_PROGRESS,10,false,Rural Development Agency (DRDA),Location 1144,28.624284,77.345012,false,false,MOBILISATION_ADVANCE:2024-03-06:241336|RUNNING_BILL:2024-06-30:112623
ESK-2145,DIST_104,203,Work 1146: HEALTH Project at Location 1145,Synthetic work description for demo data import,HEALTH,990950,990952,990950,2023-02-17,2023-03-17,2023-08-14,COMPLETED,100,true,Irrigation & Flood Control Dept,Location 1145,28.565132,77.199342,false,false,MOBILISATION_ADVANCE:2023-04-29:148643|RUNNING_BILL:2023-07-06:231222|RUNNING_BILL:2023-09-11:231222|RUNNING_BILL:2023-12-09:231222|FINAL_BILL:2024-02-22:99095|RETENTION_RELEASE:2024-08-20:49548
ESK-2146,DIST_102,203,Work 1147: EDUCATION Project at Location 1146,Synthetic work description for demo data import,EDUCATION,1948542,292281,1948542,2025-01-10,2025-02-10,2026-07-22,COMPLETED,100,true,Rural Development Agency (DRDA),Location 1146,28.726091,77.209779,false,true,MOBILISATION_ADVANCE:2025-02-27:292281
ESK-2147,DIST_102,203,Work 1148: ROADS_BRIDGES Project at Location 1147,Synthetic work description for demo data import,ROADS_BRIDGES,3060635,0,3060635,2022-11-09,2022-12-18,2023-08-12,COMPLETED,100,true,Municipal Corporation,Location 1147,28.669046,77.387128,false,false,
ESK-2148,DIST_103,203,Work 1149: HEALTH Project at Location 1148,Synthetic work description for demo data import,HEALTH,1459054,218858,1459054,2024-04-03,2024-04-18,2025-08-22,COMPLETED,100,true,Municipal Corporation,Location 1148,28.613336,77.314907,true,false,MOBILISATION_ADVANCE:2024-05-02:218858
ESK-2149,DIST_103,203,Work 1150: HEALTH Project at Location 1149,Synthetic work description for demo data import,HEALTH,954593,954594,954593,2024-05-24,2024-06-14,2025-04-06,COMPLETED,100,true,Rural Development Agency (DRDA),Location 1149,28.703288,77.268017,true,false,MOBILISATION_ADVANCE:2024-06-25:143189|RUNNING_BILL:2024-10-08:334108|RUNNING_BILL:2024-11-22:334108|FINAL_BILL:2025-02-05:95459|RETENTION_RELEASE:2025-08-04:47730
ESK-2150,DIST_103,204,Work 1151: SANITATION Project at Location 1150,Synthetic work description for demo data import,SANITATION,2244674,2244674,2244674,2023-09-17,2023-11-02,2025-09-12,COMPLETED,100,false,Public Works Department (PWD),Location 1150,28.708929,77.379682,true,false,MOBILISATION_ADVANCE:2023-12-06:336701|RUNNING_BILL:2024-03-20:785636|RUNNING_BILL:2024-05-30:785636|FINAL_BILL:2024-08-13:224467|RETENTION_RELEASE:2025-02-09:112234
ESK-2151,DIST_104,204,Work 1152: DRINKING_WATER Project at Location 1151,Synthetic work description for demo data import,DRINKING_WATER,1594482,1514756,1594482,2025-06-03,2025-07-08,2026-02-05,COMPLETED,100,true,Public Works Department (PWD),Location 1151,28.640824,77.216498,false,false,MOBILISATION_ADVANCE:2025-07-23:239172|RUNNING_BILL:2025-10-31:279034|RUNNING_BILL:2026-01-07:279034|RUNNING_BILL:2026-04-01:279034|RUNNING_BILL:2026-05-23:279034|FINAL_BILL:2026-08-06:159448
ESK-2152,DIST_101,203,Work 1153: DRINKING_WATER Project at Location 1152,Synthetic work description for demo data import,DRINKING_WATER,2376496,439651,1786487,2025-05-25,2025-06-28,,IN_PROGRESS,5,false,Public Works Department (PWD),Location 1152,28.666536,77.326454,true,false,MOBILISATION_ADVANCE:2025-07-13:356474|RUNNING_BILL:2025-10-15:83177
ESK-2153,DIST_104,204,Work 1154: ROADS_BRIDGES Project at Location 1153,Synthetic work description for demo data import,ROADS_BRIDGES,2376391,356459,2376391,2026-01-28,2026-03-18,2026-09-05,COMPLETED,100,false,Rural Development Agency (DRDA),Location 1153,28.660926,77.392199,false,false,MOBILISATION_ADVANCE:2026-05-01:356459
ESK-2154,DIST_101,204,Work 1155: OTHER Project at Location 1154,Synthetic work description for demo data import,OTHER,906679,906678,906679,2023-09-04,2023-10-03,2025-09-01,COMPLETED,100,true,Rural Development Agency (DRDA),Location 1154,28.528006,77.374662,true,false,MOBILISATION_ADVANCE:2023-11-05:136002|RUNNING_BILL:2024-02-19:211558|RUNNING_BILL:2024-04-23:211558|RUNNING_BILL:2024-06-16:211558|FINAL_BILL:2024-08-30:90668|RETENTION_RELEASE:2025-02-26:45334
ESK-2155,DIST_102,202,Work 1156: SANITATION Project at Location 1155,Synthetic work description for demo data import,SANITATION,1854646,0,0,2024-03-02,2024-03-12,,ON_HOLD,21,false,Rural Development Agency (DRDA),Location 1155,28.704785,77.209211,false,false,
ESK-2156,DIST_103,201,Work 1157: SANITATION Project at Location 1156,Synthetic work description for demo data import,SANITATION,3130633,469595,0,2024-05-22,2024-06-05,,NOT_STARTED,0,false,Public Works Department (PWD),Location 1156,28.554800,77.225635,false,false,MOBILISATION_ADVANCE:2024-06-22:469595|RUNNING_BILL:2024-10-31:0
ESK-2157,DIST_102,204,Work 1158: HEALTH Project at Location 1157,Synthetic work description for demo data import,HEALTH,356217,53433,356217,2026-04-22,2026-06-02,2026-09-05,COMPLETED,100,true,Rural Development Agency (DRDA),Location 1157,28.598808,77.235808,false,false,MOBILISATION_ADVANCE:2026-07-06:53433
ESK-2158,DIST_102,201,Work 1159: ROADS_BRIDGES Project at Location 1158,Synthetic work description for demo data import,ROADS_BRIDGES,2269501,0,0,2026-05-13,2026-07-01,,CANCELLED,0,false,Municipal Corporation,Location 1158,28.732476,77.348870,true,false,
ESK-2159,DIST_102,201,Work 1160: ROADS_BRIDGES Project at Location 1159,Synthetic work description for demo data import,ROADS_BRIDGES,2409632,2409631,2409632,2023-11-08,2023-12-01,2024-05-08,COMPLETED,100,true,Rural Development Agency (DRDA),Location 1159,28.584315,77.212793,false,true,MOBILISATION_ADVANCE:2023-12-21:361445|RUNNING_BILL:2024-04-13:562247|RUNNING_BILL:2024-06-25:562247|RUNNING_BILL:2024-08-31:562247|FINAL_BILL:2024-11-14:240963|RETENTION_RELEASE:2025-05-13:120482
ESK-2160,DIST_104,202,Work 1161: EDUCATION Project at Location 1160,Synthetic work description for demo data import,EDUCATION,857862,440940,542718,2023-01-23,2023-03-07,,IN_PROGRESS,52,false,Municipal Corporation,Location 1160,28.683397,77.190781,false,false,MOBILISATION_ADVANCE:2023-04-11:128679|RUNNING_BILL:2023-06-30:104087|RUNNING_BILL:2023-09-23:104087|RUNNING_BILL:2023-11-13:104087
ESK-2161,DIST_104,203,Work 1162: EDUCATION Project at Location 1161,Synthetic work description for demo data import,EDUCATION,2798240,2798240,2798240,2022-10-08,2022-10-13,2023-03-08,COMPLETED,100,true,Municipal Corporation,Location 1161,28.699596,77.224675,false,false,MOBILISATION_ADVANCE:2022-11-12:419736|RUNNING_BILL:2023-02-04:979384|RUNNING_BILL:2023-04-26:979384|FINAL_BILL:2023-07-10:279824|RETENTION_RELEASE:2024-01-06:139912
ESK-2162,DIST_104,204,Work 1163: SANITATION Project at Location 1162,Synthetic work description for demo data import,SANITATION,1713428,257014,1713428,2022-10-26,2022-12-13,2023-11-17,COMPLETED,100,true,Rural Development Agency (DRDA),Location 1162,28.654974,77.366422,true,false,MOBILISATION_ADVANCE:2023-01-06:257014
ESK-2163,DIST_103,204,Work 1164: ROADS_BRIDGES Project at Location 1163,Synthetic work description for demo data import,ROADS_BRIDGES,817686,363053,470285,2024-08-01,2024-09-04,,IN_PROGRESS,42,false,Irrigation & Flood Control Dept,Location 1163,28.742261,77.343463,false,false,MOBILISATION_ADVANCE:2024-09-18:122653|RUNNING_BILL:2025-01-19:120200|RUNNING_BILL:2025-03-20:120200
ESK-2164,DIST_104,202,Work 1165: HEALTH Project at Location 1164,Synthetic work description for demo data import,HEALTH,4779645,3828496,3858321,2024-12-18,2024-12-26,,IN_PROGRESS,93,false,Municipal Corporation,Location 1164,28.536226,77.250363,true,false,MOBILISATION_ADVANCE:2025-01-18:716947|RUNNING_BILL:2025-05-11:3111549
ESK-2165,DIST_103,201,Work 1166: HEALTH Project at Location 1165,Synthetic work description for demo data import,HEALTH,1446188,1373879,1446188,2025-05-23,2025-06-17,2026-07-08,COMPLETED,100,false,Municipal Corporation,Location 1165,28.508891,77.361930,false,true,MOBILISATION_ADVANCE:2025-07-14:216928|RUNNING_BILL:2025-10-28:253083|RUNNING_BILL:2026-01-12:253083|RUNNING_BILL:2026-03-15:253083|RUNNING_BILL:2026-05-04:253083|FINAL_BILL:2026-07-18:144619
ESK-2166,DIST_103,203,Work 1167: ROADS_BRIDGES Project at Location 1166,Synthetic work description for demo data import,ROADS_BRIDGES,814239,0,814239,2025-01-27,2025-03-10,2026-04-07,COMPLETED,100,true,Irrigation & Flood Control Dept,Location 1166,28.731803,77.203580,false,false,
ESK-2167,DIST_101,202,Work 1168: EDUCATION Project at Location 1167,Synthetic work description for demo data import,EDUCATION,648020,648020,648020,2023-06-25,2023-07-29,2024-08-18,COMPLETED,100,true,Rural Development Agency (DRDA),Location 1167,28.568312,77.269848,false,false,MOBILISATION_ADVANCE:2023-08-13:97203|RUNNING_BILL:2023-12-05:226807|RUNNING_BILL:2024-02-16:226807|FINAL_BILL:2024-05-01:64802|RETENTION_RELEASE:2024-10-28:32401
ESK-2168,DIST_102,204,Work 1169: HEALTH Project at Location 1168,Synthetic work description for demo data import,HEALTH,2320701,2320702,2320701,2024-01-14,2024-01-27,2025-04-29,COMPLETED,100,false,Irrigation & Flood Control Dept,Location 1168,28.551383,77.193750,false,false,MOBILISATION_ADVANCE:2024-02-06:348105|RUNNING_BILL:2024-06-21:406123|RUNNING_BILL:2024-08-07:406123|RUNNING_BILL:2024-09-22:406123|RUNNING_BILL:2024-12-18:406123|FINAL_BILL:2025-03-03:232070|RETENTION_RELEASE:2025-08-30:116035
ESK-2169,DIST_102,201,Work 1170: EDUCATION Project at Location 1169,Synthetic work description for demo data import,EDUCATION,1053508,158026,1053508,2024-10-22,2024-11-15,2026-07-16,COMPLETED,100,false,Public Works Department (PWD),Location 1169,28.711104,77.378973,true,false,MOBILISATION_ADVANCE:2024-12-06:158026
ESK-2170,DIST_101,202,Work 1171: HEALTH Project at Location 1170,Synthetic work description for demo data import,HEALTH,2534786,1640006,1458998,2025-04-05,2025-04-12,,IN_PROGRESS,71,false,Public Works Department (PWD),Location 1170,28.654126,77.300043,true,false,MOBILISATION_ADVANCE:2025-04-28:380218|RUNNING_BILL:2025-09-08:629894|RUNNING_BILL:2025-11-11:629894
ESK-2171,DIST_104,202,Work 1172: OTHER Project at Location 1171,Synthetic work description for demo data import,OTHER,552884,552885,552884,2023-05-02,2023-05-20,2023-10-26,COMPLETED,100,true,Municipal Corporation,Location 1171,28.580590,77.305092,false,false,MOBILISATION_ADVANCE:2023-06-15:82933|RUNNING_BILL:2023-10-14:96755|RUNNING_BILL:2023-12-08:96755|RUNNING_BILL:2024-02-15:96755|RUNNING_BILL:2024-04-13:96755|FINAL_BILL:2024-06-27:55288|RETENTION_RELEASE:2024-12-24:27644
ESK-2172,DIST_103,202,Work 1173: EDUCATION Project at Location 1172,Synthetic work description for demo data import,EDUCATION,2619399,0,0,2024-12-05,2024-12-27,,CANCELLED,0,false,Municipal Corporation,Location 1172,28.640738,77.171477,false,false,
ESK-2173,DIST_103,202,Work 1174: SANITATION Project at Location 1173,Synthetic work description for demo data import,SANITATION,3462432,0,879221,2025-09-25,2025-10-07,,IN_PROGRESS,16,false,Rural Development Agency (DRDA),Location 1173,28.622128,77.186042,true,false,
ESK-2174,DIST_104,201,Work 1175: OTHER Project at Location 1174,Synthetic work description for demo data import,OTHER,3008906,3008908,3008906,2022-12-18,2023-02-06,2024-07-29,COMPLETED,100,false,Irrigation & Flood Control Dept,Location 1174,28.560296,77.327051,true,false,MOBILISATION_ADVANCE:2023-03-11:451336|RUNNING_BILL:2023-05-24:526559|RUNNING_BILL:2023-08-07:526559|RUNNING_BILL:2023-10-20:526559|RUNNING_BILL:2023-12-10:526559|FINAL_BILL:2024-02-23:300891|RETENTION_RELEASE:2024-08-21:150445
ESK-2175,DIST_103,203,Work 1176: HEALTH Project at Location 1175,Synthetic work description for demo data import,HEALTH,2162305,2162306,2162305,2022-09-16,2022-10-26,2023-12-26,COMPLETED,100,true,Public Works Department (PWD),Location 1175,28.603652,77.299459,false,true,MOBILISATION_ADVANCE:2022-11-27:324346|RUNNING_BILL:2023-03-19:504538|RUNNING_BILL:2023-05-16:504538|RUNNING_BILL:2023-07-30:504538|FINAL_BILL:2023-10-13:216231|RETENTION_RELEASE:2024-04-10:108115
ESK-2176,DIST_104,204,Work 1177: HEALTH Project at Location 1176,Synthetic work description for demo data import,HEALTH,389014,126429,389014,2026-04-03,2026-05-09,2026-09-05,COMPLETED,100,true,Public Works Department (PWD),Location 1176,28.524838,77.234969,false,false,MOBILISATION_ADVANCE:2026-06-09:58352|RUNNING_BILL:2026-08-27:68077
ESK-2177,DIST_102,203,Work 1178: ROADS_BRIDGES Project at Location 1177,Synthetic work description for demo data import,ROADS_BRIDGES,655073,556813,655073,2025-11-14,2025-12-29,2026-09-05,COMPLETED,100,true,Public Works Department (PWD),Location 1177,28.583822,77.156659,false,false,MOBILISATION_ADVANCE:2026-01-17:98261|RUNNING_BILL:2026-05-04:229276|RUNNING_BILL:2026-06-27:229276
ESK-2178,DIST_103,203,Work 1179: OTHER Project at Location 1178,Synthetic work description for demo data import,OTHER,2643986,2643986,2643986,2024-05-04,2024-05-24,2025-02-17,COMPLETED,100,true,Public Works Department (PWD),Location 1178,28.605882,77.199036,false,false,MOBILISATION_ADVANCE:2024-06-03:396598|RUNNING_BILL:2024-09-20:616930|RUNNING_BILL:2024-12-09:616930|RUNNING_BILL:2025-02-06:616930|FINAL_BILL:2025-04-22:264399|RETENTION_RELEASE:2025-10-19:132199
ESK-2179,DIST_102,201,Work 1180: OTHER Project at Location 1179,Synthetic work description for demo data import,OTHER,480400,480400,480400,2023-03-13,2023-04-30,2024-08-08,COMPLETED,100,true,Irrigation & Flood Control Dept,Location 1179,28.529618,77.373271,false,false,MOBILISATION_ADVANCE:2023-06-07:72060|RUNNING_BILL:2023-09-03:168140|RUNNING_BILL:2023-11-28:168140|FINAL_BILL:2024-02-11:48040|RETENTION_RELEASE:2024-08-09:24020
ESK-2180,DIST_102,204,Work 1181: ROADS_BRIDGES Project at Location 1180,Synthetic work description for demo data import,ROADS_BRIDGES,2423636,2423637,2423636,2022-08-31,2022-10-10,2024-03-08,COMPLETED,100,true,Rural Development Agency (DRDA),Location 1180,28.698045,77.324492,false,false,MOBILISATION_ADVANCE:2022-11-04:363545|RUNNING_BILL:2023-03-06:848273|RUNNING_BILL:2023-05-26:848273|FINAL_BILL:2023-08-09:242364|RETENTION_RELEASE:2024-02-05:121182
ESK-2181,DIST_104,201,Work 1182: SANITATION Project at Location 1181,Synthetic work description for demo data import,SANITATION,3543459,531519,0,2024-08-11,2024-09-06,,NOT_STARTED,0,false,Irrigation & Flood Control Dept,Location 1181,28.661983,77.227280,false,false,MOBILISATION_ADVANCE:2024-10-04:531519
ESK-2182,DIST_104,203,Work 1183: HEALTH Project at Location 1182,Synthetic work description for demo data import,HEALTH,1439759,0,0,2026-08-03,,,NOT_STARTED,0,false,Rural Development Agency (DRDA),Location 1182,28.505971,77.365469,true,false,
ESK-2183,DIST_102,201,Work 1184: OTHER Project at Location 1183,Synthetic work description for demo data import,OTHER,933864,140080,0,2024-05-22,2024-06-23,,NOT_STARTED,0,false,Municipal Corporation,Location 1183,28.713034,77.364393,false,false,MOBILISATION_ADVANCE:2024-07-09:140080|RUNNING_BILL:2024-10-22:0
ESK-2184,DIST_103,201,Work 1185: HEALTH Project at Location 1184,Synthetic work description for demo data import,HEALTH,1145946,171892,1145946,2026-04-14,2026-06-02,2026-09-05,COMPLETED,100,true,Rural Development Agency (DRDA),Location 1184,28.712797,77.154245,false,false,MOBILISATION_ADVANCE:2026-07-11:171892
ESK-2185,DIST_104,202,Work 1186: EDUCATION Project at Location 1185,Synthetic work description for demo data import,EDUCATION,2249615,0,2249615,2024-01-06,2024-02-07,2024-08-13,COMPLETED,100,false,Municipal Corporation,Location 1185,28.558628,77.215812,true,false,
ESK-2186,DIST_103,202,Work 1187: SANITATION Project at Location 1186,Synthetic work description for demo data import,SANITATION,430378,290505,430378,2025-10-10,2025-10-17,2026-09-05,COMPLETED,100,true,Rural Development Agency (DRDA),Location 1186,28.696933,77.293037,true,false,MOBILISATION_ADVANCE:2025-11-02:64557|RUNNING_BILL:2026-03-13:75316|RUNNING_BILL:2026-06-10:75316|RUNNING_BILL:2026-08-26:75316
ESK-2187,DIST_103,204,Work 1188: DRINKING_WATER Project at Location 1187,Synthetic work description for demo data import,DRINKING_WATER,3112520,3112521,3112520,2024-01-05,2024-01-15,2024-08-31,COMPLETED,100,true,Rural Development Agency (DRDA),Location 1187,28.726975,77.305599,false,false,MOBILISATION_ADVANCE:2024-02-06:466878|RUNNING_BILL:2024-05-16:726255|RUNNING_BILL:2024-07-06:726255|RUNNING_BILL:2024-09-29:726255|FINAL_BILL:2024-12-13:311252|RETENTION_RELEASE:2025-06-11:155626
ESK-2188,DIST_102,202,Work 1189: HEALTH Project at Location 1188,Synthetic work description for demo data import,HEALTH,2995156,449273,2995156,2025-05-07,2025-06-16,2026-09-05,COMPLETED,100,false,Municipal Corporation,Location 1188,28.701158,77.366641,false,false,MOBILISATION_ADVANCE:2025-07-31:449273
ESK-2189,DIST_102,204,Work 1190: SANITATION Project at Location 1189,Synthetic work description for demo data import,SANITATION,1888512,1406941,1809306,2023-07-30,2023-09-13,,IN_PROGRESS,85,false,Irrigation & Flood Control Dept,Location 1189,28.613622,77.372357,false,false,MOBILISATION_ADVANCE:2023-10-06:283277|RUNNING_BILL:2024-01-30:561832|RUNNING_BILL:2024-03-30:561832
ESK-2190,DIST_104,201,Work 1191: SANITATION Project at Location 1190,Synthetic work description for demo data import,SANITATION,1194454,848063,688876,2022-12-04,2023-01-10,,IN_PROGRESS,80,false,Irrigation & Flood Control Dept,Location 1190,28.679458,77.396921,false,false,MOBILISATION_ADVANCE:2023-02-06:179168|RUNNING_BILL:2023-05-05:222965|RUNNING_BILL:2023-06-24:222965|RUNNING_BILL:2023-08-12:222965
ESK-2191,DIST_101,204,Work 1192: HEALTH Project at Location 1191,Synthetic work description for demo data import,HEALTH,2376663,0,0,2026-06-23,,,NOT_STARTED,0,false,Irrigation & Flood Control Dept,Location 1191,28.726202,77.204748,false,false,
ESK-2192,DIST_102,202,Work 1193: OTHER Project at Location 1192,Synthetic work description for demo data import,OTHER,2803884,2803885,2803884,2023-03-19,2023-04-10,2024-06-26,COMPLETED,100,false,Rural Development Agency (DRDA),Location 1192,28.590590,77.385563,true,false,MOBILISATION_ADVANCE:2023-05-18:420583|RUNNING_BILL:2023-07-28:490680|RUNNING_BILL:2023-10-17:490680|RUNNING_BILL:2024-01-11:490680|RUNNING_BILL:2024-03-06:490680|FINAL_BILL:2024-05-20:280388|RETENTION_RELEASE:2024-11-16:140194
ESK-2193,DIST_102,203,Work 1194: HEALTH Project at Location 1193,Synthetic work description for demo data import,HEALTH,2858466,2858466,2858466,2025-04-28,2025-05-29,2026-09-05,COMPLETED,100,true,Municipal Corporation,Location 1193,28.536010,77.349270,true,false,MOBILISATION_ADVANCE:2025-06-28:428770|RUNNING_BILL:2025-10-20:1000463|RUNNING_BILL:2025-12-12:1000463|FINAL_BILL:2026-02-25:285847|RETENTION_RELEASE:2026-08-24:142923
ESK-2194,DIST_101,203,Work 1195: HEALTH Project at Location 1194,Synthetic work description for demo data import,HEALTH,2734101,410115,2734101,2026-05-09,2026-06-13,2026-09-05,COMPLETED,100,true,Municipal Corporation,Location 1194,28.504887,77.272013,false,false,MOBILISATION_ADVANCE:2026-06-23:410115
ESK-2195,DIST_102,203,Work 1196: SANITATION Project at Location 1195,Synthetic work description for demo data import,SANITATION,1534390,1457672,1534390,2025-05-27,2025-07-16,2026-05-31,COMPLETED,100,false,Rural Development Agency (DRDA),Location 1195,28.616845,77.394246,false,false,MOBILISATION_ADVANCE:2025-08-02:230159|RUNNING_BILL:2025-11-22:537037|RUNNING_BILL:2026-02-18:537037|FINAL_BILL:2026-05-04:153439
ESK-2196,DIST_103,201,Work 1197: EDUCATION Project at Location 1196,Synthetic work description for demo data import,EDUCATION,246066,246066,246066,2025-03-01,2025-03-06,2025-07-11,COMPLETED,100,true,Rural Development Agency (DRDA),Location 1196,28.662722,77.370519,false,false,MOBILISATION_ADVANCE:2025-03-30:36910|RUNNING_BILL:2025-07-21:86123|RUNNING_BILL:2025-10-15:86123|FINAL_BILL:2025-12-29:24607|RETENTION_RELEASE:2026-06-27:12303
ESK-2197,DIST_101,202,Work 1198: HEALTH Project at Location 1197,Synthetic work description for demo data import,HEALTH,2342057,351309,2342057,2024-06-03,2024-06-10,2026-03-17,COMPLETED,100,true,Rural Development Agency (DRDA),Location 1197,28.723330,77.160550,true,false,MOBILISATION_ADVANCE:2024-07-22:351309
ESK-2198,DIST_102,204,Work 1199: OTHER Project at Location 1198,Synthetic work description for demo data import,OTHER,2709555,2709554,2709555,2023-07-27,2023-09-12,2024-07-18,COMPLETED,100,true,Rural Development Agency (DRDA),Location 1198,28.672159,77.242945,false,false,MOBILISATION_ADVANCE:2023-10-09:406433|RUNNING_BILL:2024-01-05:632229|RUNNING_BILL:2024-03-07:632229|RUNNING_BILL:2024-05-08:632229|FINAL_BILL:2024-07-22:270956|RETENTION_RELEASE:2025-01-18:135478
ESK-2199,DIST_101,204,Work 1200: HEALTH Project at Location 1199,Synthetic work description for demo data import,HEALTH,4974817,0,0,2026-08-06,,,NOT_STARTED,0,false,Rural Development Agency (DRDA),Location 1199,28.682251,77.198188,true,false,
ESK-2200,DIST_104,204,Work 1201: HEALTH Project at Location 1200,Synthetic work description for demo data import,HEALTH,1895096,1372049,0,2022-09-13,2022-09-25,,ON_HOLD,82,false,Municipal Corporation,Location 1200,28.633050,77.229416,false,false,MOBILISATION_ADVANCE:2022-10-30:284264|RUNNING_BILL:2023-02-22:362595|RUNNING_BILL:2023-05-21:362595|RUNNING_BILL:2023-07-21:362595
ESK-2201,DIST_104,202,Work 1202: OTHER Project at Location 1201,Synthetic work description for demo data import,OTHER,1098528,1098526,1098528,2023-06-05,2023-07-24,2025-03-23,COMPLETED,100,false,Rural Development Agency (DRDA),Location 1201,28.729992,77.345034,true,false,MOBILISATION_ADVANCE:2023-09-07:164779|RUNNING_BILL:2023-11-16:192242|RUNNING_BILL:2024-01-27:192242|RUNNING_BILL:2024-03-24:192242|RUNNING_BILL:2024-06-02:192242|FINAL_BILL:2024-08-16:109853|RETENTION_RELEASE:2025-02-12:54926
ESK-2202,DIST_101,202,Work 1203: ROADS_BRIDGES Project at Location 1202,Synthetic work description for demo data import,ROADS_BRIDGES,1162867,1162868,1162867,2022-11-10,2022-12-16,2023-09-23,COMPLETED,100,true,Municipal Corporation,Location 1202,28.527863,77.222773,false,false,MOBILISATION_ADVANCE:2023-01-16:174430|RUNNING_BILL:2023-04-21:271336|RUNNING_BILL:2023-07-20:271336|RUNNING_BILL:2023-09-15:271336|FINAL_BILL:2023-11-29:116287|RETENTION_RELEASE:2024-05-27:58143
ESK-2203,DIST_103,204,Work 1204: HEALTH Project at Location 1203,Synthetic work description for demo data import,HEALTH,2474903,371235,2474903,2026-05-02,2026-05-11,2026-09-05,COMPLETED,100,false,Rural Development Agency (DRDA),Location 1203,28.671532,77.317848,false,false,MOBILISATION_ADVANCE:2026-06-15:371235
ESK-2204,DIST_104,204,Work 1205: DRINKING_WATER Project at Location 1204,Synthetic work description for demo data import,DRINKING_WATER,4773298,0,0,2023-06-01,2023-07-06,,CANCELLED,0,false,Rural Development Agency (DRDA),Location 1204,28.507154,77.203866,false,false,
ESK-2205,DIST_103,201,Work 1206: DRINKING_WATER Project at Location 1205,Synthetic work description for demo data import,DRINKING_WATER,2845416,426812,2845416,2025-09-04,2025-10-18,2026-09-05,COMPLETED,100,true,Irrigation & Flood Control Dept,Location 1205,28.685976,77.210620,false,false,MOBILISATION_ADVANCE:2025-11-18:426812
ESK-2206,DIST_102,201,Work 1207: OTHER Project at Location 1206,Synthetic work description for demo data import,OTHER,991829,0,991829,2023-09-14,2023-10-01,2024-03-31,COMPLETED,100,false,Municipal Corporation,Location 1206,28.523763,77.199314,false,false,
ESK-2207,DIST_103,201,Work 1208: DRINKING_WATER Project at Location 1207,Synthetic work description for demo data import,DRINKING_WATER,1483057,1483059,1483057,2023-09-06,2023-09-23,2024-05-07,COMPLETED,100,false,Irrigation & Flood Control Dept,Location 1207,28.579107,77.180563,false,false,MOBILISATION_ADVANCE:2023-11-07:222459|RUNNING_BILL:2024-01-24:346047|RUNNING_BILL:2024-03-09:346047|RUNNING_BILL:2024-05-17:346047|FINAL_BILL:2024-07-31:148306|RETENTION_RELEASE:2025-01-27:74153
ESK-2208,DIST_101,202,Work 1209: ROADS_BRIDGES Project at Location 1208,Synthetic work description for demo data import,ROADS_BRIDGES,4143291,621494,3743762,2025-10-30,2025-12-06,,IN_PROGRESS,40,false,Rural Development Agency (DRDA),Location 1208,28.697351,77.170062,true,false,MOBILISATION_ADVANCE:2026-01-15:621494
ESK-2209,DIST_103,201,Work 1210: DRINKING_WATER Project at Location 1209,Synthetic work description for demo data import,DRINKING_WATER,3535928,951165,1081729,2024-09-29,2024-10-09,,IN_PROGRESS,17,false,Rural Development Agency (DRDA),Location 1209,28.621445,77.264373,true,false,MOBILISATION_ADVANCE:2024-11-05:530389|RUNNING_BILL:2025-02-15:210388|RUNNING_BILL:2025-04-22:210388
ESK-2210,DIST_101,204,Work 1211: EDUCATION Project at Location 1210,Synthetic work description for demo data import,EDUCATION,888619,888618,888619,2023-07-31,2023-09-10,2024-10-29,COMPLETED,100,true,Municipal Corporation,Location 1210,28.542197,77.271279,false,false,MOBILISATION_ADVANCE:2023-09-25:133293|RUNNING_BILL:2024-01-07:207344|RUNNING_BILL:2024-03-11:207344|RUNNING_BILL:2024-06-01:207344|FINAL_BILL:2024-08-15:88862|RETENTION_RELEASE:2025-02-11:44431
ESK-2211,DIST_101,202,Work 1212: SANITATION Project at Location 1211,Synthetic work description for demo data import,SANITATION,2617611,2617612,2617611,2024-07-20,2024-08-08,2026-05-21,COMPLETED,100,true,Irrigation & Flood Control Dept,Location 1211,28.519099,77.383841,false,false,MOBILISATION_ADVANCE:2024-09-10:392642|RUNNING_BILL:2024-12-30:916164|RUNNING_BILL:2025-02-15:916164|FINAL_BILL:2025-05-01:261761|RETENTION_RELEASE:2025-10-28:130881
ESK-2212,DIST_101,203,Work 1213: OTHER Project at Location 1212,Synthetic work description for demo data import,OTHER,1517917,1517918,1517917,2024-03-18,2024-03-24,2025-09-29,COMPLETED,100,true,Public Works Department (PWD),Location 1212,28.724010,77.297631,false,false,MOBILISATION_ADVANCE:2024-04-26:227688|RUNNING_BILL:2024-08-06:531271|RUNNING_BILL:2024-10-01:531271|FINAL_BILL:2024-12-15:151792|RETENTION_RELEASE:2025-06-13:75896
ESK-2213,DIST_103,204,Work 1214: EDUCATION Project at Location 1213,Synthetic work description for demo data import,EDUCATION,1020129,0,0,2026-08-30,,,NOT_STARTED,0,false,Municipal Corporation,Location 1213,28.746763,77.190210,true,false,
ESK-2214,DIST_103,202,Work 1215: ROADS_BRIDGES Project at Location 1214,Synthetic work description for demo data import,ROADS_BRIDGES,1515948,1515947,1515948,2024-07-13,2024-08-09,2025-10-16,COMPLETED,100,true,Irrigation & Flood Control Dept,Location 1214,28.583037,77.260192,false,false,MOBILISATION_ADVANCE:2024-09-21:227392|RUNNING_BILL:2024-11-26:353721|RUNNING_BILL:2025-01-21:353721|RUNNING_BILL:2025-03-07:353721|FINAL_BILL:2025-05-21:151595|RETENTION_RELEASE:2025-11-17:75797
ESK-2215,DIST_104,202,Work 1216: ROADS_BRIDGES Project at Location 1215,Synthetic work description for demo data import,ROADS_BRIDGES,1089248,1089248,1089248,2023-06-29,2023-08-06,2025-02-18,COMPLETED,100,true,Public Works Department (PWD),Location 1215,28.689476,77.252802,false,false,MOBILISATION_ADVANCE:2023-08-20:163387|RUNNING_BILL:2023-12-10:381237|RUNNING_BILL:2024-03-08:381237|FINAL_BILL:2024-05-22:108925|RETENTION_RELEASE:2024-11-18:54462
ESK-2216,DIST_101,203,Work 1217: OTHER Project at Location 1216,Synthetic work description for demo data import,OTHER,198390,29759,198390,2025-06-12,2025-07-06,2026-09-05,COMPLETED,100,false,Municipal Corporation,Location 1216,28.715004,77.369704,false,false,MOBILISATION_ADVANCE:2025-08-03:29759
ESK-2217,DIST_101,202,Work 1218: HEALTH Project at Location 1217,Synthetic work description for demo data import,HEALTH,128264,0,128264,2024-09-13,2024-09-20,2026-01-12,COMPLETED,100,false,Municipal Corporation,Location 1217,28.654140,77.285264,false,false,
ESK-2218,DIST_104,203,Work 1219: EDUCATION Project at Location 1218,Synthetic work description for demo data import,EDUCATION,3739050,560858,3628501,2025-05-16,2025-05-27,,IN_PROGRESS,20,false,Public Works Department (PWD),Location 1218,28.682090,77.337523,false,false,MOBILISATION_ADVANCE:2025-07-06:560858
ESK-2219,DIST_103,202,Work 1220: OTHER Project at Location 1219,Synthetic work description for demo data import,OTHER,4800686,2938021,84976,2024-07-18,2024-08-01,,IN_PROGRESS,66,false,Irrigation & Flood Control Dept,Location 1219,28.510426,77.183273,false,false,MOBILISATION_ADVANCE:2024-09-08:720103|RUNNING_BILL:2024-12-10:739306|RUNNING_BILL:2025-03-06:739306|RUNNING_BILL:2025-06-03:739306
ESK-2220,DIST_104,203,Work 1221: SANITATION Project at Location 1220,Synthetic work description for demo data import,SANITATION,693494,104024,0,2023-02-18,2023-02-23,,NOT_STARTED,0,false,Irrigation & Flood Control Dept,Location 1220,28.615630,77.220303,false,false,MOBILISATION_ADVANCE:2023-04-02:104024|RUNNING_BILL:2023-07-23:0|RUNNING_BILL:2023-09-25:0
ESK-2221,DIST_103,204,Work 1222: ROADS_BRIDGES Project at Location 1221,Synthetic work description for demo data import,ROADS_BRIDGES,363043,54456,363043,2024-12-27,2025-01-05,2025-12-04,COMPLETED,100,true,Rural Development Agency (DRDA),Location 1221,28.691674,77.184221,false,false,MOBILISATION_ADVANCE:2025-01-30:54456
ESK-2222,DIST_103,204,Work 1223: HEALTH Project at Location 1222,Synthetic work description for demo data import,HEALTH,104124,0,104124,2023-03-06,2023-03-31,2023-09-09,COMPLETED,100,true,Public Works Department (PWD),Location 1222,28.624279,77.334224,true,false,
ESK-2223,DIST_103,203,Work 1224: DRINKING_WATER Project at Location 1223,Synthetic work description for demo data import,DRINKING_WATER,547589,220130,214228,2023-09-16,2023-09-22,,IN_PROGRESS,36,false,Municipal Corporation,Location 1223,28.701489,77.316229,false,false,MOBILISATION_ADVANCE:2023-10-23:82138|RUNNING_BILL:2024-02-13:137992
ESK-2224,DIST_102,201,Work 1225: HEALTH Project at Location 1224,Synthetic work description for demo data import,HEALTH,2732328,409849,2732328,2023-09-25,2023-11-09,2025-05-09,COMPLETED,100,true,Public Works Department (PWD),Location 1224,28.697069,77.384036,true,false,MOBILISATION_ADVANCE:2023-12-15:409849
ESK-2225,DIST_104,203,Work 1226: ROADS_BRIDGES Project at Location 1225,Synthetic work description for demo data import,ROADS_BRIDGES,1972829,1972828,1972829,2023-07-18,2023-08-31,2024-05-05,COMPLETED,100,false,Municipal Corporation,Location 1225,28.571458,77.346963,false,false,MOBILISATION_ADVANCE:2023-10-15:295924|RUNNING_BILL:2024-01-28:345245|RUNNING_BILL:2024-04-07:345245|RUNNING_BILL:2024-06-10:345245|RUNNING_BILL:2024-08-25:345245|FINAL_BILL:2024-11-08:197283|RETENTION_RELEASE:2025-05-07:98641
ESK-2226,DIST_102,202,Work 1227: ROADS_BRIDGES Project at Location 1226,Synthetic work description for demo data import,ROADS_BRIDGES,2030011,0,2030011,2023-03-22,2023-03-27,2024-10-10,COMPLETED,100,true,Municipal Corporation,Location 1226,28.531928,77.255152,false,false,
ESK-2227,DIST_103,201,Work 1228: HEALTH Project at Location 1227,Synthetic work description for demo data import,HEALTH,553260,0,553260,2023-01-28,2023-02-12,2023-07-24,COMPLETED,100,true,Public Works Department (PWD),Location 1227,28.749388,77.369651,false,false,
ESK-2228,DIST_101,204,Work 1229: OTHER Project at Location 1228,Synthetic work description for demo data import,OTHER,2326633,2326633,2326633,2023-11-12,2023-11-28,2024-05-27,COMPLETED,100,false,Rural Development Agency (DRDA),Location 1228,28.587705,77.355730,false,false,MOBILISATION_ADVANCE:2023-12-15:348995|RUNNING_BILL:2024-04-01:542881|RUNNING_BILL:2024-06-09:542881|RUNNING_BILL:2024-08-01:542881|FINAL_BILL:2024-10-15:232663|RETENTION_RELEASE:2025-04-13:116332
ESK-2229,DIST_102,201,Work 1230: DRINKING_WATER Project at Location 1229,Synthetic work description for demo data import,DRINKING_WATER,1458128,218719,1364504,2023-10-06,2023-11-06,,IN_PROGRESS,76,false,Irrigation & Flood Control Dept,Location 1229,28.558015,77.187368,false,false,MOBILISATION_ADVANCE:2023-12-06:218719
ESK-2230,DIST_103,201,Work 1231: ROADS_BRIDGES Project at Location 1230,Synthetic work description for demo data import,ROADS_BRIDGES,930691,0,930691,2026-03-15,2026-03-31,2026-09-05,COMPLETED,100,false,Rural Development Agency (DRDA),Location 1230,28.677100,77.184576,false,false,
ESK-2231,DIST_101,201,Work 1232: OTHER Project at Location 1231,Synthetic work description for demo data import,OTHER,2914484,0,0,2026-05-22,,,NOT_STARTED,0,false,Irrigation & Flood Control Dept,Location 1231,28.745078,77.156862,true,false,
ESK-2232,DIST_103,201,Work 1233: OTHER Project at Location 1232,Synthetic work description for demo data import,OTHER,2754871,991754,1850834,2022-09-10,2022-10-28,,IN_PROGRESS,30,false,Irrigation & Flood Control Dept,Location 1232,28.687066,77.220461,false,false,MOBILISATION_ADVANCE:2022-11-09:413231|RUNNING_BILL:2023-02-20:578523
ESK-2233,DIST_102,201,Work 1234: OTHER Project at Location 1233,Synthetic work description for demo data import,OTHER,1361271,756867,929503,2024-05-29,2024-07-18,,IN_PROGRESS,58,false,Public Works Department (PWD),Location 1233,28.653670,77.159386,false,true,MOBILISATION_ADVANCE:2024-08-19:204191|RUNNING_BILL:2024-11-22:552676
ESK-2234,DIST_101,201,Work 1235: DRINKING_WATER Project at Location 1234,Synthetic work description for demo data import,DRINKING_WATER,2076275,311441,2076275,2025-05-18,2025-06-22,2026-06-09,COMPLETED,100,true,Municipal Corporation,Location 1234,28.532525,77.247844,false,false,MOBILISATION_ADVANCE:2025-07-10:311441
ESK-2235,DIST_101,202,Work 1236: HEALTH Project at Location 1235,Synthetic work description for demo data import,HEALTH,725267,725266,725267,2023-01-09,2023-01-24,2023-12-10,COMPLETED,100,true,Public Works Department (PWD),Location 1235,28.511854,77.291782,false,false,MOBILISATION_ADVANCE:2023-02-22:108790|RUNNING_BILL:2023-06-06:253843|RUNNING_BILL:2023-08-11:253843|FINAL_BILL:2023-10-25:72527|RETENTION_RELEASE:2024-04-22:36263
ESK-2236,DIST_103,202,Work 1237: DRINKING_WATER Project at Location 1236,Synthetic work description for demo data import,DRINKING_WATER,1236676,474059,1236676,2026-02-10,2026-02-18,2026-09-05,COMPLETED,100,true,Rural Development Agency (DRDA),Location 1236,28.620208,77.295963,false,false,MOBILISATION_ADVANCE:2026-03-20:185501|RUNNING_BILL:2026-07-10:288558
ESK-2237,DIST_104,201,Work 1238: ROADS_BRIDGES Project at Location 1237,Synthetic work description for demo data import,ROADS_BRIDGES,784182,117627,784182,2023-12-02,2024-01-14,2024-12-06,COMPLETED,100,true,Municipal Corporation,Location 1237,28.728551,77.244451,false,false,MOBILISATION_ADVANCE:2024-02-18:117627
ESK-2238,DIST_103,201,Work 1239: HEALTH Project at Location 1238,Synthetic work description for demo data import,HEALTH,2079480,1767558,2079480,2026-02-15,2026-02-25,2026-09-05,COMPLETED,100,false,Municipal Corporation,Location 1238,28.706258,77.392195,false,false,MOBILISATION_ADVANCE:2026-03-28:311922|RUNNING_BILL:2026-06-26:727818|RUNNING_BILL:2026-08-21:727818
ESK-2239,DIST_103,203,Work 1240: HEALTH Project at Location 1239,Synthetic work description for demo data import,HEALTH,3001136,450170,3001136,2026-04-03,2026-04-20,2026-09-05,COMPLETED,100,true,Public Works Department (PWD),Location 1239,28.587649,77.198344,false,false,MOBILISATION_ADVANCE:2026-05-21:450170
ESK-2240,DIST_103,201,Work 1241: EDUCATION Project at Location 1240,Synthetic work description for demo data import,EDUCATION,1627821,0,1627821,2024-06-13,2024-07-29,2025-05-15,COMPLETED,100,false,Municipal Corporation,Location 1240,28.718740,77.353680,true,false,
ESK-2241,DIST_104,203,Work 1242: HEALTH Project at Location 1241,Synthetic work description for demo data import,HEALTH,2602523,2602521,2602523,2023-10-05,2023-11-04,2024-11-21,COMPLETED,100,true,Municipal Corporation,Location 1241,28.588890,77.161955,false,false,MOBILISATION_ADVANCE:2023-11-24:390378|RUNNING_BILL:2024-03-23:607255|RUNNING_BILL:2024-06-04:607255|RUNNING_BILL:2024-08-15:607255|FINAL_BILL:2024-10-29:260252|RETENTION_RELEASE:2025-04-27:130126
ESK-2242,DIST_101,204,Work 1243: EDUCATION Project at Location 1242,Synthetic work description for demo data import,EDUCATION,642210,298628,235132,2024-11-15,2025-01-04,,IN_PROGRESS,45,false,Municipal Corporation,Location 1242,28.698537,77.174051,false,false,MOBILISATION_ADVANCE:2025-01-26:96332|RUNNING_BILL:2025-05-12:202296
ESK-2243,DIST_101,204,Work 1244: OTHER Project at Location 1243,Synthetic work description for demo data import,OTHER,514193,514194,514193,2023-03-24,2023-05-05,2023-12-06,COMPLETED,100,true,Rural Development Agency (DRDA),Location 1243,28.718301,77.205586,true,false,MOBILISATION_ADVANCE:2023-05-26:77129|RUNNING_BILL:2023-08-26:179968|RUNNING_BILL:2023-11-01:179968|FINAL_BILL:2024-01-15:51419|RETENTION_RELEASE:2024-07-13:25710
ESK-2244,DIST_102,204,Work 1245: SANITATION Project at Location 1244,Synthetic work description for demo data import,SANITATION,3079528,3079529,3079528,2024-01-05,2024-01-11,2025-12-03,COMPLETED,100,true,Rural Development Agency (DRDA),Location 1244,28.655147,77.322217,false,false,MOBILISATION_ADVANCE:2024-01-22:461929|RUNNING_BILL:2024-05-23:718557|RUNNING_BILL:2024-08-19:718557|RUNNING_BILL:2024-11-11:718557|FINAL_BILL:2025-01-25:307953|RETENTION_RELEASE:2025-07-24:153976
ESK-2245,DIST_101,204,Work 1246: OTHER Project at Location 1245,Synthetic work description for demo data import,OTHER,813718,122058,0,2022-12-24,2022-12-31,,NOT_STARTED,0,false,Public Works Department (PWD),Location 1245,28.715586,77.173284,false,false,MOBILISATION_ADVANCE:2023-02-04:122058|RUNNING_BILL:2023-05-20:0
ESK-2246,DIST_101,203,Work 1247: SANITATION Project at Location 1246,Synthetic work description for demo data import,SANITATION,4557202,2693307,2814117,2023-12-11,2024-01-17,,IN_PROGRESS,63,false,Rural Development Agency (DRDA),Location 1246,28.535261,77.172232,false,false,MOBILISATION_ADVANCE:2024-01-29:683580|RUNNING_BILL:2024-06-09:669909|RUNNING_BILL:2024-08-29:669909|RUNNING_BILL:2024-10-23:669909
ESK-2247,DIST_104,201,Work 1248: OTHER Project at Location 1247,Synthetic work description for demo data import,OTHER,374294,56144,374294,2024-01-09,2024-02-27,2024-07-20,COMPLETED,100,true,Municipal Corporation,Location 1247,28.717614,77.262167,false,false,MOBILISATION_ADVANCE:2024-03-15:56144
ESK-2248,DIST_101,202,Work 1249: SANITATION Project at Location 1248,Synthetic work description for demo data import,SANITATION,900703,900702,900703,2023-11-18,2023-11-30,2024-05-03,COMPLETED,100,true,Irrigation & Flood Control Dept,Location 1248,28.507776,77.304184,false,false,MOBILISATION_ADVANCE:2024-01-10:135105|RUNNING_BILL:2024-04-22:210164|RUNNING_BILL:2024-07-05:210164|RUNNING_BILL:2024-09-28:210164|FINAL_BILL:2024-12-12:90070|RETENTION_RELEASE:2025-06-10:45035
ESK-2249,DIST_101,202,Work 1250: SANITATION Project at Location 1249,Synthetic work description for demo data import,SANITATION,451957,267108,426565,2024-05-12,2024-06-25,,IN_PROGRESS,63,false,Public Works Department (PWD),Location 1249,28.684950,77.229651,false,false,MOBILISATION_ADVANCE:2024-07-15:67794|RUNNING_BILL:2024-11-12:66438|RUNNING_BILL:2025-01-23:66438|RUNNING_BILL:2025-03-21:66438
ESK-2250,DIST_104,201,Work 1251: ROADS_BRIDGES Project at Location 1250,Synthetic work description for demo data import,ROADS_BRIDGES,3198054,2315390,0,2024-01-12,2024-02-17,,ON_HOLD,82,false,Rural Development Agency (DRDA),Location 1250,28.682282,77.286551,false,false,MOBILISATION_ADVANCE:2024-03-31:479708|RUNNING_BILL:2024-06-11:917841|RUNNING_BILL:2024-08-23:917841
ESK-2251,DIST_101,203,Work 1252: EDUCATION Project at Location 1251,Synthetic work description for demo data import,EDUCATION,2852554,0,0,2026-08-19,,,NOT_STARTED,0,false,Rural Development Agency (DRDA),Location 1251,28.692916,77.390813,false,false,
ESK-2252,DIST_102,201,Work 1253: HEALTH Project at Location 1252,Synthetic work description for demo data import,HEALTH,1079267,413719,1079267,2026-03-31,2026-04-23,2026-09-05,COMPLETED,100,false,Municipal Corporation,Location 1252,28.654829,77.183629,false,false,MOBILISATION_ADVANCE:2026-05-17:161890|RUNNING_BILL:2026-08-19:251829
ESK-2253,DIST_101,203,Work 1254: OTHER Project at Location 1253,Synthetic work description for demo data import,OTHER,4339876,650981,0,2026-06-07,2026-07-27,,NOT_STARTED,0,false,Public Works Department (PWD),Location 1253,28.593835,77.250786,true,false,MOBILISATION_ADVANCE:2026-08-26:650981
ESK-2254,DIST_101,201,Work 1255: ROADS_BRIDGES Project at Location 1254,Synthetic work description for demo data import,ROADS_BRIDGES,176832,0,176832,2024-05-17,2024-06-30,2025-11-06,COMPLETED,100,true,Municipal Corporation,Location 1254,28.543244,77.197397,true,false,
ESK-2255,DIST_102,203,Work 1256: EDUCATION Project at Location 1255,Synthetic work description for demo data import,EDUCATION,2206688,0,2206688,2024-06-24,2024-08-11,2025-02-17,COMPLETED,100,true,Public Works Department (PWD),Location 1255,28.521303,77.277598,true,false,
ESK-2256,DIST_101,201,Work 1257: SANITATION Project at Location 1256,Synthetic work description for demo data import,SANITATION,1964377,1866159,1964377,2025-07-05,2025-07-30,2026-09-05,COMPLETED,100,true,Irrigation & Flood Control Dept,Location 1256,28.696694,77.190802,false,false,MOBILISATION_ADVANCE:2025-09-04:294657|RUNNING_BILL:2025-12-07:687532|RUNNING_BILL:2026-02-28:687532|FINAL_BILL:2026-05-14:196438
ESK-2257,DIST_103,204,Work 1258: SANITATION Project at Location 1257,Synthetic work description for demo data import,SANITATION,688357,0,0,2023-12-14,2024-01-24,,CANCELLED,0,false,Rural Development Agency (DRDA),Location 1257,28.622573,77.251071,false,false,
ESK-2258,DIST_101,202,Work 1259: ROADS_BRIDGES Project at Location 1258,Synthetic work description for demo data import,ROADS_BRIDGES,651031,618479,651031,2025-07-30,2025-08-27,2026-09-05,COMPLETED,100,true,Public Works Department (PWD),Location 1258,28.647902,77.213138,false,false,MOBILISATION_ADVANCE:2025-09-23:97655|RUNNING_BILL:2026-01-16:151907|RUNNING_BILL:2026-03-30:151907|RUNNING_BILL:2026-06-02:151907|FINAL_BILL:2026-08-16:65103
ESK-2259,DIST_101,201,Work 1260: SANITATION Project at Location 1259,Synthetic work description for demo data import,SANITATION,2557184,2557183,2557184,2025-01-16,2025-01-27,2026-07-29,COMPLETED,100,true,Public Works Department (PWD),Location 1259,28.579188,77.348132,false,true,MOBILISATION_ADVANCE:2025-03-04:383578|RUNNING_BILL:2025-05-13:596676|RUNNING_BILL:2025-07-04:596676|RUNNING_BILL:2025-09-21:596676|FINAL_BILL:2025-12-05:255718|RETENTION_RELEASE:2026-06-03:127859
ESK-2260,DIST_101,204,Work 1261: EDUCATION Project at Location 1260,Synthetic work description for demo data import,EDUCATION,643094,96464,643094,2024-08-18,2024-09-27,2025-09-15,COMPLETED,100,false,Municipal Corporation,Location 1260,28.581479,77.280474,false,false,MOBILISATION_ADVANCE:2024-10-12:96464
ESK-2261,DIST_104,202,Work 1262: DRINKING_WATER Project at Location 1261,Synthetic work description for demo data import,DRINKING_WATER,2969400,2420060,2874138,2022-10-13,2022-10-23,,IN_PROGRESS,95,false,Irrigation & Flood Control Dept,Location 1261,28.699478,77.398510,false,false,MOBILISATION_ADVANCE:2022-11-24:445410|RUNNING_BILL:2023-03-15:987325|RUNNING_BILL:2023-06-11:987325
ESK-2262,DIST_104,203,Work 1263: OTHER Project at Location 1262,Synthetic work description for demo data import,OTHER,4311191,0,3718795,2023-03-17,2023-03-22,,IN_PROGRESS,69,false,Rural Development Agency (DRDA),Location 1262,28.654523,77.317847,false,false,
ESK-2263,DIST_102,203,Work 1264: HEALTH Project at Location 1263,Synthetic work description for demo data import,HEALTH,1282916,1282917,1282916,2023-07-23,2023-08-02,2024-01-02,COMPLETED,100,true,Rural Development Agency (DRDA),Location 1263,28.695724,77.249000,false,false,MOBILISATION_ADVANCE:2023-09-06:192437|RUNNING_BILL:2023-12-29:449021|RUNNING_BILL:2024-03-03:449021|FINAL_BILL:2024-05-17:128292|RETENTION_RELEASE:2024-11-13:64146
ESK-2264,DIST_104,203,Work 1265: SANITATION Project at Location 1264,Synthetic work description for demo data import,SANITATION,1179804,1120813,1179804,2025-09-18,2025-10-03,2026-09-05,COMPLETED,100,true,Rural Development Agency (DRDA),Location 1264,28.557785,77.159923,false,false,MOBILISATION_ADVANCE:2025-10-18:176971|RUNNING_BILL:2026-02-15:412931|RUNNING_BILL:2026-05-06:412931|FINAL_BILL:2026-07-20:117980
ESK-2265,DIST_102,202,Work 1266: ROADS_BRIDGES Project at Location 1265,Synthetic work description for demo data import,ROADS_BRIDGES,2721364,2721365,2721364,2023-06-04,2023-07-22,2024-06-02,COMPLETED,100,true,Irrigation & Flood Control Dept,Location 1265,28.596707,77.217176,false,false,MOBILISATION_ADVANCE:2023-08-30:408205|RUNNING_BILL:2023-11-19:476239|RUNNING_BILL:2024-01-31:476239|RUNNING_BILL:2024-04-02:476239|RUNNING_BILL:2024-05-31:476239|FINAL_BILL:2024-08-14:272136|RETENTION_RELEASE:2025-02-10:136068
ESK-2266,DIST_104,203,Work 1267: DRINKING_WATER Project at Location 1266,Synthetic work description for demo data import,DRINKING_WATER,2134189,2027478,2134189,2025-04-10,2025-05-05,2025-11-28,COMPLETED,100,false,Rural Development Agency (DRDA),Location 1266,28.661809,77.349460,false,false,MOBILISATION_ADVANCE:2025-05-22:320128|RUNNING_BILL:2025-09-08:497977|RUNNING_BILL:2025-12-02:497977|RUNNING_BILL:2026-01-25:497977|FINAL_BILL:2026-04-10:213419
ESK-2267,DIST_104,202,Work 1268: ROADS_BRIDGES Project at Location 1267,Synthetic work description for demo data import,ROADS_BRIDGES,2170831,0,1404256,2024-11-02,2024-11-19,,IN_PROGRESS,3,false,Public Works Department (PWD),Location 1267,28.517670,77.310547,false,false,
ESK-2268,DIST_102,202,Work 1269: HEALTH Project at Location 1268,Synthetic work description for demo data import,HEALTH,1833717,275058,470137,2024-06-17,2024-08-05,,IN_PROGRESS,99,false,Municipal Corporation,Location 1268,28.629591,77.197329,false,false,MOBILISATION_ADVANCE:2024-09-03:275058
ESK-2269,DIST_102,204,Work 1270: EDUCATION Project at Location 1269,Synthetic work description for demo data import,EDUCATION,149980,37895,87858,2026-02-23,2026-03-13,,IN_PROGRESS,22,false,Municipal Corporation,Location 1269,28.609412,77.254503,true,false,MOBILISATION_ADVANCE:2026-04-02:22497|RUNNING_BILL:2026-07-06:7699|RUNNING_BILL:2026-08-27:7699
ESK-2270,DIST_102,202,Work 1271: DRINKING_WATER Project at Location 1270,Synthetic work description for demo data import,DRINKING_WATER,1993176,1993177,1993176,2024-08-03,2024-08-22,2026-01-29,COMPLETED,100,false,Public Works Department (PWD),Location 1270,28.598286,77.381275,false,false,MOBILISATION_ADVANCE:2024-09-25:298976|RUNNING_BILL:2025-01-02:348806|RUNNING_BILL:2025-03-15:348806|RUNNING_BILL:2025-05-29:348806|RUNNING_BILL:2025-08-21:348806|FINAL_BILL:2025-11-04:199318|RETENTION_RELEASE:2026-05-03:99659
ESK-2271,DIST_102,202,Work 1272: DRINKING_WATER Project at Location 1271,Synthetic work description for demo data import,DRINKING_WATER,571047,85657,356240,2026-03-22,2026-05-03,,IN_PROGRESS,83,false,Rural Development Agency (DRDA),Location 1271,28.582469,77.210886,false,false,MOBILISATION_ADVANCE:2026-06-16:85657
ESK-2272,DIST_104,202,Work 1273: OTHER Project at Location 1272,Synthetic work description for demo data import,OTHER,3827021,1136625,1368574,2022-09-20,2022-10-16,,IN_PROGRESS,21,false,Rural Development Agency (DRDA),Location 1272,28.581641,77.312998,false,false,MOBILISATION_ADVANCE:2022-10-31:574053|RUNNING_BILL:2023-01-30:187524|RUNNING_BILL:2023-04-29:187524|RUNNING_BILL:2023-07-26:187524
ESK-2273,DIST_102,201,Work 1274: SANITATION Project at Location 1273,Synthetic work description for demo data import,SANITATION,2354340,2354340,2354340,2023-02-23,2023-04-09,2024-04-17,COMPLETED,100,true,Irrigation & Flood Control Dept,Location 1273,28.583852,77.210126,true,true,MOBILISATION_ADVANCE:2023-04-28:353151|RUNNING_BILL:2023-08-20:549346|RUNNING_BILL:2023-11-04:549346|RUNNING_BILL:2024-02-01:549346|FINAL_BILL:2024-04-16:235434|RETENTION_RELEASE:2024-10-13:117717
ESK-2274,DIST_104,204,Work 1275: OTHER Project at Location 1274,Synthetic work description for demo data import,OTHER,2653091,2653092,2653091,2023-12-04,2024-01-19,2024-08-07,COMPLETED,100,false,Rural Development Agency (DRDA),Location 1274,28.577715,77.318775,false,false,MOBILISATION_ADVANCE:2024-02-15:397964|RUNNING_BILL:2024-06-15:928582|RUNNING_BILL:2024-08-30:928582|FINAL_BILL:2024-11-13:265309|RETENTION_RELEASE:2025-05-12:132655
ESK-2275,DIST_101,204,Work 1276: EDUCATION Project at Location 1275,Synthetic work description for demo data import,EDUCATION,2862685,0,2862685,2023-05-15,2023-06-24,2025-05-10,COMPLETED,100,true,Municipal Corporation,Location 1275,28.688881,77.206188,false,false,
ESK-2276,DIST_102,201,Work 1277: EDUCATION Project at Location 1276,Synthetic work description for demo data import,EDUCATION,1329639,1329639,1329639,2023-12-13,2023-12-24,2025-09-04,COMPLETED,100,false,Rural Development Agency (DRDA),Location 1276,28.531806,77.300194,false,false,MOBILISATION_ADVANCE:2024-01-09:199446|RUNNING_BILL:2024-05-13:310249|RUNNING_BILL:2024-07-27:310249|RUNNING_BILL:2024-10-09:310249|FINAL_BILL:2024-12-23:132964|RETENTION_RELEASE:2025-06-21:66482
ESK-2277,DIST_103,202,Work 1278: DRINKING_WATER Project at Location 1277,Synthetic work description for demo data import,DRINKING_WATER,1285234,1220972,1285234,2025-01-27,2025-02-20,2026-09-05,COMPLETED,100,true,Irrigation & Flood Control Dept,Location 1277,28.682639,77.208367,false,true,MOBILISATION_ADVANCE:2025-03-22:192785|RUNNING_BILL:2025-07-19:224916|RUNNING_BILL:2025-09-27:224916|RUNNING_BILL:2025-12-01:224916|RUNNING_BILL:2026-02-08:224916|FINAL_BILL:2026-04-24:128523
ESK-2278,DIST_103,202,Work 1279: HEALTH Project at Location 1278,Synthetic work description for demo data import,HEALTH,2301309,2301308,2301309,2022-10-23,2022-11-21,2024-05-11,COMPLETED,100,true,Irrigation & Flood Control Dept,Location 1278,28.609630,77.245616,false,false,MOBILISATION_ADVANCE:2022-12-24:345196|RUNNING_BILL:2023-04-04:805458|RUNNING_BILL:2023-06-20:805458|FINAL_BILL:2023-09-03:230131|RETENTION_RELEASE:2024-03-01:115065
ESK-2279,DIST_103,201,Work 1280: HEALTH Project at Location 1279,Synthetic work description for demo data import,HEALTH,274521,274520,274521,2025-02-03,2025-03-23,2026-01-11,COMPLETED,100,true,Irrigation & Flood Control Dept,Location 1279,28.619946,77.188185,false,false,MOBILISATION_ADVANCE:2025-04-07:41178|RUNNING_BILL:2025-08-11:96082|RUNNING_BILL:2025-10-20:96082|FINAL_BILL:2026-01-03:27452|RETENTION_RELEASE:2026-07-02:13726
ESK-2280,DIST_103,204,Work 1281: HEALTH Project at Location 1280,Synthetic work description for demo data import,HEALTH,1893498,1167657,1893498,2025-11-12,2025-12-14,2026-09-05,COMPLETED,100,false,Rural Development Agency (DRDA),Location 1280,28.733740,77.340452,false,false,MOBILISATION_ADVANCE:2025-12-25:284025|RUNNING_BILL:2026-04-26:441816|RUNNING_BILL:2026-06-18:441816
ESK-2281,DIST_101,202,Work 1282: EDUCATION Project at Location 1281,Synthetic work description for demo data import,EDUCATION,2862841,429426,2862841,2026-03-20,2026-04-16,2026-09-05,COMPLETED,100,true,Public Works Department (PWD),Location 1281,28.549773,77.350071,false,false,MOBILISATION_ADVANCE:2026-05-05:429426
ESK-2282,DIST_103,204,Work 1283: EDUCATION Project at Location 1282,Synthetic work description for demo data import,EDUCATION,624084,624085,624084,2023-06-17,2023-06-28,2025-02-23,COMPLETED,100,true,Irrigation & Flood Control Dept,Location 1282,28.734566,77.382964,false,false,MOBILISATION_ADVANCE:2023-07-14:93613|RUNNING_BILL:2023-10-20:145620|RUNNING_BILL:2023-12-10:145620|RUNNING_BILL:2024-03-03:145620|FINAL_BILL:2024-05-17:62408|RETENTION_RELEASE:2024-11-13:31204
ESK-2283,DIST_104,201,Work 1284: DRINKING_WATER Project at Location 1283,Synthetic work description for demo data import,DRINKING_WATER,4234441,1139064,4194200,2022-10-11,2022-10-24,,IN_PROGRESS,17,false,Public Works Department (PWD),Location 1283,28.505966,77.275479,true,false,MOBILISATION_ADVANCE:2022-12-03:635166|RUNNING_BILL:2023-02-18:503898
ESK-2284,DIST_103,202,Work 1285: EDUCATION Project at Location 1284,Synthetic work description for demo data import,EDUCATION,932920,139938,932920,2026-03-03,2026-04-20,2026-09-05,COMPLETED,100,false,Public Works Department (PWD),Location 1284,28.558802,77.201730,false,false,MOBILISATION_ADVANCE:2026-05-07:139938
ESK-2285,DIST_101,202,Work 1286: ROADS_BRIDGES Project at Location 1285,Synthetic work description for demo data import,ROADS_BRIDGES,4661581,699237,0,2025-12-14,2026-01-04,,NOT_STARTED,0,false,Rural Development Agency (DRDA),Location 1285,28.707004,77.256639,false,true,MOBILISATION_ADVANCE:2026-01-19:699237|RUNNING_BILL:2026-05-28:0|RUNNING_BILL:2026-08-10:0
ESK-2286,DIST_104,204,Work 1287: DRINKING_WATER Project at Location 1286,Synthetic work description for demo data import,DRINKING_WATER,2779436,2640464,2779436,2025-05-16,2025-06-05,2026-09-05,COMPLETED,100,true,Rural Development Agency (DRDA),Location 1286,28.561840,77.368660,false,false,MOBILISATION_ADVANCE:2025-07-13:416915|RUNNING_BILL:2025-11-01:648535|RUNNING_BILL:2026-01-18:648535|RUNNING_BILL:2026-04-14:648535|FINAL_BILL:2026-06-28:277944
ESK-2287,DIST_104,201,Work 1288: DRINKING_WATER Project at Location 1287,Synthetic work description for demo data import,DRINKING_WATER,131930,63195,73017,2025-02-19,2025-04-01,,IN_PROGRESS,47,false,Public Works Department (PWD),Location 1287,28.678002,77.329839,true,false,MOBILISATION_ADVANCE:2025-05-11:19790|RUNNING_BILL:2025-08-15:43405
ESK-2288,DIST_104,201,Work 1289: SANITATION Project at Location 1288,Synthetic work description for demo data import,SANITATION,1784994,1695745,1784994,2025-03-22,2025-04-12,2026-04-21,COMPLETED,100,false,Irrigation & Flood Control Dept,Location 1288,28.718087,77.239902,false,true,MOBILISATION_ADVANCE:2025-05-10:267749|RUNNING_BILL:2025-08-23:416499|RUNNING_BILL:2025-11-17:416499|RUNNING_BILL:2026-02-05:416499|FINAL_BILL:2026-04-21:178499
ESK-2289,DIST_103,202,Work 1290: SANITATION Project at Location 1289,Synthetic work description for demo data import,SANITATION,951006,0,0,2026-08-19,,,CANCELLED,0,false,Municipal Corporation,Location 1289,28.623604,77.274008,false,false,
ESK-2290,DIST_103,204,Work 1291: HEALTH Project at Location 1290,Synthetic work description for demo data import,HEALTH,1100328,1100328,1100328,2022-12-02,2022-12-16,2023-07-02,COMPLETED,100,true,Public Works Department (PWD),Location 1290,28.715115,77.191844,false,false,MOBILISATION_ADVANCE:2022-12-27:165049|RUNNING_BILL:2023-05-08:385115|RUNNING_BILL:2023-07-20:385115|FINAL_BILL:2023-10-03:110033|RETENTION_RELEASE:2024-03-31:55016
ESK-2291,DIST_103,204,Work 1292: DRINKING_WATER Project at Location 1291,Synthetic work description for demo data import,DRINKING_WATER,1966529,1478830,50855,2025-03-02,2025-04-06,,IN_PROGRESS,86,false,Public Works Department (PWD),Location 1291,28.706217,77.340355,false,false,MOBILISATION_ADVANCE:2025-05-03:294979|RUNNING_BILL:2025-08-15:394617|RUNNING_BILL:2025-11-10:394617|RUNNING_BILL:2026-01-25:394617
ESK-2292,DIST_102,204,Work 1293: SANITATION Project at Location 1292,Synthetic work description for demo data import,SANITATION,1495896,1495897,1495896,2024-12-11,2025-01-01,2025-08-09,COMPLETED,100,false,Municipal Corporation,Location 1292,28.549509,77.366491,true,false,MOBILISATION_ADVANCE:2025-02-06:224384|RUNNING_BILL:2025-05-13:523564|RUNNING_BILL:2025-07-16:523564|FINAL_BILL:2025-09-29:149590|RETENTION_RELEASE:2026-03-28:74795
ESK-2293,DIST_102,202,Work 1294: HEALTH Project at Location 1293,Synthetic work description for demo data import,HEALTH,4502476,2944619,591939,2023-06-18,2023-06-30,,IN_PROGRESS,72,false,Municipal Corporation,Location 1293,28.670992,77.319244,false,false,MOBILISATION_ADVANCE:2023-08-07:675371|RUNNING_BILL:2023-10-16:756416|RUNNING_BILL:2023-12-05:756416|RUNNING_BILL:2024-02-07:756416
ESK-2294,DIST_102,201,Work 1295: EDUCATION Project at Location 1294,Synthetic work description for demo data import,EDUCATION,2927870,2927870,2927870,2025-01-12,2025-01-23,2026-03-09,COMPLETED,100,true,Public Works Department (PWD),Location 1294,28.748166,77.178065,false,true,MOBILISATION_ADVANCE:2025-03-01:439181|RUNNING_BILL:2025-06-15:1024754|RUNNING_BILL:2025-09-02:1024754|FINAL_BILL:2025-11-16:292787|RETENTION_RELEASE:2026-05-15:146394
ESK-2295,DIST_104,204,Work 1296: ROADS_BRIDGES Project at Location 1295,Synthetic work description for demo data import,ROADS_BRIDGES,2548407,400099,0,2022-11-17,2022-12-28,,ON_HOLD,1,false,Public Works Department (PWD),Location 1295,28.614806,77.318554,true,false,MOBILISATION_ADVANCE:2023-01-16:382261|RUNNING_BILL:2023-04-22:5946|RUNNING_BILL:2023-06-23:5946|RUNNING_BILL:2023-09-08:5946
ESK-2296,DIST_101,203,Work 1297: OTHER Project at Location 1296,Synthetic work description for demo data import,OTHER,2168863,1463982,2168863,2025-11-02,2025-12-10,2026-05-13,COMPLETED,100,false,Rural Development Agency (DRDA),Location 1296,28.744600,77.196770,false,false,MOBILISATION_ADVANCE:2026-01-18:325329|RUNNING_BILL:2026-04-17:379551|RUNNING_BILL:2026-06-23:379551|RUNNING_BILL:2026-09-01:379551
ESK-2297,DIST_103,201,Work 1298: HEALTH Project at Location 1297,Synthetic work description for demo data import,HEALTH,977841,584749,819927,2023-03-16,2023-04-28,,IN_PROGRESS,64,false,Rural Development Agency (DRDA),Location 1297,28.518388,77.242845,false,false,MOBILISATION_ADVANCE:2023-05-08:146676|RUNNING_BILL:2023-09-06:438073
ESK-2298,DIST_101,203,Work 1299: HEALTH Project at Location 1298,Synthetic work description for demo data import,HEALTH,243524,36529,243524,2023-08-30,2023-09-27,2024-03-13,COMPLETED,100,true,Public Works Department (PWD),Location 1298,28.736007,77.166157,false,false,MOBILISATION_ADVANCE:2023-11-01:36529
ESK-2299,DIST_103,203,Work 1300: OTHER Project at Location 1299,Synthetic work description for demo data import,OTHER,4879799,731970,0,2025-12-08,2026-01-07,,NOT_STARTED,0,false,Municipal Corporation,Location 1299,28.524155,77.347043,false,false,MOBILISATION_ADVANCE:2026-01-20:731970|RUNNING_BILL:2026-05-15:0|RUNNING_BILL:2026-07-14:0
ESK-2300,DIST_103,204,Work 1301: SANITATION Project at Location 1300,Synthetic work description for demo data import,SANITATION,1445379,267395,909930,2024-06-21,2024-07-28,,IN_PROGRESS,5,false,Municipal Corporation,Location 1300,28.645031,77.285540,true,false,MOBILISATION_ADVANCE:2024-09-07:216807|RUNNING_BILL:2024-11-19:25294|RUNNING_BILL:2025-01-18:25294
ESK-2301,DIST_102,203,Work 1302: EDUCATION Project at Location 1301,Synthetic work description for demo data import,EDUCATION,2037660,2037660,2037660,2023-04-18,2023-05-03,2025-01-08,COMPLETED,100,false,Public Works Department (PWD),Location 1301,28.747075,77.172300,false,false,MOBILISATION_ADVANCE:2023-05-24:305649|RUNNING_BILL:2023-09-11:713181|RUNNING_BILL:2023-11-08:713181|FINAL_BILL:2024-01-22:203766|RETENTION_RELEASE:2024-07-20:101883
ESK-2302,DIST_102,203,Work 1303: ROADS_BRIDGES Project at Location 1302,Synthetic work description for demo data import,ROADS_BRIDGES,3242289,599823,1540600,2026-02-23,2026-04-01,,IN_PROGRESS,10,false,Public Works Department (PWD),Location 1302,28.738655,77.236040,false,false,MOBILISATION_ADVANCE:2026-05-12:486343|RUNNING_BILL:2026-07-18:113480
ESK-2303,DIST_104,204,Work 1304: EDUCATION Project at Location 1303,Synthetic work description for demo data import,EDUCATION,1300588,0,0,2024-01-12,2024-02-27,,ON_HOLD,32,false,Rural Development Agency (DRDA),Location 1303,28.633472,77.392971,false,false,
ESK-2304,DIST_104,203,Work 1305: ROADS_BRIDGES Project at Location 1304,Synthetic work description for demo data import,ROADS_BRIDGES,1549420,232413,1549420,2024-03-10,2024-04-26,2025-08-31,COMPLETED,100,false,Municipal Corporation,Location 1304,28.642159,77.199662,false,false,MOBILISATION_ADVANCE:2024-05-25:232413
ESK-2305,DIST_102,202,Work 1306: HEALTH Project at Location 1305,Synthetic work description for demo data import,HEALTH,2740920,2603874,2740920,2025-07-27,2025-08-18,2026-02-09,COMPLETED,100,false,Public Works Department (PWD),Location 1305,28.501788,77.399410,false,false,MOBILISATION_ADVANCE:2025-08-30:411138|RUNNING_BILL:2026-01-06:959322|RUNNING_BILL:2026-03-03:959322|FINAL_BILL:2026-05-17:274092
ESK-2306,DIST_101,203,Work 1307: HEALTH Project at Location 1306,Synthetic work description for demo data import,HEALTH,2950197,442530,2950197,2023-06-28,2023-08-02,2025-05-04,COMPLETED,100,true,Public Works Department (PWD),Location 1306,28.560152,77.344282,false,false,MOBILISATION_ADVANCE:2023-08-29:442530
ESK-2307,DIST_104,203,Work 1308: ROADS_BRIDGES Project at Location 1307,Synthetic work description for demo data import,ROADS_BRIDGES,3719746,0,1347045,2024-05-21,2024-06-16,,IN_PROGRESS,46,false,Public Works Department (PWD),Location 1307,28.514219,77.213471,false,false,
ESK-2308,DIST_102,202,Work 1309: DRINKING_WATER Project at Location 1308,Synthetic work description for demo data import,DRINKING_WATER,1146509,1146509,1146509,2024-01-22,2024-02-23,2025-12-24,COMPLETED,100,false,Irrigation & Flood Control Dept,Location 1308,28.679250,77.372844,false,false,MOBILISATION_ADVANCE:2024-04-04:171976|RUNNING_BILL:2024-06-14:267519|RUNNING_BILL:2024-08-16:267519|RUNNING_BILL:2024-11-14:267519|FINAL_BILL:2025-01-28:114651|RETENTION_RELEASE:2025-07-27:57325
ESK-2309,DIST_103,203,Work 1310: OTHER Project at Location 1309,Synthetic work description for demo data import,OTHER,131792,125201,131792,2025-07-15,2025-09-03,2026-09-05,COMPLETED,100,true,Rural Development Agency (DRDA),Location 1309,28.641833,77.353043,false,false,MOBILISATION_ADVANCE:2025-10-06:19769|RUNNING_BILL:2026-01-08:30751|RUNNING_BILL:2026-03-25:30751|RUNNING_BILL:2026-05-30:30751|FINAL_BILL:2026-08-13:13179
ESK-2310,DIST_104,202,Work 1311: HEALTH Project at Location 1310,Synthetic work description for demo data import,HEALTH,1019051,152858,1019051,2026-04-24,2026-06-02,2026-09-05,COMPLETED,100,false,Municipal Corporation,Location 1310,28.670701,77.399476,false,false,MOBILISATION_ADVANCE:2026-06-22:152858
ESK-2311,DIST_101,202,Work 1312: DRINKING_WATER Project at Location 1311,Synthetic work description for demo data import,DRINKING_WATER,2649202,2516742,2649202,2025-10-09,2025-10-27,2026-09-05,COMPLETED,100,true,Rural Development Agency (DRDA),Location 1311,28.615349,77.248590,false,false,MOBILISATION_ADVANCE:2025-12-05:397380|RUNNING_BILL:2026-03-20:927221|RUNNING_BILL:2026-05-20:927221|FINAL_BILL:2026-08-03:264920
ESK-2312,DIST_104,204,Work 1313: EDUCATION Project at Location 1312,Synthetic work description for demo data import,EDUCATION,2796189,2796188,2796189,2022-08-15,2022-08-26,2024-01-22,COMPLETED,100,true,Rural Development Agency (DRDA),Location 1312,28.629366,77.258204,false,false,MOBILISATION_ADVANCE:2022-09-09:419428|RUNNING_BILL:2022-12-24:652444|RUNNING_BILL:2023-03-14:652444|RUNNING_BILL:2023-05-07:652444|FINAL_BILL:2023-07-21:279619|RETENTION_RELEASE:2024-01-17:139809
ESK-2313,DIST_104,203,Work 1314: ROADS_BRIDGES Project at Location 1313,Synthetic work description for demo data import,ROADS_BRIDGES,3116061,0,3116061,2023-12-15,2024-01-30,2024-06-15,COMPLETED,100,true,Municipal Corporation,Location 1313,28.613034,77.173273,false,false,
ESK-2314,DIST_104,204,Work 1315: SANITATION Project at Location 1314,Synthetic work description for demo data import,SANITATION,300593,131359,14885,2023-05-19,2023-06-17,,IN_PROGRESS,41,false,Municipal Corporation,Location 1314,28.743552,77.291334,false,false,MOBILISATION_ADVANCE:2023-07-10:45089|RUNNING_BILL:2023-10-01:86270
ESK-2315,DIST_103,204,Work 1316: DRINKING_WATER Project at Location 1315,Synthetic work description for demo data import,DRINKING_WATER,2511747,2511746,2511747,2023-09-17,2023-10-08,2025-04-27,COMPLETED,100,true,Rural Development Agency (DRDA),Location 1315,28.681508,77.245165,false,false,MOBILISATION_ADVANCE:2023-10-23:376762|RUNNING_BILL:2024-02-04:586074|RUNNING_BILL:2024-03-27:586074|RUNNING_BILL:2024-05-31:586074|FINAL_BILL:2024-08-14:251175|RETENTION_RELEASE:2025-02-10:125587
ESK-2316,DIST_103,202,Work 1317: EDUCATION Project at Location 1316,Synthetic work description for demo data import,EDUCATION,2450827,2450828,2450827,2023-12-02,2024-01-17,2025-06-15,COMPLETED,100,true,Public Works Department (PWD),Location 1316,28.606512,77.378007,false,true,MOBILISATION_ADVANCE:2024-02-03:367624|RUNNING_BILL:2024-05-08:428895|RUNNING_BILL:2024-07-09:428895|RUNNING_BILL:2024-10-07:428895|RUNNING_BILL:2024-11-24:428895|FINAL_BILL:2025-02-07:245083|RETENTION_RELEASE:2025-08-06:122541
ESK-2317,DIST_102,201,Work 1318: EDUCATION Project at Location 1317,Synthetic work description for demo data import,EDUCATION,3066024,3066023,3066024,2023-03-15,2023-04-21,2024-05-22,COMPLETED,100,true,Irrigation & Flood Control Dept,Location 1317,28.560181,77.258772,false,false,MOBILISATION_ADVANCE:2023-05-16:459904|RUNNING_BILL:2023-08-13:1073108|RUNNING_BILL:2023-10-31:1073108|FINAL_BILL:2024-01-14:306602|RETENTION_RELEASE:2024-07-12:153301
ESK-2318,DIST_101,204,Work 1319: DRINKING_WATER Project at Location 1318,Synthetic work description for demo data import,DRINKING_WATER,565900,537605,565900,2025-06-23,2025-07-24,2026-06-24,COMPLETED,100,false,Irrigation & Flood Control Dept,Location 1318,28.608528,77.222737,false,false,MOBILISATION_ADVANCE:2025-08-07:84885|RUNNING_BILL:2025-11-26:198065|RUNNING_BILL:2026-02-08:198065|FINAL_BILL:2026-04-24:56590
ESK-2319,DIST_101,204,Work 1320: HEALTH Project at Location 1319,Synthetic work description for demo data import,HEALTH,1576135,457078,978328,2025-11-22,2025-12-23,,IN_PROGRESS,20,false,Irrigation & Flood Control Dept,Location 1319,28.613686,77.226253,false,false,MOBILISATION_ADVANCE:2026-01-12:236420|RUNNING_BILL:2026-05-03:110329|RUNNING_BILL:2026-07-02:110329
ESK-2320,DIST_101,201,Work 1321: OTHER Project at Location 1320,Synthetic work description for demo data import,OTHER,396413,59462,0,2025-08-03,2025-08-30,,NOT_STARTED,0,false,Rural Development Agency (DRDA),Location 1320,28.534012,77.302603,false,false,MOBILISATION_ADVANCE:2025-10-14:59462
ESK-2321,DIST_102,204,Work 1322: ROADS_BRIDGES Project at Location 1321,Synthetic work description for demo data import,ROADS_BRIDGES,3065270,459791,2923126,2025-01-24,2025-02-17,,IN_PROGRESS,28,false,Irrigation & Flood Control Dept,Location 1321,28.611765,77.153979,true,false,MOBILISATION_ADVANCE:2025-03-21:459791
ESK-2322,DIST_104,201,Work 1323: HEALTH Project at Location 1322,Synthetic work description for demo data import,HEALTH,3132904,0,697804,2025-06-18,2025-08-05,,IN_PROGRESS,56,false,Rural Development Agency (DRDA),Location 1322,28.697718,77.195572,false,false,
ESK-2323,DIST_102,201,Work 1324: EDUCATION Project at Location 1323,Synthetic work description for demo data import,EDUCATION,764939,0,0,2025-02-19,2025-04-07,,NOT_STARTED,0,false,Irrigation & Flood Control Dept,Location 1323,28.678387,77.246967,true,false,
ESK-2324,DIST_103,201,Work 1325: ROADS_BRIDGES Project at Location 1324,Synthetic work description for demo data import,ROADS_BRIDGES,2585218,0,304052,2025-03-29,2025-05-13,,IN_PROGRESS,31,false,Irrigation & Flood Control Dept,Location 1324,28.511991,77.246517,false,false,
ESK-2325,DIST_104,204,Work 1326: HEALTH Project at Location 1325,Synthetic work description for demo data import,HEALTH,4514792,3173900,0,2023-06-04,2023-07-01,,ON_HOLD,79,false,Municipal Corporation,Location 1325,28.732198,77.291640,false,false,MOBILISATION_ADVANCE:2023-07-28:677219|RUNNING_BILL:2023-11-26:832227|RUNNING_BILL:2024-02-19:832227|RUNNING_BILL:2024-05-04:832227
ESK-2326,DIST_104,203,Work 1327: ROADS_BRIDGES Project at Location 1326,Synthetic work description for demo data import,ROADS_BRIDGES,1736123,260418,1736123,2026-05-28,2026-07-03,2026-09-05,COMPLETED,100,false,Public Works Department (PWD),Location 1326,28.547719,77.213745,false,false,MOBILISATION_ADVANCE:2026-08-17:260418
ESK-2327,DIST_102,204,Work 1328: ROADS_BRIDGES Project at Location 1327,Synthetic work description for demo data import,ROADS_BRIDGES,707083,482230,332671,2024-09-26,2024-10-25,,IN_PROGRESS,76,false,Municipal Corporation,Location 1327,28.688077,77.243733,false,false,MOBILISATION_ADVANCE:2024-11-07:106062|RUNNING_BILL:2025-03-23:376168
ESK-2328,DIST_103,201,Work 1329: EDUCATION Project at Location 1328,Synthetic work description for demo data import,EDUCATION,1534386,0,0,2026-08-30,,,NOT_STARTED,0,false,Irrigation & Flood Control Dept,Location 1328,28.540479,77.174912,false,false,
ESK-2329,DIST_104,203,Work 1330: EDUCATION Project at Location 1329,Synthetic work description for demo data import,EDUCATION,243109,36466,243109,2025-11-29,2025-12-30,2026-07-31,COMPLETED,100,true,Public Works Department (PWD),Location 1329,28.637688,77.317481,false,false,MOBILISATION_ADVANCE:2026-01-17:36466
ESK-2330,DIST_104,202,Work 1331: SANITATION Project at Location 1330,Synthetic work description for demo data import,SANITATION,2647892,0,1465939,2023-05-23,2023-05-31,,IN_PROGRESS,48,false,Rural Development Agency (DRDA),Location 1330,28.515888,77.160245,false,false,
ESK-2331,DIST_103,204,Work 1332: SANITATION Project at Location 1331,Synthetic work description for demo data import,SANITATION,630473,630474,630473,2025-04-01,2025-05-20,2026-09-05,COMPLETED,100,true,Municipal Corporation,Location 1331,28.570418,77.188839,false,false,MOBILISATION_ADVANCE:2025-06-12:94571|RUNNING_BILL:2025-09-03:220666|RUNNING_BILL:2025-10-22:220666|FINAL_BILL:2026-01-05:63047|RETENTION_RELEASE:2026-07-04:31524
ESK-2332,DIST_101,204,Work 1333: DRINKING_WATER Project at Location 1332,Synthetic work description for demo data import,DRINKING_WATER,854536,128180,854536,2025-01-11,2025-02-07,2025-06-11,COMPLETED,100,false,Municipal Corporation,Location 1332,28.622884,77.187050,true,false,MOBILISATION_ADVANCE:2025-03-11:128180
ESK-2333,DIST_103,204,Work 1334: SANITATION Project at Location 1333,Synthetic work description for demo data import,SANITATION,1462859,0,201841,2025-08-15,2025-09-25,,IN_PROGRESS,32,false,Public Works Department (PWD),Location 1333,28.703741,77.250220,false,false,
ESK-2334,DIST_104,204,Work 1335: EDUCATION Project at Location 1334,Synthetic work description for demo data import,EDUCATION,1117964,167695,1117964,2026-01-06,2026-01-13,2026-07-25,COMPLETED,100,true,Irrigation & Flood Control Dept,Location 1334,28.662548,77.323290,false,false,MOBILISATION_ADVANCE:2026-01-28:167695
ESK-2335,DIST_104,204,Work 1336: OTHER Project at Location 1335,Synthetic work description for demo data import,OTHER,1120651,1120652,1120651,2024-08-14,2024-08-19,2025-03-21,COMPLETED,100,false,Public Works Department (PWD),Location 1335,28.611477,77.388472,false,true,MOBILISATION_ADVANCE:2024-09-16:168098|RUNNING_BILL:2024-12-08:196114|RUNNING_BILL:2025-01-24:196114|RUNNING_BILL:2025-04-23:196114|RUNNING_BILL:2025-06-14:196114|FINAL_BILL:2025-08-28:112065|RETENTION_RELEASE:2026-02-24:56033
ESK-2336,DIST_102,203,Work 1337: OTHER Project at Location 1336,Synthetic work description for demo data import,OTHER,827235,413617,827235,2026-01-29,2026-03-16,2026-09-05,COMPLETED,100,true,Rural Development Agency (DRDA),Location 1336,28.734824,77.274699,false,false,MOBILISATION_ADVANCE:2026-04-27:124085|RUNNING_BILL:2026-07-08:144766|RUNNING_BILL:2026-09-02:144766
ESK-2337,DIST_104,201,Work 1338: ROADS_BRIDGES Project at Location 1337,Synthetic work description for demo data import,ROADS_BRIDGES,3759905,2669533,973956,2025-04-17,2025-06-02,,IN_PROGRESS,80,false,Irrigation & Flood Control Dept,Location 1337,28.692765,77.352688,false,false,MOBILISATION_ADVANCE:2025-06-29:563986|RUNNING_BILL:2025-09-18:701849|RUNNING_BILL:2025-11-29:701849|RUNNING_BILL:2026-01-27:701849
ESK-2338,DIST_102,201,Work 1339: SANITATION Project at Location 1338,Synthetic work description for demo data import,SANITATION,1573176,0,0,2026-07-07,,,NOT_STARTED,0,false,Public Works Department (PWD),Location 1338,28.648864,77.199650,false,false,
ESK-2339,DIST_103,202,Work 1340: DRINKING_WATER Project at Location 1339,Synthetic work description for demo data import,DRINKING_WATER,433782,174381,0,2025-10-23,2025-11-29,,ON_HOLD,36,false,Municipal Corporation,Location 1339,28.519059,77.283220,true,false,MOBILISATION_ADVANCE:2025-12-24:65067|RUNNING_BILL:2026-04-05:36438|RUNNING_BILL:2026-06-27:36438|RUNNING_BILL:2026-08-30:36438
ESK-2340,DIST_104,204,Work 1341: HEALTH Project at Location 1340,Synthetic work description for demo data import,HEALTH,2868070,430211,0,2024-01-11,2024-01-20,,ON_HOLD,83,false,Irrigation & Flood Control Dept,Location 1340,28.549682,77.198162,false,false,MOBILISATION_ADVANCE:2024-02-09:430211
ESK-2341,DIST_104,201,Work 1342: DRINKING_WATER Project at Location 1341,Synthetic work description for demo data import,DRINKING_WATER,2625959,2494662,2625959,2024-11-25,2025-01-10,2026-02-05,COMPLETED,100,false,Rural Development Agency (DRDA),Location 1341,28.548307,77.173329,false,false,MOBILISATION_ADVANCE:2025-02-18:393894|RUNNING_BILL:2025-06-08:459543|RUNNING_BILL:2025-08-16:459543|RUNNING_BILL:2025-11-03:459543|RUNNING_BILL:2026-01-14:459543|FINAL_BILL:2026-03-30:262596
ESK-2342,DIST_104,203,Work 1343: ROADS_BRIDGES Project at Location 1342,Synthetic work description for demo data import,ROADS_BRIDGES,1963989,0,1963989,2026-03-01,2026-03-21,2026-09-05,COMPLETED,100,true,Public Works Department (PWD),Location 1342,28.579623,77.328098,true,false,
ESK-2343,DIST_101,204,Work 1344: HEALTH Project at Location 1343,Synthetic work description for demo data import,HEALTH,1606975,241046,1606975,2026-04-17,2026-05-12,2026-09-05,COMPLETED,100,false,Municipal Corporation,Location 1343,28.714232,77.182009,false,false,MOBILISATION_ADVANCE:2026-05-24:241046
ESK-2344,DIST_103,202,Work 1345: SANITATION Project at Location 1344,Synthetic work description for demo data import,SANITATION,2245905,2245906,2245905,2024-07-07,2024-08-25,2026-01-10,COMPLETED,100,true,Irrigation & Flood Control Dept,Location 1344,28.628903,77.278893,false,false,MOBILISATION_ADVANCE:2024-09-28:336886|RUNNING_BILL:2024-12-10:786067|RUNNING_BILL:2025-03-01:786067|FINAL_BILL:2025-05-15:224591|RETENTION_RELEASE:2025-11-11:112295
ESK-2345,DIST_101,202,Work 1346: ROADS_BRIDGES Project at Location 1345,Synthetic work description for demo data import,ROADS_BRIDGES,872803,130920,872803,2024-11-12,2024-12-05,2025-09-30,COMPLETED,100,false,Municipal Corporation,Location 1345,28.671589,77.307737,true,false,MOBILISATION_ADVANCE:2025-01-04:130920
ESK-2346,DIST_104,201,Work 1347: OTHER Project at Location 1346,Synthetic work description for demo data import,OTHER,321921,48288,155993,2023-03-22,2023-04-21,,IN_PROGRESS,36,false,Rural Development Agency (DRDA),Location 1346,28.595148,77.184115,false,false,MOBILISATION_ADVANCE:2023-05-02:48288
ESK-2347,DIST_101,204,Work 1348: ROADS_BRIDGES Project at Location 1347,Synthetic work description for demo data import,ROADS_BRIDGES,3678415,551762,0,2023-05-21,2023-07-05,,NOT_STARTED,0,false,Irrigation & Flood Control Dept,Location 1347,28.656428,77.258022,false,true,MOBILISATION_ADVANCE:2023-07-21:551762|RUNNING_BILL:2023-10-18:0|RUNNING_BILL:2024-01-10:0
ESK-2348,DIST_101,202,Work 1349: ROADS_BRIDGES Project at Location 1348,Synthetic work description for demo data import,ROADS_BRIDGES,116844,0,0,2026-07-03,,,NOT_STARTED,0,false,Irrigation & Flood Control Dept,Location 1348,28.647033,77.173639,false,false,
ESK-2349,DIST_103,202,Work 1350: ROADS_BRIDGES Project at Location 1349,Synthetic work description for demo data import,ROADS_BRIDGES,953281,216395,573563,2025-09-08,2025-09-29,,IN_PROGRESS,11,false,Municipal Corporation,Location 1349,28.570742,77.339798,false,false,MOBILISATION_ADVANCE:2025-11-04:142992|RUNNING_BILL:2026-02-15:73403
ESK-2350,DIST_102,201,Work 1351: DRINKING_WATER Project at Location 1350,Synthetic work description for demo data import,DRINKING_WATER,1884257,1884258,1884257,2023-10-27,2023-12-03,2025-08-29,COMPLETED,100,true,Municipal Corporation,Location 1350,28.657606,77.236366,false,false,MOBILISATION_ADVANCE:2023-12-27:282639|RUNNING_BILL:2024-04-26:659490|RUNNING_BILL:2024-07-06:659490|FINAL_BILL:2024-09-19:188426|RETENTION_RELEASE:2025-03-18:94213
ESK-2351,DIST_101,202,Work 1352: ROADS_BRIDGES Project at Location 1351,Synthetic work description for demo data import,ROADS_BRIDGES,854174,854172,854174,2024-04-22,2024-06-05,2025-04-19,COMPLETED,100,false,Irrigation & Flood Control Dept,Location 1351,28.570820,77.248393,false,false,MOBILISATION_ADVANCE:2024-07-17:128126|RUNNING_BILL:2024-10-11:149480|RUNNING_BILL:2025-01-04:149480|RUNNING_BILL:2025-03-24:149480|RUNNING_BILL:2025-05-20:149480|FINAL_BILL:2025-08-03:85417|RETENTION_RELEASE:2026-01-30:42709
ESK-2352,DIST_101,204,Work 1353: OTHER Project at Location 1352,Synthetic work description for demo data import,OTHER,1735296,296735,1724217,2023-07-09,2023-07-14,,IN_PROGRESS,3,false,Irrigation & Flood Control Dept,Location 1352,28.647529,77.261395,false,false,MOBILISATION_ADVANCE:2023-08-15:260294|RUNNING_BILL:2023-11-25:12147|RUNNING_BILL:2024-02-09:12147|RUNNING_BILL:2024-04-22:12147
ESK-2353,DIST_103,203,Work 1354: OTHER Project at Location 1353,Synthetic work description for demo data import,OTHER,1566816,235022,1566816,2023-02-21,2023-03-16,2024-09-06,COMPLETED,100,true,Municipal Corporation,Location 1353,28.696611,77.291756,false,false,MOBILISATION_ADVANCE:2023-03-29:235022
ESK-2354,DIST_104,203,Work 1355: DRINKING_WATER Project at Location 1354,Synthetic work description for demo data import,DRINKING_WATER,583015,87452,583015,2026-06-01,2026-06-10,2026-09-05,COMPLETED,100,true,Irrigation & Flood Control Dept,Location 1354,28.536150,77.212508,true,false,MOBILISATION_ADVANCE:2026-07-19:87452
ESK-2355,DIST_103,203,Work 1356: ROADS_BRIDGES Project at Location 1355,Synthetic work description for demo data import,ROADS_BRIDGES,2040541,2040540,2040541,2023-02-12,2023-03-28,2024-08-27,COMPLETED,100,true,Rural Development Agency (DRDA),Location 1355,28.632203,77.281626,false,false,MOBILISATION_ADVANCE:2023-04-07:306081|RUNNING_BILL:2023-08-24:714189|RUNNING_BILL:2023-10-22:714189|FINAL_BILL:2024-01-05:204054|RETENTION_RELEASE:2024-07-03:102027
ESK-2356,DIST_104,201,Work 1357: HEALTH Project at Location 1356,Synthetic work description for demo data import,HEALTH,2954520,443178,2954520,2025-10-23,2025-11-23,2026-09-05,COMPLETED,100,true,Municipal Corporation,Location 1356,28.735428,77.171388,false,false,MOBILISATION_ADVANCE:2026-01-05:443178
ESK-2357,DIST_103,202,Work 1358: SANITATION Project at Location 1357,Synthetic work description for demo data import,SANITATION,1473930,262360,527717,2025-11-25,2025-12-18,,IN_PROGRESS,4,false,Public Works Department (PWD),Location 1357,28.692251,77.309504,true,false,MOBILISATION_ADVANCE:2026-01-14:221090|RUNNING_BILL:2026-04-10:41270
ESK-2358,DIST_102,204,Work 1359: OTHER Project at Location 1358,Synthetic work description for demo data import,OTHER,2957129,443569,2957129,2024-02-17,2024-02-27,2025-09-11,COMPLETED,100,false,Irrigation & Flood Control Dept,Location 1358,28.612332,77.275166,false,false,MOBILISATION_ADVANCE:2024-03-19:443569
ESK-2359,DIST_102,202,Work 1360: EDUCATION Project at Location 1359,Synthetic work description for demo data import,EDUCATION,2705749,0,1441800,2024-06-29,2024-07-23,,IN_PROGRESS,79,false,Public Works Department (PWD),Location 1359,28.669915,77.351467,false,true,
ESK-2360,DIST_103,202,Work 1361: OTHER Project at Location 1360,Synthetic work description for demo data import,OTHER,2175351,326303,2175351,2026-03-16,2026-03-23,2026-09-05,COMPLETED,100,true,Irrigation & Flood Control Dept,Location 1360,28.619760,77.393232,false,false,MOBILISATION_ADVANCE:2026-04-27:326303
ESK-2361,DIST_101,204,Work 1362: EDUCATION Project at Location 1361,Synthetic work description for demo data import,EDUCATION,2870654,430598,2870654,2022-09-12,2022-10-28,2024-05-09,COMPLETED,100,true,Rural Development Agency (DRDA),Location 1361,28.601903,77.178869,false,false,MOBILISATION_ADVANCE:2022-11-30:430598
ESK-2362,DIST_103,202,Work 1363: OTHER Project at Location 1362,Synthetic work description for demo data import,OTHER,510235,314645,510235,2025-12-18,2026-01-17,2026-09-05,COMPLETED,100,true,Irrigation & Flood Control Dept,Location 1362,28.653294,77.399988,false,false,MOBILISATION_ADVANCE:2026-02-01:76535|RUNNING_BILL:2026-06-02:119055|RUNNING_BILL:2026-08-14:119055
ESK-2363,DIST_103,201,Work 1364: OTHER Project at Location 1363,Synthetic work description for demo data import,OTHER,678012,678012,678012,2024-12-11,2025-01-18,2026-04-11,COMPLETED,100,true,Municipal Corporation,Location 1363,28.503626,77.160722,false,false,MOBILISATION_ADVANCE:2025-01-31:101702|RUNNING_BILL:2025-05-25:118652|RUNNING_BILL:2025-07-21:118652|RUNNING_BILL:2025-09-23:118652|RUNNING_BILL:2025-11-12:118652|FINAL_BILL:2026-01-26:67801|RETENTION_RELEASE:2026-07-25:33901
ESK-2364,DIST_101,201,Work 1365: ROADS_BRIDGES Project at Location 1364,Synthetic work description for demo data import,ROADS_BRIDGES,2911744,2474982,2911744,2025-06-17,2025-07-27,2026-09-05,COMPLETED,100,true,Irrigation & Flood Control Dept,Location 1364,28.694235,77.326363,false,false,MOBILISATION_ADVANCE:2025-08-28:436762|RUNNING_BILL:2025-12-16:509555|RUNNING_BILL:2026-02-12:509555|RUNNING_BILL:2026-04-12:509555|RUNNING_BILL:2026-06-23:509555
ESK-2365,DIST_101,204,Work 1366: HEALTH Project at Location 1365,Synthetic work description for demo data import,HEALTH,209044,144031,191430,2024-04-08,2024-05-24,,IN_PROGRESS,77,false,Municipal Corporation,Location 1365,28.686026,77.152920,false,false,MOBILISATION_ADVANCE:2024-06-08:31357|RUNNING_BILL:2024-09-14:37558|RUNNING_BILL:2024-12-07:37558|RUNNING_BILL:2025-02-15:37558
ESK-2366,DIST_104,202,Work 1367: EDUCATION Project at Location 1366,Synthetic work description for demo data import,EDUCATION,3590587,538588,0,2026-01-21,2026-03-01,,NOT_STARTED,0,false,Public Works Department (PWD),Location 1366,28.668651,77.174889,false,false,MOBILISATION_ADVANCE:2026-03-30:538588|RUNNING_BILL:2026-07-03:0
ESK-2367,DIST_102,203,Work 1368: HEALTH Project at Location 1367,Synthetic work description for demo data import,HEALTH,3198082,636418,1440130,2023-07-28,2023-09-11,,IN_PROGRESS,7,false,Rural Development Agency (DRDA),Location 1367,28.730605,77.215004,false,false,MOBILISATION_ADVANCE:2023-10-01:479712|RUNNING_BILL:2024-01-17:156706
ESK-2368,DIST_103,203,Work 1369: OTHER Project at Location 1368,Synthetic work description for demo data import,OTHER,1051836,0,1051836,2025-08-21,2025-09-10,2026-08-31,COMPLETED,100,true,Rural Development Agency (DRDA),Location 1368,28.702626,77.359727,false,false,
ESK-2369,DIST_104,204,Work 1370: DRINKING_WATER Project at Location 1369,Synthetic work description for demo data import,DRINKING_WATER,1784876,1784876,1784876,2024-02-11,2024-04-01,2025-10-06,COMPLETED,100,false,Municipal Corporation,Location 1369,28.683217,77.249099,false,false,MOBILISATION_ADVANCE:2024-05-15:267731|RUNNING_BILL:2024-08-05:416471|RUNNING_BILL:2024-10-31:416471|RUNNING_BILL:2025-01-24:416471|FINAL_BILL:2025-04-09:178488|RETENTION_RELEASE:2025-10-06:89244
ESK-2370,DIST_102,201,Work 1371: DRINKING_WATER Project at Location 1370,Synthetic work description for demo data import,DRINKING_WATER,1349687,1349686,1349687,2024-11-08,2024-12-10,2025-09-09,COMPLETED,100,true,Rural Development Agency (DRDA),Location 1370,28.729516,77.365770,false,false,MOBILISATION_ADVANCE:2024-12-24:202453|RUNNING_BILL:2025-04-28:472390|RUNNING_BILL:2025-06-26:472390|FINAL_BILL:2025-09-09:134969|RETENTION_RELEASE:2026-03-08:67484
ESK-2371,DIST_102,203,Work 1372: HEALTH Project at Location 1371,Synthetic work description for demo data import,HEALTH,1347390,202109,1347390,2026-04-20,2026-05-30,2026-09-05,COMPLETED,100,true,Rural Development Agency (DRDA),Location 1371,28.577368,77.270278,false,false,MOBILISATION_ADVANCE:2026-07-13:202109
ESK-2372,DIST_104,201,Work 1373: EDUCATION Project at Location 1372,Synthetic work description for demo data import,EDUCATION,1934649,290197,0,2023-05-27,2023-06-15,,NOT_STARTED,0,false,Municipal Corporation,Location 1372,28.523749,77.268606,false,false,MOBILISATION_ADVANCE:2023-07-02:290197|RUNNING_BILL:2023-10-31:0|RUNNING_BILL:2024-01-10:0
ESK-2373,DIST_104,201,Work 1374: OTHER Project at Location 1373,Synthetic work description for demo data import,OTHER,370362,370362,370362,2024-02-15,2024-02-21,2024-08-11,COMPLETED,100,false,Municipal Corporation,Location 1373,28.745654,77.293379,false,false,MOBILISATION_ADVANCE:2024-03-20:55554|RUNNING_BILL:2024-06-05:86418|RUNNING_BILL:2024-08-16:86418|RUNNING_BILL:2024-09-30:86418|FINAL_BILL:2024-12-14:37036|RETENTION_RELEASE:2025-06-12:18518
ESK-2374,DIST_103,203,Work 1375: EDUCATION Project at Location 1374,Synthetic work description for demo data import,EDUCATION,1205098,1205098,1205098,2022-08-13,2022-09-24,2024-05-07,COMPLETED,100,false,Public Works Department (PWD),Location 1374,28.671131,77.310343,true,false,MOBILISATION_ADVANCE:2022-10-22:180765|RUNNING_BILL:2023-01-23:210892|RUNNING_BILL:2023-04-16:210892|RUNNING_BILL:2023-07-14:210892|RUNNING_BILL:2023-09-24:210892|FINAL_BILL:2023-12-08:120510|RETENTION_RELEASE:2024-06-05:60255
ESK-2375,DIST_103,204,Work 1376: OTHER Project at Location 1375,Synthetic work description for demo data import,OTHER,1013407,769177,821177,2024-02-18,2024-03-04,,IN_PROGRESS,87,false,Irrigation & Flood Control Dept,Location 1375,28.727265,77.391159,false,true,MOBILISATION_ADVANCE:2024-03-20:152011|RUNNING_BILL:2024-07-10:205722|RUNNING_BILL:2024-10-08:205722|RUNNING_BILL:2025-01-02:205722
ESK-2376,DIST_102,201,Work 1377: SANITATION Project at Location 1376,Synthetic work description for demo data import,SANITATION,3398631,1984801,2017263,2023-06-07,2023-07-17,,IN_PROGRESS,62,false,Municipal Corporation,Location 1376,28.607750,77.344706,true,false,MOBILISATION_ADVANCE:2023-08-21:509795|RUNNING_BILL:2023-11-15:1475006
ESK-2377,DIST_103,202,Work 1378: EDUCATION Project at Location 1377,Synthetic work description for demo data import,EDUCATION,3118216,3118217,3118216,2023-11-14,2023-12-13,2025-02-01,COMPLETED,100,true,Rural Development Agency (DRDA),Location 1377,28.746879,77.200196,false,false,MOBILISATION_ADVANCE:2024-01-15:467732|RUNNING_BILL:2024-04-14:1091376|RUNNING_BILL:2024-07-02:1091376|FINAL_BILL:2024-09-15:311822|RETENTION_RELEASE:2025-03-14:155911
ESK-2378,DIST_101,201,Work 1379: ROADS_BRIDGES Project at Location 1378,Synthetic work description for demo data import,ROADS_BRIDGES,427890,0,0,2023-09-27,2023-10-13,,CANCELLED,0,false,Rural Development Agency (DRDA),Location 1378,28.605226,77.312829,false,true,
ESK-2379,DIST_104,201,Work 1380: HEALTH Project at Location 1379,Synthetic work description for demo data import,HEALTH,2436068,2314265,2436068,2025-06-22,2025-07-16,2025-12-23,COMPLETED,100,true,Irrigation & Flood Control Dept,Location 1379,28.692529,77.380502,false,false,MOBILISATION_ADVANCE:2025-08-15:365410|RUNNING_BILL:2025-11-19:568416|RUNNING_BILL:2026-02-12:568416|RUNNING_BILL:2026-04-02:568416|FINAL_BILL:2026-06-16:243607
ESK-2380,DIST_104,204,Work 1381: HEALTH Project at Location 1380,Synthetic work description for demo data import,HEALTH,691114,0,0,2026-07-04,,,NOT_STARTED,0,false,Public Works Department (PWD),Location 1380,28.584719,77.171895,false,false,
ESK-2381,DIST_102,203,Work 1382: OTHER Project at Location 1381,Synthetic work description for demo data import,OTHER,2314768,2314768,2314768,2024-02-15,2024-03-08,2026-01-23,COMPLETED,100,false,Public Works Department (PWD),Location 1381,28.553175,77.179484,false,false,MOBILISATION_ADVANCE:2024-04-08:347215|RUNNING_BILL:2024-07-19:810169|RUNNING_BILL:2024-09-10:810169|FINAL_BILL:2024-11-24:231477|RETENTION_RELEASE:2025-05-23:115738
ESK-2382,DIST_104,203,Work 1383: DRINKING_WATER Project at Location 1382,Synthetic work description for demo data import,DRINKING_WATER,665530,262886,570458,2023-09-06,2023-10-22,,IN_PROGRESS,35,false,Public Works Department (PWD),Location 1382,28.513820,77.324085,false,false,MOBILISATION_ADVANCE:2023-12-02:99830|RUNNING_BILL:2024-02-04:54352|RUNNING_BILL:2024-04-28:54352|RUNNING_BILL:2024-07-03:54352
ESK-2383,DIST_102,202,Work 1384: HEALTH Project at Location 1383,Synthetic work description for demo data import,HEALTH,2909291,2909293,2909291,2024-09-12,2024-09-27,2026-08-08,COMPLETED,100,true,Municipal Corporation,Location 1383,28.570506,77.196427,true,false,MOBILISATION_ADVANCE:2024-10-07:436394|RUNNING_BILL:2025-01-28:678835|RUNNING_BILL:2025-03-16:678835|RUNNING_BILL:2025-05-17:678835|FINAL_BILL:2025-07-31:290929|RETENTION_RELEASE:2026-01-27:145465
ESK-2384,DIST_103,202,Work 1385: SANITATION Project at Location 1384,Synthetic work description for demo data import,SANITATION,946104,898798,946104,2025-03-03,2025-04-19,2025-08-31,COMPLETED,100,false,Rural Development Agency (DRDA),Location 1384,28.618840,77.292517,true,false,MOBILISATION_ADVANCE:2025-04-29:141916|RUNNING_BILL:2025-09-07:165568|RUNNING_BILL:2025-10-29:165568|RUNNING_BILL:2026-01-11:165568|RUNNING_BILL:2026-03-21:165568|FINAL_BILL:2026-06-04:94610
ESK-2385,DIST_102,202,Work 1386: DRINKING_WATER Project at Location 1385,Synthetic work description for demo data import,DRINKING_WATER,1532306,1455691,1532306,2025-07-14,2025-08-18,2026-02-09,COMPLETED,100,true,Municipal Corporation,Location 1385,28.691276,77.338073,false,false,MOBILISATION_ADVANCE:2025-09-12:229846|RUNNING_BILL:2026-01-02:357538|RUNNING_BILL:2026-03-02:357538|RUNNING_BILL:2026-04-20:357538|FINAL_BILL:2026-07-04:153231
ESK-2386,DIST_104,204,Work 1387: SANITATION Project at Location 1386,Synthetic work description for demo data import,SANITATION,700756,700757,700756,2024-03-22,2024-05-01,2024-12-25,COMPLETED,100,true,Municipal Corporation,Location 1386,28.620695,77.270689,false,false,MOBILISATION_ADVANCE:2024-05-16:105113|RUNNING_BILL:2024-09-13:245265|RUNNING_BILL:2024-11-09:245265|FINAL_BILL:2025-01-23:70076|RETENTION_RELEASE:2025-07-22:35038
ESK-2387,DIST_102,204,Work 1388: DRINKING_WATER Project at Location 1387,Synthetic work description for demo data import,DRINKING_WATER,1537810,230672,0,2025-06-03,2025-06-20,,NOT_STARTED,0,false,Rural Development Agency (DRDA),Location 1387,28.726844,77.269345,false,false,MOBILISATION_ADVANCE:2025-07-16:230672|RUNNING_BILL:2025-11-17:0|RUNNING_BILL:2026-01-29:0|RUNNING_BILL:2026-04-05:0
ESK-2388,DIST_104,201,Work 1389: EDUCATION Project at Location 1388,Synthetic work description for demo data import,EDUCATION,991670,991672,991670,2023-06-23,2023-07-02,2024-08-02,COMPLETED,100,true,Irrigation & Flood Control Dept,Location 1388,28.523919,77.297377,false,false,MOBILISATION_ADVANCE:2023-07-16:148751|RUNNING_BILL:2023-11-29:231390|RUNNING_BILL:2024-02-04:231390|RUNNING_BILL:2024-04-19:231390|FINAL_BILL:2024-07-03:99167|RETENTION_RELEASE:2024-12-30:49584
ESK-2389,DIST_102,203,Work 1390: EDUCATION Project at Location 1389,Synthetic work description for demo data import,EDUCATION,265741,265740,265741,2025-01-27,2025-02-08,2026-04-25,COMPLETED,100,true,Rural Development Agency (DRDA),Location 1389,28.718655,77.287541,false,false,MOBILISATION_ADVANCE:2025-02-25:39861|RUNNING_BILL:2025-06-30:93009|RUNNING_BILL:2025-09-27:93009|FINAL_BILL:2025-12-11:26574|RETENTION_RELEASE:2026-06-09:13287
ESK-2390,DIST_104,204,Work 1391: HEALTH Project at Location 1390,Synthetic work description for demo data import,HEALTH,2748247,777754,0,2023-01-29,2023-02-24,,ON_HOLD,19,false,Rural Development Agency (DRDA),Location 1390,28.681667,77.152358,false,false,MOBILISATION_ADVANCE:2023-04-04:412237|RUNNING_BILL:2023-06-10:365517
ESK-2391,DIST_104,203,Work 1392: EDUCATION Project at Location 1391,Synthetic work description for demo data import,EDUCATION,138910,138910,138910,2024-06-02,2024-07-05,2026-02-28,COMPLETED,100,true,Municipal Corporation,Location 1391,28.526833,77.184418,false,false,MOBILISATION_ADVANCE:2024-07-19:20837|RUNNING_BILL:2024-11-06:32412|RUNNING_BILL:2025-01-04:32412|RUNNING_BILL:2025-02-25:32412|FINAL_BILL:2025-05-11:13891|RETENTION_RELEASE:2025-11-07:6946
ESK-2392,DIST_104,204,Work 1393: OTHER Project at Location 1392,Synthetic work description for demo data import,OTHER,3000837,3000837,3000837,2024-01-29,2024-02-14,2024-12-17,COMPLETED,100,true,Rural Development Agency (DRDA),Location 1392,28.689048,77.319562,false,false,MOBILISATION_ADVANCE:2024-03-07:450126|RUNNING_BILL:2024-06-29:700195|RUNNING_BILL:2024-09-05:700195|RUNNING_BILL:2024-11-24:700195|FINAL_BILL:2025-02-07:300084|RETENTION_RELEASE:2025-08-06:150042
ESK-2393,DIST_103,204,Work 1394: EDUCATION Project at Location 1393,Synthetic work description for demo data import,EDUCATION,2517539,2517540,2517539,2025-01-10,2025-02-26,2026-04-30,COMPLETED,100,true,Municipal Corporation,Location 1393,28.744856,77.370484,false,false,MOBILISATION_ADVANCE:2025-03-26:377631|RUNNING_BILL:2025-06-20:587426|RUNNING_BILL:2025-09-07:587426|RUNNING_BILL:2025-11-10:587426|FINAL_BILL:2026-01-24:251754|RETENTION_RELEASE:2026-07-23:125877
ESK-2394,DIST_102,203,Work 1395: HEALTH Project at Location 1394,Synthetic work description for demo data import,HEALTH,1958599,0,1958599,2023-09-23,2023-10-10,2025-05-13,COMPLETED,100,true,Municipal Corporation,Location 1394,28.619258,77.232564,false,false,
ESK-2395,DIST_101,203,Work 1396: DRINKING_WATER Project at Location 1395,Synthetic work description for demo data import,DRINKING_WATER,3455758,0,0,2026-07-08,,,NOT_STARTED,0,false,Irrigation & Flood Control Dept,Location 1395,28.547392,77.254873,false,false,
ESK-2396,DIST_104,202,Work 1397: HEALTH Project at Location 1396,Synthetic work description for demo data import,HEALTH,1701248,1701248,1701248,2023-03-30,2023-04-21,2024-11-13,COMPLETED,100,false,Rural Development Agency (DRDA),Location 1396,28.614325,77.383405,false,false,MOBILISATION_ADVANCE:2023-05-27:255187|RUNNING_BILL:2023-09-07:595437|RUNNING_BILL:2023-10-22:595437|FINAL_BILL:2024-01-05:170125|RETENTION_RELEASE:2024-07-03:85062
ESK-2397,DIST_102,204,Work 1398: HEALTH Project at Location 1397,Synthetic work description for demo data import,HEALTH,2554951,383243,2554951,2024-09-26,2024-10-18,2025-10-25,COMPLETED,100,true,Irrigation & Flood Control Dept,Location 1397,28.586775,77.378269,false,false,MOBILISATION_ADVANCE:2024-11-14:383243
ESK-2398,DIST_101,201,Work 1399: DRINKING_WATER Project at Location 1398,Synthetic work description for demo data import,DRINKING_WATER,1053200,157980,1053200,2022-12-27,2023-01-17,2024-02-02,COMPLETED,100,false,Irrigation & Flood Control Dept,Location 1398,28.670480,77.351800,false,false,MOBILISATION_ADVANCE:2023-02-09:157980
ESK-2399,DIST_102,203,Work 1400: ROADS_BRIDGES Project at Location 1399,Synthetic work description for demo data import,ROADS_BRIDGES,2119496,0,2119496,2026-03-30,2026-04-27,2026-09-05,COMPLETED,100,true,Irrigation & Flood Control Dept,Location 1399,28.638013,77.327369,false,false,
ESK-2400,DIST_102,203,Work 1401: DRINKING_WATER Project at Location 1400,Synthetic work description for demo data import,DRINKING_WATER,1223831,0,1223831,2025-07-19,2025-07-27,2026-09-05,COMPLETED,100,true,Municipal Corporation,Location 1400,28.520085,77.326284,false,false,
ESK-2401,DIST_102,201,Work 1402: DRINKING_WATER Project at Location 1401,Synthetic work description for demo data import,DRINKING_WATER,1637147,1637148,1637147,2023-02-10,2023-03-03,2024-12-27,COMPLETED,100,true,Rural Development Agency (DRDA),Location 1401,28.667300,77.306671,true,false,MOBILISATION_ADVANCE:2023-03-31:245572|RUNNING_BILL:2023-07-27:286501|RUNNING_BILL:2023-10-17:286501|RUNNING_BILL:2023-12-22:286501|RUNNING_BILL:2024-02-13:286501|FINAL_BILL:2024-04-28:163715|RETENTION_RELEASE:2024-10-25:81857
ESK-2402,DIST_103,201,Work 1403: HEALTH Project at Location 1402,Synthetic work description for demo data import,HEALTH,1251121,1251120,1251121,2023-01-23,2023-02-06,2024-11-09,COMPLETED,100,true,Irrigation & Flood Control Dept,Location 1402,28.732672,77.312603,false,false,MOBILISATION_ADVANCE:2023-03-01:187668|RUNNING_BILL:2023-06-04:437892|RUNNING_BILL:2023-07-19:437892|FINAL_BILL:2023-10-02:125112|RETENTION_RELEASE:2024-03-30:62556
ESK-2403,DIST_101,203,Work 1404: HEALTH Project at Location 1403,Synthetic work description for demo data import,HEALTH,1689686,1605202,1689686,2025-09-21,2025-10-01,2026-07-27,COMPLETED,100,true,Irrigation & Flood Control Dept,Location 1403,28.662331,77.395551,false,false,MOBILISATION_ADVANCE:2025-10-16:253453|RUNNING_BILL:2026-02-19:591390|RUNNING_BILL:2026-05-13:591390|FINAL_BILL:2026-07-27:168969
ESK-2404,DIST_104,203,Work 1405: ROADS_BRIDGES Project at Location 1404,Synthetic work description for demo data import,ROADS_BRIDGES,4398209,1152331,2206133,2023-08-19,2023-10-06,,IN_PROGRESS,16,false,Irrigation & Flood Control Dept,Location 1404,28.677878,77.185802,true,false,MOBILISATION_ADVANCE:2023-11-09:659731|RUNNING_BILL:2024-01-19:246300|RUNNING_BILL:2024-03-09:246300
ESK-2405,DIST_101,202,Work 1406: HEALTH Project at Location 1405,Synthetic work description for demo data import,HEALTH,1857138,1857138,1857138,2024-05-01,2024-05-06,2025-02-28,COMPLETED,100,false,Rural Development Agency (DRDA),Location 1405,28.605711,77.375478,false,false,MOBILISATION_ADVANCE:2024-06-11:278571|RUNNING_BILL:2024-08-30:433332|RUNNING_BILL:2024-11-02:433332|RUNNING_BILL:2025-01-12:433332|FINAL_BILL:2025-03-28:185714|RETENTION_RELEASE:2025-09-24:92857
ESK-2406,DIST_102,204,Work 1407: SANITATION Project at Location 1406,Synthetic work description for demo data import,SANITATION,2368700,0,2368700,2023-12-16,2024-01-06,2025-05-25,COMPLETED,100,false,Irrigation & Flood Control Dept,Location 1406,28.652716,77.384804,false,true,
ESK-2407,DIST_102,202,Work 1408: EDUCATION Project at Location 1407,Synthetic work description for demo data import,EDUCATION,2988630,2540336,2988630,2025-10-14,2025-10-27,2026-09-05,COMPLETED,100,true,Irrigation & Flood Control Dept,Location 1407,28.738010,77.184990,true,false,MOBILISATION_ADVANCE:2025-12-01:448295|RUNNING_BILL:2026-03-23:697347|RUNNING_BILL:2026-05-27:697347|RUNNING_BILL:2026-08-02:697347
ESK-2408,DIST_102,204,Work 1409: SANITATION Project at Location 1408,Synthetic work description for demo data import,SANITATION,3654684,1571515,1192569,2022-08-11,2022-09-03,,IN_PROGRESS,40,false,Rural Development Agency (DRDA),Location 1408,28.677976,77.313405,false,true,MOBILISATION_ADVANCE:2022-09-28:548203|RUNNING_BILL:2023-01-03:1023312
ESK-2409,DIST_102,201,Work 1410: SANITATION Project at Location 1409,Synthetic work description for demo data import,SANITATION,1370934,1370934,1370934,2024-11-13,2025-01-01,2026-07-06,COMPLETED,100,true,Municipal Corporation,Location 1409,28.650040,77.306508,false,false,MOBILISATION_ADVANCE:2025-02-05:205640|RUNNING_BILL:2025-04-22:479827|RUNNING_BILL:2025-06-20:479827|FINAL_BILL:2025-09-03:137093|RETENTION_RELEASE:2026-03-02:68547
ESK-2410,DIST_101,201,Work 1411: EDUCATION Project at Location 1410,Synthetic work description for demo data import,EDUCATION,1333975,1333976,1333975,2023-07-22,2023-08-07,2023-12-16,COMPLETED,100,true,Irrigation & Flood Control Dept,Location 1410,28.537524,77.177522,false,false,MOBILISATION_ADVANCE:2023-09-06:200096|RUNNING_BILL:2023-12-28:311261|RUNNING_BILL:2024-03-27:311261|RUNNING_BILL:2024-06-02:311261|FINAL_BILL:2024-08-16:133398|RETENTION_RELEASE:2025-02-12:66699
ESK-2411,DIST_102,202,Work 1412: EDUCATION Project at Location 1411,Synthetic work description for demo data import,EDUCATION,1574058,1574058,1574058,2023-01-08,2023-02-14,2023-11-25,COMPLETED,100,true,Public Works Department (PWD),Location 1411,28.520750,77.394690,false,false,MOBILISATION_ADVANCE:2023-03-20:236109|RUNNING_BILL:2023-07-10:275460|RUNNING_BILL:2023-09-15:275460|RUNNING_BILL:2023-11-25:275460|RUNNING_BILL:2024-02-17:275460|FINAL_BILL:2024-05-02:157406|RETENTION_RELEASE:2024-10-29:78703
ESK-2412,DIST_104,202,Work 1413: ROADS_BRIDGES Project at Location 1412,Synthetic work description for demo data import,ROADS_BRIDGES,3108375,3108375,3108375,2023-08-29,2023-09-14,2025-03-04,COMPLETED,100,false,Public Works Department (PWD),Location 1412,28.575891,77.280178,false,false,MOBILISATION_ADVANCE:2023-10-20:466256|RUNNING_BILL:2023-12-30:1087931|RUNNING_BILL:2024-03-19:1087931|FINAL_BILL:2024-06-02:310838|RETENTION_RELEASE:2024-11-29:155419
ESK-2413,DIST_103,202,Work 1414: HEALTH Project at Location 1413,Synthetic work description for demo data import,HEALTH,285863,271568,285863,2025-07-05,2025-08-24,2026-08-29,COMPLETED,100,true,Irrigation & Flood Control Dept,Location 1413,28.508293,77.359068,false,false,MOBILISATION_ADVANCE:2025-09-11:42879|RUNNING_BILL:2025-12-21:66701|RUNNING_BILL:2026-03-03:66701|RUNNING_BILL:2026-05-16:66701|FINAL_BILL:2026-07-30:28586
ESK-2414,DIST_102,201,Work 1415: EDUCATION Project at Location 1414,Synthetic work description for demo data import,EDUCATION,330046,218161,52201,2026-03-23,2026-05-11,,IN_PROGRESS,73,false,Public Works Department (PWD),Location 1414,28.743471,77.167066,false,false,MOBILISATION_ADVANCE:2026-06-11:49507|RUNNING_BILL:2026-09-03:168654
ESK-2415,DIST_101,203,Work 1416: ROADS_BRIDGES Project at Location 1415,Synthetic work description for demo data import,ROADS_BRIDGES,4127751,0,0,2023-09-05,2023-09-19,,NOT_STARTED,0,false,Irrigation & Flood Control Dept,Location 1415,28.686133,77.192449,false,false,
ESK-2416,DIST_104,202,Work 1417: DRINKING_WATER Project at Location 1416,Synthetic work description for demo data import,DRINKING_WATER,2865911,2865913,2865911,2023-01-13,2023-02-26,2024-09-05,COMPLETED,100,true,Rural Development Agency (DRDA),Location 1416,28.699815,77.300716,false,false,MOBILISATION_ADVANCE:2023-04-09:429887|RUNNING_BILL:2023-07-19:668713|RUNNING_BILL:2023-09-02:668713|RUNNING_BILL:2023-11-25:668713|FINAL_BILL:2024-02-08:286591|RETENTION_RELEASE:2024-08-06:143296
ESK-2417,DIST_102,202,Work 1418: HEALTH Project at Location 1417,Synthetic work description for demo data import,HEALTH,323436,0,323436,2023-08-10,2023-08-26,2024-08-17,COMPLETED,100,false,Rural Development Agency (DRDA),Location 1417,28.699791,77.223391,false,false,
ESK-2418,DIST_101,203,Work 1419: SANITATION Project at Location 1418,Synthetic work description for demo data import,SANITATION,2912622,2475729,2912622,2025-11-11,2025-12-17,2026-09-05,COMPLETED,100,false,Public Works Department (PWD),Location 1418,28.611981,77.275601,false,false,MOBILISATION_ADVANCE:2025-12-27:436893|RUNNING_BILL:2026-05-03:1019418|RUNNING_BILL:2026-07-13:1019418
ESK-2419,DIST_104,203,Work 1420: OTHER Project at Location 1419,Synthetic work description for demo data import,OTHER,2366213,2366214,2366213,2023-09-09,2023-10-12,2025-02-12,COMPLETED,100,false,Rural Development Agency (DRDA),Location 1419,28.727390,77.301615,false,false,MOBILISATION_ADVANCE:2023-11-07:354932|RUNNING_BILL:2024-03-08:828175|RUNNING_BILL:2024-05-20:828175|FINAL_BILL:2024-08-03:236621|RETENTION_RELEASE:2025-01-30:118311
ESK-2420,DIST_104,204,Work 1421: ROADS_BRIDGES Project at Location 1420,Synthetic work description for demo data import,ROADS_BRIDGES,2907960,2907960,2907960,2024-11-20,2024-12-04,2026-06-24,COMPLETED,100,true,Municipal Corporation,Location 1420,28.529253,77.170380,false,false,MOBILISATION_ADVANCE:2024-12-29:436194|RUNNING_BILL:2025-03-19:678524|RUNNING_BILL:2025-05-21:678524|RUNNING_BILL:2025-07-26:678524|FINAL_BILL:2025-10-09:290796|RETENTION_RELEASE:2026-04-07:145398
ESK-2421,DIST_102,202,Work 1422: HEALTH Project at Location 1421,Synthetic work description for demo data import,HEALTH,2982103,2982102,2982103,2022-07-28,2022-09-03,2023-01-06,COMPLETED,100,false,Public Works Department (PWD),Location 1421,28.575283,77.349899,false,false,MOBILISATION_ADVANCE:2022-09-21:447315|RUNNING_BILL:2023-01-01:695824|RUNNING_BILL:2023-02-16:695824|RUNNING_BILL:2023-04-08:695824|FINAL_BILL:2023-06-22:298210|RETENTION_RELEASE:2023-12-19:149105
ESK-2422,DIST_101,201,Work 1423: SANITATION Project at Location 1422,Synthetic work description for demo data import,SANITATION,2163021,0,2163021,2025-04-30,2025-06-09,2026-09-05,COMPLETED,100,false,Rural Development Agency (DRDA),Location 1422,28.700461,77.338418,false,false,
ESK-2423,DIST_103,202,Work 1424: HEALTH Project at Location 1423,Synthetic work description for demo data import,HEALTH,2918685,437803,2918685,2026-05-20,2026-06-08,2026-09-05,COMPLETED,100,true,Municipal Corporation,Location 1423,28.514922,77.366343,false,false,MOBILISATION_ADVANCE:2026-07-21:437803
ESK-2424,DIST_103,201,Work 1425: SANITATION Project at Location 1424,Synthetic work description for demo data import,SANITATION,714508,714508,714508,2024-08-02,2024-08-09,2026-05-05,COMPLETED,100,true,Irrigation & Flood Control Dept,Location 1424,28.515078,77.273589,true,true,MOBILISATION_ADVANCE:2024-08-27:107176|RUNNING_BILL:2024-11-25:125039|RUNNING_BILL:2025-01-25:125039|RUNNING_BILL:2025-04-14:125039|RUNNING_BILL:2025-06-17:125039|FINAL_BILL:2025-08-31:71451|RETENTION_RELEASE:2026-02-27:35725
ESK-2425,DIST_104,204,Work 1426: ROADS_BRIDGES Project at Location 1425,Synthetic work description for demo data import,ROADS_BRIDGES,2988669,2988668,2988669,2023-10-27,2023-11-13,2025-06-29,COMPLETED,100,false,Irrigation & Flood Control Dept,Location 1425,28.721964,77.197369,false,false,MOBILISATION_ADVANCE:2023-12-01:448300|RUNNING_BILL:2024-03-21:697356|RUNNING_BILL:2024-05-15:697356|RUNNING_BILL:2024-08-09:697356|FINAL_BILL:2024-10-23:298867|RETENTION_RELEASE:2025-04-21:149433
ESK-2426,DIST_101,204,Work 1427: EDUCATION Project at Location 1426,Synthetic work description for demo data import,EDUCATION,4565082,972363,1145211,2023-04-23,2023-06-07,,IN_PROGRESS,9,false,Irrigation & Flood Control Dept,Location 1426,28.645976,77.367385,false,false,MOBILISATION_ADVANCE:2023-07-06:684762|RUNNING_BILL:2023-10-02:95867|RUNNING_BILL:2023-12-31:95867|RUNNING_BILL:2024-02-24:95867
ESK-2427,DIST_101,204,Work 1428: SANITATION Project at Location 1427,Synthetic work description for demo data import,SANITATION,1114932,932084,949862,2024-11-06,2024-11-11,,IN_PROGRESS,98,false,Municipal Corporation,Location 1427,28.636644,77.158788,false,false,MOBILISATION_ADVANCE:2024-11-28:167240|RUNNING_BILL:2025-03-31:382422|RUNNING_BILL:2025-06-12:382422
ESK-2428,DIST_101,203,Work 1429: ROADS_BRIDGES Project at Location 1428,Synthetic work description for demo data import,ROADS_BRIDGES,3807230,664362,2114411,2026-03-11,2026-03-25,,IN_PROGRESS,7,false,Rural Development Agency (DRDA),Location 1428,28.696971,77.152778,false,false,MOBILISATION_ADVANCE:2026-04-14:571085|RUNNING_BILL:2026-07-31:93277
ESK-2429,DIST_103,202,Work 1430: SANITATION Project at Location 1429,Synthetic work description for demo data import,SANITATION,1243014,1039160,0,2025-01-09,2025-01-29,,ON_HOLD,98,false,Rural Development Agency (DRDA),Location 1429,28.537822,77.373632,false,false,MOBILISATION_ADVANCE:2025-03-08:186452|RUNNING_BILL:2025-06-01:284236|RUNNING_BILL:2025-08-30:284236|RUNNING_BILL:2025-11-08:284236
ESK-2430,DIST_101,202,Work 1431: HEALTH Project at Location 1430,Synthetic work description for demo data import,HEALTH,2095431,314315,2095431,2022-09-29,2022-11-11,2024-09-30,COMPLETED,100,false,Public Works Department (PWD),Location 1430,28.552489,77.171032,false,false,MOBILISATION_ADVANCE:2022-12-14:314315
ESK-2431,DIST_104,204,Work 1432: DRINKING_WATER Project at Location 1431,Synthetic work description for demo data import,DRINKING_WATER,1416789,0,1416789,2023-09-24,2023-11-07,2025-07-05,COMPLETED,100,true,Rural Development Agency (DRDA),Location 1431,28.691071,77.250385,true,false,
ESK-2432,DIST_103,201,Work 1433: OTHER Project at Location 1432,Synthetic work description for demo data import,OTHER,1033118,0,1033118,2024-02-14,2024-03-19,2025-10-26,COMPLETED,100,false,Rural Development Agency (DRDA),Location 1432,28.676957,77.332939,false,false,
ESK-2433,DIST_101,204,Work 1434: DRINKING_WATER Project at Location 1433,Synthetic work description for demo data import,DRINKING_WATER,593849,593850,593849,2022-09-30,2022-10-08,2023-10-31,COMPLETED,100,true,Rural Development Agency (DRDA),Location 1433,28.604371,77.307740,false,false,MOBILISATION_ADVANCE:2022-11-14:89077|RUNNING_BILL:2023-02-05:103924|RUNNING_BILL:2023-03-27:103924|RUNNING_BILL:2023-05-11:103924|RUNNING_BILL:2023-07-04:103924|FINAL_BILL:2023-09-17:59385|RETENTION_RELEASE:2024-03-15:29692
ESK-2434,DIST_103,202,Work 1435: DRINKING_WATER Project at Location 1434,Synthetic work description for demo data import,DRINKING_WATER,1923059,1923060,1923059,2024-07-23,2024-08-28,2025-04-12,COMPLETED,100,false,Municipal Corporation,Location 1434,28.738803,77.228675,false,false,MOBILISATION_ADVANCE:2024-10-07:288459|RUNNING_BILL:2024-12-27:673071|RUNNING_BILL:2025-03-22:673071|FINAL_BILL:2025-06-05:192306|RETENTION_RELEASE:2025-12-02:96153
ESK-2435,DIST_102,203,Work 1436: DRINKING_WATER Project at Location 1435,Synthetic work description for demo data import,DRINKING_WATER,4961137,3070944,0,2022-11-03,2022-12-23,,ON_HOLD,67,false,Irrigation & Flood Control Dept,Location 1435,28.623885,77.172948,true,false,MOBILISATION_ADVANCE:2023-01-31:744171|RUNNING_BILL:2023-04-21:775591|RUNNING_BILL:2023-06-06:775591|RUNNING_BILL:2023-08-06:775591
ESK-2436,DIST_101,202,Work 1437: ROADS_BRIDGES Project at Location 1436,Synthetic work description for demo data import,ROADS_BRIDGES,286023,286022,286023,2024-02-17,2024-03-07,2025-12-20,COMPLETED,100,true,Municipal Corporation,Location 1436,28.727170,77.327294,false,false,MOBILISATION_ADVANCE:2024-04-04:42903|RUNNING_BILL:2024-07-03:100108|RUNNING_BILL:2024-09-20:100108|FINAL_BILL:2024-12-04:28602|RETENTION_RELEASE:2025-06-02:14301
ESK-2437,DIST_102,203,Work 1438: ROADS_BRIDGES Project at Location 1437,Synthetic work description for demo data import,ROADS_BRIDGES,968769,145315,968769,2024-10-15,2024-11-29,2025-08-10,COMPLETED,100,true,Public Works Department (PWD),Location 1437,28.653130,77.206319,false,false,MOBILISATION_ADVANCE:2024-12-16:145315
ESK-2438,DIST_101,204,Work 1439: ROADS_BRIDGES Project at Location 1438,Synthetic work description for demo data import,ROADS_BRIDGES,1581669,702262,221665,2025-05-12,2025-06-20,,IN_PROGRESS,42,false,Public Works Department (PWD),Location 1438,28.691951,77.284967,false,false,MOBILISATION_ADVANCE:2025-07-02:237250|RUNNING_BILL:2025-10-28:155004|RUNNING_BILL:2025-12-28:155004|RUNNING_BILL:2026-03-07:155004
ESK-2439,DIST_104,201,Work 1440: SANITATION Project at Location 1439,Synthetic work description for demo data import,SANITATION,1229415,0,1229415,2022-12-03,2023-01-05,2024-07-15,COMPLETED,100,true,Rural Development Agency (DRDA),Location 1439,28.581660,77.161678,false,true,
ESK-2440,DIST_102,203,Work 1441: ROADS_BRIDGES Project at Location 1440,Synthetic work description for demo data import,ROADS_BRIDGES,158833,0,0,2026-08-24,,,CANCELLED,0,false,Irrigation & Flood Control Dept,Location 1440,28.518866,77.216158,false,false,
ESK-2441,DIST_104,204,Work 1442: EDUCATION Project at Location 1441,Synthetic work description for demo data import,EDUCATION,601833,571742,601833,2025-08-14,2025-09-06,2026-09-05,COMPLETED,100,true,Rural Development Agency (DRDA),Location 1441,28.572235,77.271155,true,false,MOBILISATION_ADVANCE:2025-09-16:90275|RUNNING_BILL:2026-01-20:210642|RUNNING_BILL:2026-03-21:210642|FINAL_BILL:2026-06-04:60183
ESK-2442,DIST_103,204,Work 1443: SANITATION Project at Location 1442,Synthetic work description for demo data import,SANITATION,1854097,1854098,1854097,2023-04-20,2023-05-02,2023-10-06,COMPLETED,100,true,Rural Development Agency (DRDA),Location 1442,28.531008,77.255031,true,false,MOBILISATION_ADVANCE:2023-05-22:278115|RUNNING_BILL:2023-09-13:324467|RUNNING_BILL:2023-11-17:324467|RUNNING_BILL:2024-01-21:324467|RUNNING_BILL:2024-03-09:324467|FINAL_BILL:2024-05-23:185410|RETENTION_RELEASE:2024-11-19:92705
ESK-2443,DIST_103,201,Work 1444: SANITATION Project at Location 1443,Synthetic work description for demo data import,SANITATION,1603424,958848,0,2024-03-01,2024-03-29,,ON_HOLD,64,false,Rural Development Agency (DRDA),Location 1443,28.512519,77.197030,false,true,MOBILISATION_ADVANCE:2024-04-08:240514|RUNNING_BILL:2024-07-20:718334
ESK-2444,DIST_102,201,Work 1445: ROADS_BRIDGES Project at Location 1444,Synthetic work description for demo data import,ROADS_BRIDGES,461211,149894,461211,2026-03-07,2026-04-12,2026-08-19,COMPLETED,100,true,Public Works Department (PWD),Location 1444,28.709657,77.267458,false,false,MOBILISATION_ADVANCE:2026-05-12:69182|RUNNING_BILL:2026-08-16:80712
ESK-2445,DIST_104,204,Work 1446: EDUCATION Project at Location 1445,Synthetic work description for demo data import,EDUCATION,1997162,1897302,1997162,2025-05-20,2025-05-30,2026-09-05,COMPLETED,100,false,Rural Development Agency (DRDA),Location 1445,28.655540,77.159154,true,true,MOBILISATION_ADVANCE:2025-06-16:299574|RUNNING_BILL:2025-09-25:349503|RUNNING_BILL:2025-12-09:349503|RUNNING_BILL:2026-03-04:349503|RUNNING_BILL:2026-05-08:349503|FINAL_BILL:2026-07-22:199716
ESK-2446,DIST_101,204,Work 1447: EDUCATION Project at Location 1446,Synthetic work description for demo data import,EDUCATION,2196979,2196978,2196979,2022-11-11,2022-12-29,2023-08-24,COMPLETED,100,false,Public Works Department (PWD),Location 1446,28.647805,77.285936,true,false,MOBILISATION_ADVANCE:2023-01-24:329547|RUNNING_BILL:2023-05-18:512628|RUNNING_BILL:2023-07-29:512628|RUNNING_BILL:2023-10-25:512628|FINAL_BILL:2024-01-08:219698|RETENTION_RELEASE:2024-07-06:109849
ESK-2447,DIST_104,201,Work 1448: OTHER Project at Location 1447,Synthetic work description for demo data import,OTHER,1240820,820183,626575,2023-05-14,2023-06-15,,IN_PROGRESS,73,false,Public Works Department (PWD),Location 1447,28.578059,77.161428,true,false,MOBILISATION_ADVANCE:2023-07-28:186123|RUNNING_BILL:2023-10-06:317030|RUNNING_BILL:2023-12-08:317030
ESK-2448,DIST_101,204,Work 1449: ROADS_BRIDGES Project at Location 1448,Synthetic work description for demo data import,ROADS_BRIDGES,2166538,1386585,2157801,2026-02-08,2026-03-29,,IN_PROGRESS,70,false,Municipal Corporation,Location 1448,28.698699,77.179387,false,false,MOBILISATION_ADVANCE:2026-04-20:324981|RUNNING_BILL:2026-08-08:1061604
ESK-2449,DIST_101,204,Work 1450: OTHER Project at Location 1449,Synthetic work description for demo data import,OTHER,2432957,364944,2432957,2026-06-04,2026-07-15,2026-09-05,COMPLETED,100,false,Public Works Department (PWD),Location 1449,28.689115,77.243964,false,true,MOBILISATION_ADVANCE:2026-08-03:364944
ESK-2450,DIST_102,202,Work 1451: DRINKING_WATER Project at Location 1450,Synthetic work description for demo data import,DRINKING_WATER,1165188,174778,0,2023-03-16,2023-04-27,,NOT_STARTED,0,false,Irrigation & Flood Control Dept,Location 1450,28.713196,77.320240,true,false,MOBILISATION_ADVANCE:2023-05-30:174778|RUNNING_BILL:2023-09-07:0|RUNNING_BILL:2023-11-30:0
ESK-2451,DIST_102,203,Work 1452: HEALTH Project at Location 1451,Synthetic work description for demo data import,HEALTH,2219287,332893,0,2026-03-27,2026-05-08,,NOT_STARTED,0,false,Public Works Department (PWD),Location 1451,28.601172,77.194314,false,false,MOBILISATION_ADVANCE:2026-05-25:332893|RUNNING_BILL:2026-08-25:0
ESK-2452,DIST_103,202,Work 1453: ROADS_BRIDGES Project at Location 1452,Synthetic work description for demo data import,ROADS_BRIDGES,1518516,419110,1515713,2024-02-15,2024-02-24,,IN_PROGRESS,18,false,Rural Development Agency (DRDA),Location 1452,28.629523,77.360426,false,false,MOBILISATION_ADVANCE:2024-04-06:227777|RUNNING_BILL:2024-06-26:191333
ESK-2453,DIST_102,202,Work 1454: SANITATION Project at Location 1453,Synthetic work description for demo data import,SANITATION,3453333,518000,3282382,2023-01-30,2023-02-20,,IN_PROGRESS,7,false,Rural Development Agency (DRDA),Location 1453,28.701965,77.374613,true,false,MOBILISATION_ADVANCE:2023-03-20:518000
ESK-2454,DIST_102,204,Work 1455: EDUCATION Project at Location 1454,Synthetic work description for demo data import,EDUCATION,1869784,1869783,1869784,2024-09-11,2024-10-31,2025-11-04,COMPLETED,100,true,Public Works Department (PWD),Location 1454,28.536499,77.244678,false,false,MOBILISATION_ADVANCE:2024-12-01:280468|RUNNING_BILL:2025-03-17:327212|RUNNING_BILL:2025-05-02:327212|RUNNING_BILL:2025-07-21:327212|RUNNING_BILL:2025-09-13:327212|FINAL_BILL:2025-11-27:186978|RETENTION_RELEASE:2026-05-26:93489
ESK-2455,DIST_104,202,Work 1456: ROADS_BRIDGES Project at Location 1455,Synthetic work description for demo data import,ROADS_BRIDGES,2430932,0,2430932,2023-04-08,2023-05-20,2023-10-09,COMPLETED,100,true,Municipal Corporation,Location 1455,28.737076,77.264299,false,false,
ESK-2456,DIST_102,202,Work 1457: DRINKING_WATER Project at Location 1456,Synthetic work description for demo data import,DRINKING_WATER,1926103,1926102,1926103,2024-10-07,2024-11-10,2026-07-09,COMPLETED,100,false,Irrigation & Flood Control Dept,Location 1456,28.677919,77.347915,false,false,MOBILISATION_ADVANCE:2024-12-12:288915|RUNNING_BILL:2025-03-19:674136|RUNNING_BILL:2025-05-31:674136|FINAL_BILL:2025-08-14:192610|RETENTION_RELEASE:2026-02-10:96305
ESK-2457,DIST_103,203,Work 1458: SANITATION Project at Location 1457,Synthetic work description for demo data import,SANITATION,1675009,251251,1675009,2026-01-29,2026-03-04,2026-09-05,COMPLETED,100,true,Rural Development Agency (DRDA),Location 1457,28.547384,77.370703,false,false,MOBILISATION_ADVANCE:2026-03-21:251251
ESK-2458,DIST_103,202,Work 1459: OTHER Project at Location 1458,Synthetic work description for demo data import,OTHER,1420921,213138,0,2023-06-22,2023-07-13,,NOT_STARTED,0,false,Rural Development Agency (DRDA),Location 1458,28.735167,77.363161,true,true,MOBILISATION_ADVANCE:2023-08-16:213138|RUNNING_BILL:2023-11-17:0
ESK-2459,DIST_103,201,Work 1460: SANITATION Project at Location 1459,Synthetic work description for demo data import,SANITATION,1967969,1672773,1967969,2026-02-12,2026-02-22,2026-09-05,COMPLETED,100,true,Irrigation & Flood Control Dept,Location 1459,28.737933,77.284656,false,false,MOBILISATION_ADVANCE:2026-03-10:295195|RUNNING_BILL:2026-06-10:688789|RUNNING_BILL:2026-07-29:688789
ESK-2460,DIST_104,202,Work 1461: EDUCATION Project at Location 1460,Synthetic work description for demo data import,EDUCATION,1389759,208464,1299996,2023-02-18,2023-03-19,,IN_PROGRESS,80,false,Municipal Corporation,Location 1460,28.630945,77.294459,true,false,MOBILISATION_ADVANCE:2023-04-26:208464
ESK-2461,DIST_101,202,Work 1462: ROADS_BRIDGES Project at Location 1461,Synthetic work description for demo data import,ROADS_BRIDGES,825454,123818,825454,2023-09-11,2023-09-24,2025-05-24,COMPLETED,100,false,Municipal Corporation,Location 1461,28.583491,77.311730,false,false,MOBILISATION_ADVANCE:2023-11-06:123818
ESK-2462,DIST_102,203,Work 1463: ROADS_BRIDGES Project at Location 1462,Synthetic work description for demo data import,ROADS_BRIDGES,2270602,340590,2270602,2026-03-22,2026-04-01,2026-09-05,COMPLETED,100,false,Rural Development Agency (DRDA),Location 1462,28.555983,77.363661,false,true,MOBILISATION_ADVANCE:2026-05-15:340590
ESK-2463,DIST_102,204,Work 1464: ROADS_BRIDGES Project at Location 1463,Synthetic work description for demo data import,ROADS_BRIDGES,654416,0,654416,2022-08-29,2022-09-12,2024-04-05,COMPLETED,100,true,Municipal Corporation,Location 1463,28.539401,77.245752,false,false,
ESK-2464,DIST_102,201,Work 1465: OTHER Project at Location 1464,Synthetic work description for demo data import,OTHER,525127,0,525127,2024-02-16,2024-03-13,2025-07-15,COMPLETED,100,false,Public Works Department (PWD),Location 1464,28.585529,77.172148,false,false,
ESK-2465,DIST_101,203,Work 1466: EDUCATION Project at Location 1465,Synthetic work description for demo data import,EDUCATION,2371743,1899766,1330358,2022-10-16,2022-12-02,,IN_PROGRESS,93,false,Rural Development Agency (DRDA),Location 1465,28.745204,77.336807,false,false,MOBILISATION_ADVANCE:2022-12-30:355761|RUNNING_BILL:2023-04-14:1544005
ESK-2466,DIST_104,204,Work 1467: ROADS_BRIDGES Project at Location 1466,Synthetic work description for demo data import,ROADS_BRIDGES,2244556,1515074,2244556,2025-09-11,2025-09-16,2026-07-05,COMPLETED,100,true,Irrigation & Flood Control Dept,Location 1466,28.600083,77.258080,false,false,MOBILISATION_ADVANCE:2025-10-28:336683|RUNNING_BILL:2026-02-07:392797|RUNNING_BILL:2026-04-17:392797|RUNNING_BILL:2026-07-12:392797
ESK-2467,DIST_102,203,Work 1468: DRINKING_WATER Project at Location 1467,Synthetic work description for demo data import,DRINKING_WATER,628678,628680,628678,2024-07-07,2024-07-29,2026-03-03,COMPLETED,100,true,Rural Development Agency (DRDA),Location 1467,28.543920,77.278862,false,false,MOBILISATION_ADVANCE:2024-09-11:94302|RUNNING_BILL:2024-11-27:110019|RUNNING_BILL:2025-02-05:110019|RUNNING_BILL:2025-04-19:110019|RUNNING_BILL:2025-07-17:110019|FINAL_BILL:2025-09-30:62868|RETENTION_RELEASE:2026-03-29:31434
ESK-2468,DIST_103,201,Work 1469: HEALTH Project at Location 1468,Synthetic work description for demo data import,HEALTH,740707,0,740707,2025-06-01,2025-06-22,2026-08-27,COMPLETED,100,true,Municipal Corporation,Location 1468,28.693750,77.341092,true,false,
ESK-2469,DIST_101,202,Work 1470: HEALTH Project at Location 1469,Synthetic work description for demo data import,HEALTH,2698520,1462599,394832,2025-03-15,2025-03-25,,IN_PROGRESS,56,false,Rural Development Agency (DRDA),Location 1469,28.713046,77.389124,false,false,MOBILISATION_ADVANCE:2025-04-21:404778|RUNNING_BILL:2025-07-31:352607|RUNNING_BILL:2025-09-20:352607|RUNNING_BILL:2025-12-17:352607
ESK-2470,DIST_101,203,Work 1471: SANITATION Project at Location 1470,Synthetic work description for demo data import,SANITATION,1510029,226504,1510029,2026-03-31,2026-05-02,2026-09-05,COMPLETED,100,false,Irrigation & Flood Control Dept,Location 1470,28.552075,77.315015,false,false,MOBILISATION_ADVANCE:2026-06-14:226504
ESK-2471,DIST_103,204,Work 1472: OTHER Project at Location 1471,Synthetic work description for demo data import,OTHER,1912239,1912240,1912239,2024-01-12,2024-01-28,2025-07-12,COMPLETED,100,true,Rural Development Agency (DRDA),Location 1471,28.555468,77.311290,false,false,MOBILISATION_ADVANCE:2024-03-04:286836|RUNNING_BILL:2024-06-12:669284|RUNNING_BILL:2024-08-16:669284|FINAL_BILL:2024-10-30:191224|RETENTION_RELEASE:2025-04-28:95612
ESK-2472,DIST_102,202,Work 1473: OTHER Project at Location 1472,Synthetic work description for demo data import,OTHER,700267,0,700267,2022-12-18,2023-01-11,2023-07-03,COMPLETED,100,false,Rural Development Agency (DRDA),Location 1472,28.607076,77.381552,false,false,
ESK-2473,DIST_101,202,Work 1474: HEALTH Project at Location 1473,Synthetic work description for demo data import,HEALTH,2317674,347651,1577162,2025-04-07,2025-04-24,,IN_PROGRESS,91,false,Municipal Corporation,Location 1473,28.598798,77.150142,false,false,MOBILISATION_ADVANCE:2025-06-08:347651
ESK-2474,DIST_104,202,Work 1475: OTHER Project at Location 1474,Synthetic work description for demo data import,OTHER,1656267,1257106,332057,2023-02-09,2023-03-23,,IN_PROGRESS,87,false,Public Works Department (PWD),Location 1474,28.555300,77.240549,false,false,MOBILISATION_ADVANCE:2023-04-22:248440|RUNNING_BILL:2023-08-03:504333|RUNNING_BILL:2023-10-11:504333
ESK-2475,DIST_102,203,Work 1476: ROADS_BRIDGES Project at Location 1475,Synthetic work description for demo data import,ROADS_BRIDGES,3024821,1893538,1578226,2024-11-18,2024-12-06,,IN_PROGRESS,68,false,Public Works Department (PWD),Location 1475,28.669181,77.353983,false,false,MOBILISATION_ADVANCE:2024-12-23:453723|RUNNING_BILL:2025-04-11:1439815
ESK-2476,DIST_103,202,Work 1477: ROADS_BRIDGES Project at Location 1476,Synthetic work description for demo data import,ROADS_BRIDGES,1741576,261236,1741576,2026-01-14,2026-01-27,2026-09-05,COMPLETED,100,true,Public Works Department (PWD),Location 1476,28.630188,77.325983,false,false,MOBILISATION_ADVANCE:2026-02-10:261236
ESK-2477,DIST_104,204,Work 1478: OTHER Project at Location 1477,Synthetic work description for demo data import,OTHER,595388,595388,595388,2024-06-23,2024-07-07,2025-01-09,COMPLETED,100,false,Public Works Department (PWD),Location 1477,28.641737,77.268458,false,false,MOBILISATION_ADVANCE:2024-07-18:89308|RUNNING_BILL:2024-10-23:138924|RUNNING_BILL:2024-12-23:138924|RUNNING_BILL:2025-02-09:138924|FINAL_BILL:2025-04-25:59539|RETENTION_RELEASE:2025-10-22:29769
ESK-2478,DIST_101,204,Work 1479: DRINKING_WATER Project at Location 1478,Synthetic work description for demo data import,DRINKING_WATER,2867037,1433518,2867037,2025-12-08,2026-01-25,2026-09-04,COMPLETED,100,true,Irrigation & Flood Control Dept,Location 1478,28.527429,77.230535,false,false,MOBILISATION_ADVANCE:2026-02-05:430056|RUNNING_BILL:2026-05-19:501731|RUNNING_BILL:2026-08-02:501731
ESK-2479,DIST_104,202,Work 1480: HEALTH Project at Location 1479,Synthetic work description for demo data import,HEALTH,1541810,1245783,776043,2024-06-25,2024-07-17,,IN_PROGRESS,94,false,Rural Development Agency (DRDA),Location 1479,28.680303,77.155105,false,false,MOBILISATION_ADVANCE:2024-07-30:231272|RUNNING_BILL:2024-12-13:1014511
ESK-2480,DIST_101,201,Work 1481: DRINKING_WATER Project at Location 1480,Synthetic work description for demo data import,DRINKING_WATER,1132060,0,0,2022-12-19,2023-01-19,,CANCELLED,0,false,Public Works Department (PWD),Location 1480,28.748349,77.216021,false,false,
ESK-2481,DIST_103,202,Work 1482: HEALTH Project at Location 1481,Synthetic work description for demo data import,HEALTH,270330,270332,270330,2024-07-19,2024-07-30,2025-01-31,COMPLETED,100,true,Municipal Corporation,Location 1481,28.705639,77.155839,false,false,MOBILISATION_ADVANCE:2024-09-02:40550|RUNNING_BILL:2024-12-27:94616|RUNNING_BILL:2025-02-27:94616|FINAL_BILL:2025-05-13:27033|RETENTION_RELEASE:2025-11-09:13517
ESK-2482,DIST_103,201,Work 1483: OTHER Project at Location 1482,Synthetic work description for demo data import,OTHER,2749073,701015,0,2025-05-29,2025-07-18,,ON_HOLD,15,false,Irrigation & Flood Control Dept,Location 1482,28.658499,77.198029,false,false,MOBILISATION_ADVANCE:2025-08-17:412361|RUNNING_BILL:2025-11-30:96218|RUNNING_BILL:2026-01-28:96218|RUNNING_BILL:2026-04-21:96218
ESK-2483,DIST_101,204,Work 1484: OTHER Project at Location 1483,Synthetic work description for demo data import,OTHER,4820338,3861091,2009619,2024-10-04,2024-10-31,,IN_PROGRESS,93,false,Municipal Corporation,Location 1483,28.533396,77.328456,false,false,MOBILISATION_ADVANCE:2024-11-18:723051|RUNNING_BILL:2025-03-17:3138040
ESK-2484,DIST_103,201,Work 1485: ROADS_BRIDGES Project at Location 1484,Synthetic work description for demo data import,ROADS_BRIDGES,4113062,0,0,2026-06-16,,,NOT_STARTED,0,false,Municipal Corporation,Location 1484,28.526353,77.260851,false,true,
ESK-2485,DIST_102,202,Work 1486: EDUCATION Project at Location 1485,Synthetic work description for demo data import,EDUCATION,643994,643994,643994,2024-04-07,2024-04-27,2025-12-14,COMPLETED,100,true,Public Works Department (PWD),Location 1485,28.608374,77.231164,true,false,MOBILISATION_ADVANCE:2024-06-06:96599|RUNNING_BILL:2024-09-10:112699|RUNNING_BILL:2024-12-04:112699|RUNNING_BILL:2025-02-08:112699|RUNNING_BILL:2025-04-17:112699|FINAL_BILL:2025-07-01:64399|RETENTION_RELEASE:2025-12-28:32200
ESK-2486,DIST_104,202,Work 1487: EDUCATION Project at Location 1486,Synthetic work description for demo data import,EDUCATION,2718210,2718212,2718210,2024-09-02,2024-10-19,2026-03-29,COMPLETED,100,true,Rural Development Agency (DRDA),Location 1486,28.664793,77.332666,false,false,MOBILISATION_ADVANCE:2024-11-01:407732|RUNNING_BILL:2025-03-02:475687|RUNNING_BILL:2025-04-26:475687|RUNNING_BILL:2025-07-04:475687|RUNNING_BILL:2025-10-02:475687|FINAL_BILL:2025-12-16:271821|RETENTION_RELEASE:2026-06-14:135911
ESK-2487,DIST_103,201,Work 1488: EDUCATION Project at Location 1487,Synthetic work description for demo data import,EDUCATION,406053,60908,0,2023-01-31,2023-02-27,,ON_HOLD,11,false,Rural Development Agency (DRDA),Location 1487,28.529764,77.388957,false,false,MOBILISATION_ADVANCE:2023-04-10:60908
ESK-2488,DIST_104,201,Work 1489: EDUCATION Project at Location 1488,Synthetic work description for demo data import,EDUCATION,4257047,0,3000156,2024-02-03,2024-02-26,,IN_PROGRESS,87,false,Municipal Corporation,Location 1488,28.572059,77.317530,false,false,
ESK-2489,DIST_101,201,Work 1490: SANITATION Project at Location 1489,Synthetic work description for demo data import,SANITATION,1690086,300835,585473,2024-06-02,2024-06-18,,IN_PROGRESS,4,false,Public Works Department (PWD),Location 1489,28.548311,77.335096,false,false,MOBILISATION_ADVANCE:2024-07-03:253513|RUNNING_BILL:2024-10-04:23661|RUNNING_BILL:2024-11-19:23661
ESK-2490,DIST_103,201,Work 1491: SANITATION Project at Location 1490,Synthetic work description for demo data import,SANITATION,2675933,1806254,1133836,2026-02-01,2026-03-07,,IN_PROGRESS,75,false,Rural Development Agency (DRDA),Location 1490,28.598699,77.282905,false,false,MOBILISATION_ADVANCE:2026-04-04:401390|RUNNING_BILL:2026-06-22:702432|RUNNING_BILL:2026-08-20:702432
ESK-2491,DIST_103,201,Work 1492: HEALTH Project at Location 1491,Synthetic work description for demo data import,HEALTH,3726987,0,0,2026-06-29,,,NOT_STARTED,0,false,Rural Development Agency (DRDA),Location 1491,28.618795,77.265739,true,false,
ESK-2492,DIST_101,203,Work 1493: OTHER Project at Location 1492,Synthetic work description for demo data import,OTHER,2420823,2420822,2420823,2024-11-05,2024-12-14,2026-09-05,COMPLETED,100,true,Irrigation & Flood Control Dept,Location 1492,28.625325,77.284478,false,false,MOBILISATION_ADVANCE:2024-12-26:363123|RUNNING_BILL:2025-04-06:847288|RUNNING_BILL:2025-06-27:847288|FINAL_BILL:2025-09-10:242082|RETENTION_RELEASE:2026-03-09:121041
ESK-2493,DIST_103,201,Work 1494: EDUCATION Project at Location 1493,Synthetic work description for demo data import,EDUCATION,953236,953237,953236,2023-02-09,2023-03-02,2023-11-12,COMPLETED,100,true,Municipal Corporation,Location 1493,28.532098,77.217646,false,false,MOBILISATION_ADVANCE:2023-03-29:142985|RUNNING_BILL:2023-06-20:333633|RUNNING_BILL:2023-09-10:333633|FINAL_BILL:2023-11-24:95324|RETENTION_RELEASE:2024-05-22:47662
ESK-2494,DIST_104,201,Work 1495: ROADS_BRIDGES Project at Location 1494,Synthetic work description for demo data import,ROADS_BRIDGES,1613393,0,1613393,2024-01-08,2024-02-03,2025-06-03,COMPLETED,100,true,Municipal Corporation,Location 1494,28.730775,77.306088,true,false,
ESK-2495,DIST_101,203,Work 1496: EDUCATION Project at Location 1495,Synthetic work description for demo data import,EDUCATION,216592,40070,96758,2024-09-30,2024-11-04,,IN_PROGRESS,5,false,Rural Development Agency (DRDA),Location 1495,28.671005,77.284966,false,false,MOBILISATION_ADVANCE:2024-11-25:32489|RUNNING_BILL:2025-03-02:2527|RUNNING_BILL:2025-04-17:2527|RUNNING_BILL:2025-06-14:2527
ESK-2496,DIST_103,201,Work 1497: OTHER Project at Location 1496,Synthetic work description for demo data import,OTHER,181941,64225,138213,2024-11-06,2024-11-19,,IN_PROGRESS,29,false,Public Works Department (PWD),Location 1496,28.603740,77.241870,true,false,MOBILISATION_ADVANCE:2024-12-26:27291|RUNNING_BILL:2025-03-29:36934
ESK-2497,DIST_103,203,Work 1498: SANITATION Project at Location 1497,Synthetic work description for demo data import,SANITATION,1346950,0,1346950,2023-05-08,2023-05-17,2024-08-06,COMPLETED,100,true,Irrigation & Flood Control Dept,Location 1497,28.634710,77.364058,false,false,
ESK-2498,DIST_103,201,Work 1499: EDUCATION Project at Location 1498,Synthetic work description for demo data import,EDUCATION,2457333,0,0,2026-08-04,,,CANCELLED,0,false,Public Works Department (PWD),Location 1498,28.557598,77.364501,false,false,
ESK-2499,DIST_103,201,Work 1500: DRINKING_WATER Project at Location 1499,Synthetic work description for demo data import,DRINKING_WATER,499368,499368,499368,2024-01-27,2024-02-08,2025-08-10,COMPLETED,100,true,Municipal Corporation,Location 1499,28.543875,77.396870,false,false,MOBILISATION_ADVANCE:2024-03-23:74905|RUNNING_BILL:2024-06-09:174779|RUNNING_BILL:2024-07-24:174779|FINAL_BILL:2024-10-07:49937|RETENTION_RELEASE:2025-04-05:24968
ESK-2500,DIST_103,202,Work 1501: ROADS_BRIDGES Project at Location 1500,Synthetic work description for demo data import,ROADS_BRIDGES,2291390,343709,2291390,2023-11-16,2023-12-02,2025-06-05,COMPLETED,100,true,Public Works Department (PWD),Location 1500,28.638050,77.230031,false,false,MOBILISATION_ADVANCE:2023-12-31:343709
ESK-2501,DIST_102,203,Work 1502: SANITATION Project at Location 1501,Synthetic work description for demo data import,SANITATION,2087108,0,572431,2024-10-17,2024-11-17,,IN_PROGRESS,2,false,Municipal Corporation,Location 1501,28.682466,77.202383,false,false,
ESK-2502,DIST_104,202,Work 1503: HEALTH Project at Location 1502,Synthetic work description for demo data import,HEALTH,859729,128959,859729,2024-09-22,2024-10-21,2026-08-22,COMPLETED,100,false,Rural Development Agency (DRDA),Location 1502,28.704620,77.195026,false,false,MOBILISATION_ADVANCE:2024-12-01:128959
ESK-2503,DIST_102,201,Work 1504: OTHER Project at Location 1503,Synthetic work description for demo data import,OTHER,307131,46070,307131,2024-11-02,2024-11-22,2025-09-08,COMPLETED,100,true,Irrigation & Flood Control Dept,Location 1503,28.672362,77.302516,false,false,MOBILISATION_ADVANCE:2024-12-04:46070
ESK-2504,DIST_101,203,Work 1505: EDUCATION Project at Location 1504,Synthetic work description for demo data import,EDUCATION,249629,37444,249629,2026-04-28,2026-05-20,2026-09-05,COMPLETED,100,false,Rural Development Agency (DRDA),Location 1504,28.611532,77.257544,false,false,MOBILISATION_ADVANCE:2026-06-22:37444
ESK-2505,DIST_102,202,Work 1506: SANITATION Project at Location 1505,Synthetic work description for demo data import,SANITATION,1640697,1011763,1640697,2025-12-03,2026-01-19,2026-09-05,COMPLETED,100,true,Rural Development Agency (DRDA),Location 1505,28.635164,77.370276,true,false,MOBILISATION_ADVANCE:2026-02-18:246105|RUNNING_BILL:2026-05-12:382829|RUNNING_BILL:2026-07-19:382829
ESK-2506,DIST_104,202,Work 1507: HEALTH Project at Location 1506,Synthetic work description for demo data import,HEALTH,1183744,757596,211402,2025-01-27,2025-02-20,,IN_PROGRESS,70,false,Public Works Department (PWD),Location 1506,28.586901,77.206982,false,false,MOBILISATION_ADVANCE:2025-04-05:177562|RUNNING_BILL:2025-07-11:290017|RUNNING_BILL:2025-09-04:290017
ESK-2507,DIST_101,203,Work 1508: HEALTH Project at Location 1507,Synthetic work description for demo data import,HEALTH,2784160,2644951,2784160,2025-09-03,2025-09-24,2026-09-05,COMPLETED,100,true,Public Works Department (PWD),Location 1507,28.680297,77.364118,false,false,MOBILISATION_ADVANCE:2025-10-29:417624|RUNNING_BILL:2026-02-08:649637|RUNNING_BILL:2026-03-27:649637|RUNNING_BILL:2026-05-26:649637|FINAL_BILL:2026-08-09:278416
ESK-2508,DIST_102,202,Work 1509: EDUCATION Project at Location 1508,Synthetic work description for demo data import,EDUCATION,2874447,0,0,2026-05-20,,,NOT_STARTED,0,false,Municipal Corporation,Location 1508,28.575502,77.243285,false,true,
ESK-2509,DIST_102,201,Work 1510: HEALTH Project at Location 1509,Synthetic work description for demo data import,HEALTH,4464000,0,0,2023-10-14,2023-11-09,,CANCELLED,0,false,Municipal Corporation,Location 1509,28.538650,77.298405,false,false,
ESK-2510,DIST_101,201,Work 1511: EDUCATION Project at Location 1510,Synthetic work description for demo data import,EDUCATION,678413,678412,678413,2022-09-12,2022-10-13,2023-05-26,COMPLETED,100,true,Municipal Corporation,Location 1510,28.738829,77.334151,true,false,MOBILISATION_ADVANCE:2022-11-19:101762|RUNNING_BILL:2023-03-06:158296|RUNNING_BILL:2023-05-22:158296|RUNNING_BILL:2023-07-16:158296|FINAL_BILL:2023-09-29:67841|RETENTION_RELEASE:2024-03-27:33921
ESK-2511,DIST_101,201,Work 1512: DRINKING_WATER Project at Location 1511,Synthetic work description for demo data import,DRINKING_WATER,4576550,1999952,4158346,2023-10-11,2023-10-22,,IN_PROGRESS,41,false,Rural Development Agency (DRDA),Location 1511,28.590330,77.344850,false,false,MOBILISATION_ADVANCE:2023-12-02:686483|RUNNING_BILL:2024-03-10:437823|RUNNING_BILL:2024-05-30:437823|RUNNING_BILL:2024-08-18:437823
ESK-2512,DIST_101,201,Work 1513: EDUCATION Project at Location 1512,Synthetic work description for demo data import,EDUCATION,4508077,928665,2613648,2024-10-06,2024-10-23,,IN_PROGRESS,8,false,Rural Development Agency (DRDA),Location 1512,28.691270,77.361338,true,false,MOBILISATION_ADVANCE:2024-12-01:676212|RUNNING_BILL:2025-02-20:84151|RUNNING_BILL:2025-05-20:84151|RUNNING_BILL:2025-07-14:84151
ESK-2513,DIST_102,201,Work 1514: DRINKING_WATER Project at Location 1513,Synthetic work description for demo data import,DRINKING_WATER,2640570,1431189,1042685,2022-11-16,2022-12-01,,IN_PROGRESS,56,false,Municipal Corporation,Location 1513,28.553571,77.387253,false,false,MOBILISATION_ADVANCE:2022-12-19:396086|RUNNING_BILL:2023-04-17:1035103
ESK-2514,DIST_103,203,Work 1515: ROADS_BRIDGES Project at Location 1514,Synthetic work description for demo data import,ROADS_BRIDGES,1127894,1127893,1127894,2025-02-18,2025-02-26,2026-09-05,COMPLETED,100,true,Public Works Department (PWD),Location 1514,28.518632,77.295347,false,false,MOBILISATION_ADVANCE:2025-04-03:169184|RUNNING_BILL:2025-07-09:263175|RUNNING_BILL:2025-09-17:263175|RUNNING_BILL:2025-11-04:263175|FINAL_BILL:2026-01-18:112789|RETENTION_RELEASE:2026-07-17:56395
ESK-2515,DIST_104,204,Work 1516: SANITATION Project at Location 1515,Synthetic work description for demo data import,SANITATION,1924765,1924766,1924765,2024-03-09,2024-03-21,2025-10-14,COMPLETED,100,false,Municipal Corporation,Location 1515,28.514009,77.343475,false,false,MOBILISATION_ADVANCE:2024-05-02:288715|RUNNING_BILL:2024-07-21:673668|RUNNING_BILL:2024-10-06:673668|FINAL_BILL:2024-12-20:192477|RETENTION_RELEASE:2025-06-18:96238
ESK-2516,DIST_101,201,Work 1517: HEALTH Project at Location 1516,Synthetic work description for demo data import,HEALTH,1960788,1960788,1960788,2023-11-29,2023-12-04,2024-07-12,COMPLETED,100,true,Irrigation & Flood Control Dept,Location 1516,28.658316,77.217764,false,false,MOBILISATION_ADVANCE:2023-12-31:294118|RUNNING_BILL:2024-03-30:686276|RUNNING_BILL:2024-06-07:686276|FINAL_BILL:2024-08-21:196079|RETENTION_RELEASE:2025-02-17:98039
ESK-2517,DIST_101,203,Work 1518: OTHER Project at Location 1517,Synthetic work description for demo data import,OTHER,509110,76367,509110,2025-02-18,2025-03-09,2026-06-05,COMPLETED,100,true,Public Works Department (PWD),Location 1517,28.608643,77.226177,false,true,MOBILISATION_ADVANCE:2025-03-19:76367
ESK-2518,DIST_103,203,Work 1519: EDUCATION Project at Location 1518,Synthetic work description for demo data import,EDUCATION,2839778,0,2839778,2023-08-30,2023-09-30,2024-08-19,COMPLETED,100,true,Irrigation & Flood Control Dept,Location 1518,28.542881,77.263667,false,false,
ESK-2519,DIST_101,202,Work 1520: SANITATION Project at Location 1519,Synthetic work description for demo data import,SANITATION,2462681,2462682,2462681,2023-07-15,2023-08-26,2025-01-29,COMPLETED,100,true,Irrigation & Flood Control Dept,Location 1519,28.672012,77.328218,true,false,MOBILISATION_ADVANCE:2023-10-03:369402|RUNNING_BILL:2023-12-27:574626|RUNNING_BILL:2024-02-19:574626|RUNNING_BILL:2024-04-29:574626|FINAL_BILL:2024-07-13:246268|RETENTION_RELEASE:2025-01-09:123134
ESK-2520,DIST_104,203,Work 1521: DRINKING_WATER Project at Location 1520,Synthetic work description for demo data import,DRINKING_WATER,4584426,0,0,2025-08-09,2025-09-10,,NOT_STARTED,0,false,Irrigation & Flood Control Dept,Location 1520,28.748177,77.260905,false,false,
ESK-2521,DIST_103,201,Work 1522: ROADS_BRIDGES Project at Location 1521,Synthetic work description for demo data import,ROADS_BRIDGES,179125,0,179125,2024-11-03,2024-12-23,2025-11-24,COMPLETED,100,true,Public Works Department (PWD),Location 1521,28.740236,77.195055,false,false,
ESK-2522,DIST_101,204,Work 1523: HEALTH Project at Location 1522,Synthetic work description for demo data import,HEALTH,162159,137836,162159,2025-09-21,2025-10-17,2026-09-05,COMPLETED,100,false,Public Works Department (PWD),Location 1522,28.706407,77.151344,true,false,MOBILISATION_ADVANCE:2025-11-18:24324|RUNNING_BILL:2026-01-31:28378|RUNNING_BILL:2026-04-16:28378|RUNNING_BILL:2026-06-17:28378|RUNNING_BILL:2026-08-24:28378
ESK-2523,DIST_102,203,Work 1524: ROADS_BRIDGES Project at Location 1523,Synthetic work description for demo data import,ROADS_BRIDGES,1438750,215813,767367,2024-10-25,2024-11-30,,IN_PROGRESS,10,false,Rural Development Agency (DRDA),Location 1523,28.714135,77.306368,false,false,MOBILISATION_ADVANCE:2024-12-16:215813
ESK-2524,DIST_101,203,Work 1525: EDUCATION Project at Location 1524,Synthetic work description for demo data import,EDUCATION,380265,57040,380265,2025-02-28,2025-04-19,2026-06-04,COMPLETED,100,false,Municipal Corporation,Location 1524,28.692484,77.296035,false,false,MOBILISATION_ADVANCE:2025-05-27:57040
ESK-2525,DIST_102,202,Work 1526: DRINKING_WATER Project at Location 1525,Synthetic work description for demo data import,DRINKING_WATER,3048982,3048981,3048982,2023-05-13,2023-06-01,2024-09-06,COMPLETED,100,true,Irrigation & Flood Control Dept,Location 1525,28.646188,77.270970,false,false,MOBILISATION_ADVANCE:2023-07-12:457347|RUNNING_BILL:2023-10-08:711429|RUNNING_BILL:2024-01-06:711429|RUNNING_BILL:2024-02-29:711429|FINAL_BILL:2024-05-14:304898|RETENTION_RELEASE:2024-11-10:152449
ESK-2526,DIST_102,201,Work 1527: ROADS_BRIDGES Project at Location 1526,Synthetic work description for demo data import,ROADS_BRIDGES,3655662,548349,1106622,2025-02-25,2025-03-11,,IN_PROGRESS,92,false,Public Works Department (PWD),Location 1526,28.625373,77.207244,true,false,MOBILISATION_ADVANCE:2025-03-24:548349
ESK-2527,DIST_101,201,Work 1528: SANITATION Project at Location 1527,Synthetic work description for demo data import,SANITATION,2456812,2333971,2456812,2025-06-26,2025-07-26,2026-03-09,COMPLETED,100,true,Municipal Corporation,Location 1527,28.556017,77.222727,false,false,MOBILISATION_ADVANCE:2025-09-03:368522|RUNNING_BILL:2025-11-18:573256|RUNNING_BILL:2026-02-05:573256|RUNNING_BILL:2026-03-29:573256|FINAL_BILL:2026-06-12:245681
ESK-2528,DIST_104,202,Work 1529: DRINKING_WATER Project at Location 1528,Synthetic work description for demo data import,DRINKING_WATER,857310,128597,857310,2025-04-26,2025-06-09,2026-09-05,COMPLETED,100,false,Irrigation & Flood Control Dept,Location 1528,28.507158,77.370224,false,false,MOBILISATION_ADVANCE:2025-07-18:128597
ESK-2529,DIST_104,201,Work 1530: EDUCATION Project at Location 1529,Synthetic work description for demo data import,EDUCATION,1958999,0,1958999,2025-12-22,2026-01-15,2026-09-05,COMPLETED,100,true,Irrigation & Flood Control Dept,Location 1529,28.527571,77.293899,false,false,
ESK-2530,DIST_104,204,Work 1531: OTHER Project at Location 1530,Synthetic work description for demo data import,OTHER,2397591,2037953,2397591,2025-11-26,2026-01-02,2026-09-05,COMPLETED,100,true,Irrigation & Flood Control Dept,Location 1530,28.527680,77.240018,true,false,MOBILISATION_ADVANCE:2026-01-20:359639|RUNNING_BILL:2026-04-21:839157|RUNNING_BILL:2026-07-03:839157
ESK-2531,DIST_101,202,Work 1532: EDUCATION Project at Location 1531,Synthetic work description for demo data import,EDUCATION,2500693,0,0,2024-10-29,2024-12-05,,NOT_STARTED,0,false,Rural Development Agency (DRDA),Location 1531,28.721693,77.175281,false,false,
ESK-2532,DIST_102,201,Work 1533: OTHER Project at Location 1532,Synthetic work description for demo data import,OTHER,2161147,0,2161147,2025-03-29,2025-04-21,2026-02-03,COMPLETED,100,true,Municipal Corporation,Location 1532,28.719198,77.161265,false,false,
ESK-2533,DIST_104,201,Work 1534: EDUCATION Project at Location 1533,Synthetic work description for demo data import,EDUCATION,3026903,3026902,3026903,2023-11-05,2023-11-18,2024-06-01,COMPLETED,100,false,Public Works Department (PWD),Location 1533,28.647427,77.306718,false,false,MOBILISATION_ADVANCE:2023-12-09:454035|RUNNING_BILL:2024-03-05:529708|RUNNING_BILL:2024-05-23:529708|RUNNING_BILL:2024-07-19:529708|RUNNING_BILL:2024-10-05:529708|FINAL_BILL:2024-12-19:302690|RETENTION_RELEASE:2025-06-17:151345
ESK-2534,DIST_104,201,Work 1535: HEALTH Project at Location 1534,Synthetic work description for demo data import,HEALTH,2654895,2522149,2654895,2025-08-02,2025-09-11,2026-09-05,COMPLETED,100,true,Municipal Corporation,Location 1534,28.644050,77.354558,false,false,MOBILISATION_ADVANCE:2025-10-16:398234|RUNNING_BILL:2026-01-13:619475|RUNNING_BILL:2026-03-23:619475|RUNNING_BILL:2026-06-07:619475|FINAL_BILL:2026-08-21:265490
ESK-2535,DIST_101,202,Work 1536: OTHER Project at Location 1535,Synthetic work description for demo data import,OTHER,3014760,3014760,3014760,2023-05-16,2023-06-29,2024-11-25,COMPLETED,100,true,Irrigation & Flood Control Dept,Location 1535,28.705844,77.364628,false,false,MOBILISATION_ADVANCE:2023-07-11:452214|RUNNING_BILL:2023-11-09:703444|RUNNING_BILL:2024-01-26:703444|RUNNING_BILL:2024-04-12:703444|FINAL_BILL:2024-06-26:301476|RETENTION_RELEASE:2024-12-23:150738
ESK-2536,DIST_103,202,Work 1537: EDUCATION Project at Location 1536,Synthetic work description for demo data import,EDUCATION,2369602,2369600,2369602,2024-08-05,2024-09-06,2026-07-01,COMPLETED,100,true,Municipal Corporation,Location 1536,28.569084,77.396643,true,false,MOBILISATION_ADVANCE:2024-10-10:355440|RUNNING_BILL:2025-01-05:414680|RUNNING_BILL:2025-03-31:414680|RUNNING_BILL:2025-06-05:414680|RUNNING_BILL:2025-07-22:414680|FINAL_BILL:2025-10-05:236960|RETENTION_RELEASE:2026-04-03:118480
ESK-2537,DIST_103,202,Work 1538: DRINKING_WATER Project at Location 1537,Synthetic work description for demo data import,DRINKING_WATER,1976536,296480,1976536,2023-01-18,2023-02-02,2023-12-18,COMPLETED,100,true,Municipal Corporation,Location 1537,28.711926,77.274249,false,false,MOBILISATION_ADVANCE:2023-03-03:296480
ESK-2538,DIST_101,201,Work 1539: SANITATION Project at Location 1538,Synthetic work description for demo data import,SANITATION,2569670,985041,2569670,2026-03-21,2026-04-21,2026-09-05,COMPLETED,100,true,Irrigation & Flood Control Dept,Location 1538,28.676542,77.211086,false,false,MOBILISATION_ADVANCE:2026-05-10:385451|RUNNING_BILL:2026-09-04:599590
ESK-2539,DIST_104,203,Work 1540: SANITATION Project at Location 1539,Synthetic work description for demo data import,SANITATION,3792994,0,0,2026-05-14,,,NOT_STARTED,0,false,Municipal Corporation,Location 1539,28.701938,77.334132,false,false,
ESK-2540,DIST_103,201,Work 1541: EDUCATION Project at Location 1540,Synthetic work description for demo data import,EDUCATION,2532358,379854,2532358,2026-04-15,2026-05-10,2026-09-05,COMPLETED,100,true,Public Works Department (PWD),Location 1540,28.746428,77.321440,false,false,MOBILISATION_ADVANCE:2026-05-21:379854
ESK-2541,DIST_101,201,Work 1542: ROADS_BRIDGES Project at Location 1541,Synthetic work description for demo data import,ROADS_BRIDGES,2317766,542357,672864,2024-10-27,2024-11-20,,IN_PROGRESS,12,false,Rural Development Agency (DRDA),Location 1541,28.510857,77.361910,false,false,MOBILISATION_ADVANCE:2024-12-08:347665|RUNNING_BILL:2025-04-13:194692
ESK-2542,DIST_101,201,Work 1543: SANITATION Project at Location 1542,Synthetic work description for demo data import,SANITATION,1612501,241875,1612501,2025-03-14,2025-05-03,2026-02-11,COMPLETED,100,false,Public Works Department (PWD),Location 1542,28.508100,77.359910,true,false,MOBILISATION_ADVANCE:2025-05-20:241875
ESK-2543,DIST_103,203,Work 1544: DRINKING_WATER Project at Location 1543,Synthetic work description for demo data import,DRINKING_WATER,3117526,3117526,3117526,2025-03-28,2025-04-25,2026-01-09,COMPLETED,100,true,Municipal Corporation,Location 1543,28.692565,77.152425,true,false,MOBILISATION_ADVANCE:2025-05-31:467629|RUNNING_BILL:2025-08-15:1091134|RUNNING_BILL:2025-11-13:1091134|FINAL_BILL:2026-01-27:311753|RETENTION_RELEASE:2026-07-26:155876
ESK-2544,DIST_102,201,Work 1545: ROADS_BRIDGES Project at Location 1544,Synthetic work description for demo data import,ROADS_BRIDGES,1785220,1785219,1785220,2023-06-26,2023-08-15,2024-10-31,COMPLETED,100,true,Irrigation & Flood Control Dept,Location 1544,28.518880,77.205866,false,false,MOBILISATION_ADVANCE:2023-09-29:267783|RUNNING_BILL:2023-12-18:416551|RUNNING_BILL:2024-02-07:416551|RUNNING_BILL:2024-04-13:416551|FINAL_BILL:2024-06-27:178522|RETENTION_RELEASE:2024-12-24:89261
ESK-2545,DIST_102,203,Work 1546: OTHER Project at Location 1545,Synthetic work description for demo data import,OTHER,3431041,1235174,83345,2024-01-30,2024-03-06,,IN_PROGRESS,30,false,Rural Development Agency (DRDA),Location 1545,28.505090,77.341735,false,true,MOBILISATION_ADVANCE:2024-04-04:514656|RUNNING_BILL:2024-08-02:360259|RUNNING_BILL:2024-09-22:360259
ESK-2546,DIST_101,203,Work 1547: DRINKING_WATER Project at Location 1546,Synthetic work description for demo data import,DRINKING_WATER,155969,69250,96251,2025-03-16,2025-04-01,,IN_PROGRESS,42,false,Public Works Department (PWD),Location 1546,28.521239,77.368566,false,false,MOBILISATION_ADVANCE:2025-04-27:23395|RUNNING_BILL:2025-08-20:15285|RUNNING_BILL:2025-10-27:15285|RUNNING_BILL:2026-01-14:15285
ESK-2547,DIST_101,204,Work 1548: DRINKING_WATER Project at Location 1547,Synthetic work description for demo data import,DRINKING_WATER,738429,0,100540,2026-03-07,2026-03-30,,IN_PROGRESS,27,false,Irrigation & Flood Control Dept,Location 1547,28.634858,77.250790,false,false,
ESK-2548,DIST_101,203,Work 1549: EDUCATION Project at Location 1548,Synthetic work description for demo data import,EDUCATION,2038587,848052,0,2024-10-13,2024-11-17,,ON_HOLD,38,false,Irrigation & Flood Control Dept,Location 1548,28.552813,77.312243,false,false,MOBILISATION_ADVANCE:2024-12-21:305788|RUNNING_BILL:2025-03-15:542264
ESK-2549,DIST_101,203,Work 1550: HEALTH Project at Location 1549,Synthetic work description for demo data import,HEALTH,2725704,1210213,1456183,2024-08-10,2024-09-05,,IN_PROGRESS,42,false,Irrigation & Flood Control Dept,Location 1549,28.509172,77.266821,false,false,MOBILISATION_ADVANCE:2024-10-14:408856|RUNNING_BILL:2025-01-03:267119|RUNNING_BILL:2025-03-01:267119|RUNNING_BILL:2025-04-15:267119
ESK-2550,DIST_102,204,Work 1551: SANITATION Project at Location 1550,Synthetic work description for demo data import,SANITATION,3083003,0,3083003,2023-12-02,2023-12-10,2025-08-21,COMPLETED,100,false,Irrigation & Flood Control Dept,Location 1550,28.692940,77.313351,false,false,
ESK-2551,DIST_101,204,Work 1552: SANITATION Project at Location 1551,Synthetic work description for demo data import,SANITATION,1400132,1400131,1400132,2023-05-10,2023-05-24,2024-01-01,COMPLETED,100,true,Rural Development Agency (DRDA),Location 1551,28.655068,77.201491,false,false,MOBILISATION_ADVANCE:2023-06-30:210020|RUNNING_BILL:2023-09-20:326697|RUNNING_BILL:2023-11-25:326697|RUNNING_BILL:2024-02-14:326697|FINAL_BILL:2024-04-29:140013|RETENTION_RELEASE:2024-10-26:70007
ESK-2552,DIST_101,203,Work 1553: ROADS_BRIDGES Project at Location 1552,Synthetic work description for demo data import,ROADS_BRIDGES,3331824,2808727,3264673,2024-04-10,2024-05-09,,IN_PROGRESS,99,false,Public Works Department (PWD),Location 1552,28.656143,77.291764,false,false,MOBILISATION_ADVANCE:2024-06-10:499774|RUNNING_BILL:2024-09-02:769651|RUNNING_BILL:2024-10-17:769651|RUNNING_BILL:2024-12-16:769651
ESK-2553,DIST_102,203,Work 1554: OTHER Project at Location 1553,Synthetic work description for demo data import,OTHER,1398946,0,1398946,2022-08-03,2022-08-20,2023-11-11,COMPLETED,100,true,Rural Development Agency (DRDA),Location 1553,28.650127,77.224864,false,true,
ESK-2554,DIST_103,202,Work 1555: OTHER Project at Location 1554,Synthetic work description for demo data import,OTHER,1762135,0,1762135,2022-08-23,2022-09-07,2023-09-30,COMPLETED,100,false,Municipal Corporation,Location 1554,28.571715,77.204288,false,false,
ESK-2555,DIST_101,203,Work 1556: SANITATION Project at Location 1555,Synthetic work description for demo data import,SANITATION,1742729,1742729,1742729,2023-01-15,2023-02-18,2025-01-13,COMPLETED,100,true,Municipal Corporation,Location 1555,28.711956,77.189855,false,false,MOBILISATION_ADVANCE:2023-03-16:261409|RUNNING_BILL:2023-06-26:406637|RUNNING_BILL:2023-08-27:406637|RUNNING_BILL:2023-11-23:406637|FINAL_BILL:2024-02-06:174273|RETENTION_RELEASE:2024-08-04:87136
ESK-2556,DIST_103,201,Work 1557: ROADS_BRIDGES Project at Location 1556,Synthetic work description for demo data import,ROADS_BRIDGES,2523673,378551,2523673,2026-02-11,2026-03-31,2026-09-05,COMPLETED,100,true,Public Works Department (PWD),Location 1556,28.672803,77.349527,false,false,MOBILISATION_ADVANCE:2026-04-17:378551
ESK-2557,DIST_104,202,Work 1558: SANITATION Project at Location 1557,Synthetic work description for demo data import,SANITATION,2910165,2764656,2910165,2025-04-16,2025-04-26,2026-07-18,COMPLETED,100,true,Public Works Department (PWD),Location 1557,28.680673,77.238041,false,false,MOBILISATION_ADVANCE:2025-05-17:436525|RUNNING_BILL:2025-09-17:679038|RUNNING_BILL:2025-11-01:679038|RUNNING_BILL:2026-01-29:679038|FINAL_BILL:2026-04-14:291017
ESK-2558,DIST_103,203,Work 1559: SANITATION Project at Location 1558,Synthetic work description for demo data import,SANITATION,4076903,3237061,0,2024-02-13,2024-02-23,,ON_HOLD,92,false,Rural Development Agency (DRDA),Location 1558,28.613024,77.334573,true,false,MOBILISATION_ADVANCE:2024-03-16:611535|RUNNING_BILL:2024-07-22:1312763|RUNNING_BILL:2024-10-15:1312763
ESK-2559,DIST_101,203,Work 1560: EDUCATION Project at Location 1559,Synthetic work description for demo data import,EDUCATION,2121841,2121840,2121841,2023-01-30,2023-02-08,2023-10-25,COMPLETED,100,true,Public Works Department (PWD),Location 1559,28.611479,77.354709,false,true,MOBILISATION_ADVANCE:2023-03-08:318276|RUNNING_BILL:2023-07-03:371322|RUNNING_BILL:2023-08-26:371322|RUNNING_BILL:2023-10-24:371322|RUNNING_BILL:2024-01-18:371322|FINAL_BILL:2024-04-02:212184|RETENTION_RELEASE:2024-09-29:106092
ESK-2560,DIST_104,203,Work 1561: ROADS_BRIDGES Project at Location 1560,Synthetic work description for demo data import,ROADS_BRIDGES,2610241,0,44232,2025-11-24,2025-12-24,,IN_PROGRESS,65,false,Irrigation & Flood Control Dept,Location 1560,28.519435,77.263973,false,false,
ESK-2561,DIST_102,201,Work 1562: EDUCATION Project at Location 1561,Synthetic work description for demo data import,EDUCATION,1134948,1134948,1134948,2024-06-18,2024-08-06,2025-12-22,COMPLETED,100,true,Municipal Corporation,Location 1561,28.565436,77.255548,false,false,MOBILISATION_ADVANCE:2024-09-04:170242|RUNNING_BILL:2024-12-11:198616|RUNNING_BILL:2025-03-08:198616|RUNNING_BILL:2025-05-04:198616|RUNNING_BILL:2025-06-28:198616|FINAL_BILL:2025-09-11:113495|RETENTION_RELEASE:2026-03-10:56747
ESK-2562,DIST_104,203,Work 1563: EDUCATION Project at Location 1562,Synthetic work description for demo data import,EDUCATION,468188,0,468188,2026-01-10,2026-02-19,2026-09-05,COMPLETED,100,false,Irrigation & Flood Control Dept,Location 1562,28.501874,77.343615,true,false,
ESK-2563,DIST_103,202,Work 1564: SANITATION Project at Location 1563,Synthetic work description for demo data import,SANITATION,493530,74030,493530,2025-09-12,2025-09-29,2026-02-25,COMPLETED,100,false,Public Works Department (PWD),Location 1563,28.605137,77.186659,false,false,MOBILISATION_ADVANCE:2025-10-18:74030
ESK-2564,DIST_103,202,Work 1565: SANITATION Project at Location 1564,Synthetic work description for demo data import,SANITATION,2253308,2253308,2253308,2023-01-17,2023-02-26,2025-01-26,COMPLETED,100,true,Rural Development Agency (DRDA),Location 1564,28.667369,77.163980,true,false,MOBILISATION_ADVANCE:2023-03-24:337996|RUNNING_BILL:2023-07-21:525772|RUNNING_BILL:2023-09-22:525772|RUNNING_BILL:2023-12-17:525772|FINAL_BILL:2024-03-01:225331|RETENTION_RELEASE:2024-08-28:112665
ESK-2565,DIST_102,204,Work 1566: SANITATION Project at Location 1565,Synthetic work description for demo data import,SANITATION,1046308,889363,1046308,2025-10-01,2025-10-23,2026-03-08,COMPLETED,100,false,Irrigation & Flood Control Dept,Location 1565,28.535572,77.335771,false,false,MOBILISATION_ADVANCE:2025-12-05:156946|RUNNING_BILL:2026-03-19:244139|RUNNING_BILL:2026-06-04:244139|RUNNING_BILL:2026-08-28:244139
ESK-2566,DIST_102,202,Work 1567: OTHER Project at Location 1566,Synthetic work description for demo data import,OTHER,1542952,231443,1542952,2025-12-06,2025-12-26,2026-09-05,COMPLETED,100,false,Rural Development Agency (DRDA),Location 1566,28.690625,77.354950,false,false,MOBILISATION_ADVANCE:2026-02-06:231443
ESK-2567,DIST_101,201,Work 1568: SANITATION Project at Location 1567,Synthetic work description for demo data import,SANITATION,1848474,1848475,1848474,2023-10-12,2023-11-30,2024-04-13,COMPLETED,100,false,Rural Development Agency (DRDA),Location 1567,28.688283,77.259588,false,false,MOBILISATION_ADVANCE:2023-12-10:277271|RUNNING_BILL:2024-03-17:431311|RUNNING_BILL:2024-05-21:431311|RUNNING_BILL:2024-07-20:431311|FINAL_BILL:2024-10-03:184847|RETENTION_RELEASE:2025-04-01:92424
ESK-2568,DIST_103,203,Work 1569: EDUCATION Project at Location 1568,Synthetic work description for demo data import,EDUCATION,2643084,2246621,2643084,2025-11-18,2025-12-14,2026-09-05,COMPLETED,100,false,Municipal Corporation,Location 1568,28.570668,77.300219,true,false,MOBILISATION_ADVANCE:2026-01-07:396463|RUNNING_BILL:2026-04-28:925079|RUNNING_BILL:2026-07-18:925079
ESK-2569,DIST_103,201,Work 1570: SANITATION Project at Location 1569,Synthetic work description for demo data import,SANITATION,736297,699483,736297,2025-11-17,2025-12-22,2026-07-14,COMPLETED,100,false,Public Works Department (PWD),Location 1569,28.657647,77.210961,false,false,MOBILISATION_ADVANCE:2026-01-24:110445|RUNNING_BILL:2026-04-23:257704|RUNNING_BILL:2026-06-18:257704|FINAL_BILL:2026-09-01:73630
ESK-2570,DIST_103,203,Work 1571: DRINKING_WATER Project at Location 1570,Synthetic work description for demo data import,DRINKING_WATER,481148,203525,45238,2023-11-13,2023-12-17,,IN_PROGRESS,39,false,Rural Development Agency (DRDA),Location 1570,28.638496,77.280047,false,false,MOBILISATION_ADVANCE:2024-01-26:72172|RUNNING_BILL:2024-04-25:131353
ESK-2571,DIST_102,201,Work 1572: HEALTH Project at Location 1571,Synthetic work description for demo data import,HEALTH,430479,430480,430479,2024-04-13,2024-05-09,2024-09-24,COMPLETED,100,false,Irrigation & Flood Control Dept,Location 1571,28.731414,77.221453,false,false,MOBILISATION_ADVANCE:2024-06-07:64572|RUNNING_BILL:2024-08-25:150668|RUNNING_BILL:2024-10-20:150668|FINAL_BILL:2025-01-03:43048|RETENTION_RELEASE:2025-07-02:21524
ESK-2572,DIST_103,201,Work 1573: ROADS_BRIDGES Project at Location 1572,Synthetic work description for demo data import,ROADS_BRIDGES,2840673,2698640,2840673,2025-06-05,2025-07-06,2026-09-05,COMPLETED,100,true,Public Works Department (PWD),Location 1572,28.649665,77.158698,false,false,MOBILISATION_ADVANCE:2025-08-03:426101|RUNNING_BILL:2025-12-01:497118|RUNNING_BILL:2026-01-18:497118|RUNNING_BILL:2026-03-30:497118|RUNNING_BILL:2026-05-19:497118|FINAL_BILL:2026-08-02:284067
ESK-2573,DIST_103,201,Work 1574: ROADS_BRIDGES Project at Location 1573,Synthetic work description for demo data import,ROADS_BRIDGES,247417,247418,247417,2024-09-26,2024-10-18,2026-01-21,COMPLETED,100,true,Irrigation & Flood Control Dept,Location 1573,28.528672,77.246911,false,true,MOBILISATION_ADVANCE:2024-11-30:37113|RUNNING_BILL:2025-03-01:43298|RUNNING_BILL:2025-05-25:43298|RUNNING_BILL:2025-07-19:43298|RUNNING_BILL:2025-09-16:43298|FINAL_BILL:2025-11-30:24742|RETENTION_RELEASE:2026-05-29:12371
ESK-2574,DIST_102,203,Work 1575: OTHER Project at Location 1574,Synthetic work description for demo data import,OTHER,4686319,702948,0,2026-01-30,2026-03-02,,NOT_STARTED,0,false,Irrigation & Flood Control Dept,Location 1574,28.546597,77.168977,false,false,MOBILISATION_ADVANCE:2026-04-13:702948
ESK-2575,DIST_102,202,Work 1576: SANITATION Project at Location 1575,Synthetic work description for demo data import,SANITATION,4666306,3476398,2321834,2024-10-26,2024-11-22,,IN_PROGRESS,85,false,Rural Development Agency (DRDA),Location 1575,28.729603,77.230763,false,false,MOBILISATION_ADVANCE:2024-12-03:699946|RUNNING_BILL:2025-04-15:1388226|RUNNING_BILL:2025-06-05:1388226
ESK-2576,DIST_101,201,Work 1577: ROADS_BRIDGES Project at Location 1576,Synthetic work description for demo data import,ROADS_BRIDGES,907258,861895,907258,2025-07-05,2025-08-20,2026-06-15,COMPLETED,100,false,Rural Development Agency (DRDA),Location 1576,28.609190,77.256735,false,false,MOBILISATION_ADVANCE:2025-09-12:136089|RUNNING_BILL:2026-01-17:317540|RUNNING_BILL:2026-04-02:317540|FINAL_BILL:2026-06-16:90726
ESK-2577,DIST_104,204,Work 1578: OTHER Project at Location 1577,Synthetic work description for demo data import,OTHER,2392624,358894,1878990,2025-03-03,2025-04-01,,IN_PROGRESS,24,false,Public Works Department (PWD),Location 1577,28.598989,77.170890,false,false,MOBILISATION_ADVANCE:2025-04-25:358894
ESK-2578,DIST_103,202,Work 1579: ROADS_BRIDGES Project at Location 1578,Synthetic work description for demo data import,ROADS_BRIDGES,994090,994092,994090,2024-07-09,2024-08-15,2025-07-22,COMPLETED,100,true,Public Works Department (PWD),Location 1578,28.579654,77.151985,true,true,MOBILISATION_ADVANCE:2024-09-29:149114|RUNNING_BILL:2024-12-13:347932|RUNNING_BILL:2025-02-19:347932|FINAL_BILL:2025-05-05:99409|RETENTION_RELEASE:2025-11-01:49705
ESK-2579,DIST_102,204,Work 1580: DRINKING_WATER Project at Location 1579,Synthetic work description for demo data import,DRINKING_WATER,3084951,462743,3084951,2023-01-31,2023-03-20,2025-02-04,COMPLETED,100,true,Rural Development Agency (DRDA),Location 1579,28.633324,77.391140,false,false,MOBILISATION_ADVANCE:2023-04-16:462743
ESK-2580,DIST_103,203,Work 1581: EDUCATION Project at Location 1580,Synthetic work description for demo data import,EDUCATION,1416698,0,0,2026-06-15,,,NOT_STARTED,0,false,Municipal Corporation,Location 1580,28.625048,77.299034,false,false,
ESK-2581,DIST_102,204,Work 1582: SANITATION Project at Location 1581,Synthetic work description for demo data import,SANITATION,3922055,588308,3899540,2025-03-12,2025-03-22,,IN_PROGRESS,87,false,Rural Development Agency (DRDA),Location 1581,28.606964,77.165282,true,true,MOBILISATION_ADVANCE:2025-05-02:588308
ESK-2582,DIST_101,201,Work 1583: HEALTH Project at Location 1582,Synthetic work description for demo data import,HEALTH,920075,138011,920075,2024-08-13,2024-09-05,2025-07-29,COMPLETED,100,false,Rural Development Agency (DRDA),Location 1582,28.747115,77.259471,false,false,MOBILISATION_ADVANCE:2024-10-06:138011
ESK-2583,DIST_103,202,Work 1584: DRINKING_WATER Project at Location 1583,Synthetic work description for demo data import,DRINKING_WATER,380403,361384,380403,2025-05-06,2025-06-08,2026-09-05,COMPLETED,100,true,Public Works Department (PWD),Location 1583,28.547534,77.345167,false,false,MOBILISATION_ADVANCE:2025-06-22:57060|RUNNING_BILL:2025-10-03:66571|RUNNING_BILL:2025-12-09:66571|RUNNING_BILL:2026-03-03:66571|RUNNING_BILL:2026-05-07:66571|FINAL_BILL:2026-07-21:38040
ESK-2584,DIST_101,204,Work 1585: DRINKING_WATER Project at Location 1584,Synthetic work description for demo data import,DRINKING_WATER,1026962,1026962,1026962,2023-05-07,2023-06-21,2025-03-20,COMPLETED,100,false,Public Works Department (PWD),Location 1584,28.709319,77.180193,false,false,MOBILISATION_ADVANCE:2023-07-10:154044|RUNNING_BILL:2023-11-01:359437|RUNNING_BILL:2024-01-21:359437|FINAL_BILL:2024-04-05:102696|RETENTION_RELEASE:2024-10-02:51348
ESK-2585,DIST_101,202,Work 1586: DRINKING_WATER Project at Location 1585,Synthetic work description for demo data import,DRINKING_WATER,3939879,2273310,2534983,2025-09-30,2025-10-12,,IN_PROGRESS,61,false,Rural Development Agency (DRDA),Location 1585,28.546237,77.399406,false,false,MOBILISATION_ADVANCE:2025-11-15:590982|RUNNING_BILL:2026-02-10:1682328
ESK-2586,DIST_103,202,Work 1587: ROADS_BRIDGES Project at Location 1586,Synthetic work description for demo data import,ROADS_BRIDGES,1295465,774688,984755,2023-01-05,2023-01-25,,IN_PROGRESS,64,false,Municipal Corporation,Location 1586,28.596883,77.256559,false,false,MOBILISATION_ADVANCE:2023-02-20:194320|RUNNING_BILL:2023-05-13:290184|RUNNING_BILL:2023-07-08:290184
ESK-2587,DIST_102,203,Work 1588: OTHER Project at Location 1587,Synthetic work description for demo data import,OTHER,2869041,1936602,2869041,2025-09-04,2025-10-09,2026-05-20,COMPLETED,100,true,Municipal Corporation,Location 1587,28.684993,77.277388,false,false,MOBILISATION_ADVANCE:2025-10-28:430356|RUNNING_BILL:2026-03-08:502082|RUNNING_BILL:2026-05-27:502082|RUNNING_BILL:2026-08-25:502082
ESK-2588,DIST_104,203,Work 1589: EDUCATION Project at Location 1588,Synthetic work description for demo data import,EDUCATION,2354583,0,0,2025-11-25,2025-12-25,,ON_HOLD,81,false,Irrigation & Flood Control Dept,Location 1588,28.503606,77.171579,false,false,
ESK-2589,DIST_102,201,Work 1590: OTHER Project at Location 1589,Synthetic work description for demo data import,OTHER,3483052,0,0,2026-07-26,,,CANCELLED,0,false,Municipal Corporation,Location 1589,28.601353,77.383655,false,false,
ESK-2590,DIST_104,202,Work 1591: SANITATION Project at Location 1590,Synthetic work description for demo data import,SANITATION,1287292,0,1287292,2024-09-01,2024-10-05,2026-08-17,COMPLETED,100,false,Irrigation & Flood Control Dept,Location 1590,28.561579,77.227731,false,false,
ESK-2591,DIST_101,203,Work 1592: HEALTH Project at Location 1591,Synthetic work description for demo data import,HEALTH,3357547,2665892,1484358,2022-09-07,2022-10-09,,IN_PROGRESS,92,false,Public Works Department (PWD),Location 1591,28.647954,77.285846,true,false,MOBILISATION_ADVANCE:2022-10-27:503632|RUNNING_BILL:2023-02-22:1081130|RUNNING_BILL:2023-04-08:1081130
ESK-2592,DIST_103,204,Work 1593: DRINKING_WATER Project at Location 1592,Synthetic work description for demo data import,DRINKING_WATER,4913625,805834,4497992,2024-04-21,2024-05-25,,IN_PROGRESS,2,false,Municipal Corporation,Location 1592,28.584223,77.233289,false,false,MOBILISATION_ADVANCE:2024-06-27:737044|RUNNING_BILL:2024-09-16:22930|RUNNING_BILL:2024-10-31:22930|RUNNING_BILL:2025-01-23:22930
ESK-2593,DIST_103,202,Work 1594: SANITATION Project at Location 1593,Synthetic work description for demo data import,SANITATION,2054525,1027263,2054525,2026-02-16,2026-04-04,2026-09-05,COMPLETED,100,true,Municipal Corporation,Location 1593,28.661471,77.248202,false,false,MOBILISATION_ADVANCE:2026-04-29:308179|RUNNING_BILL:2026-08-15:719084
ESK-2594,DIST_101,204,Work 1595: HEALTH Project at Location 1594,Synthetic work description for demo data import,HEALTH,3061250,3061252,3061250,2022-12-12,2023-01-18,2023-09-06,COMPLETED,100,true,Irrigation & Flood Control Dept,Location 1594,28.633357,77.293164,false,false,MOBILISATION_ADVANCE:2023-02-25:459188|RUNNING_BILL:2023-05-03:535719|RUNNING_BILL:2023-07-12:535719|RUNNING_BILL:2023-10-01:535719|RUNNING_BILL:2023-11-27:535719|FINAL_BILL:2024-02-10:306125|RETENTION_RELEASE:2024-08-08:153063
ESK-2595,DIST_102,202,Work 1596: EDUCATION Project at Location 1595,Synthetic work description for demo data import,EDUCATION,3703139,1825647,2527861,2025-04-25,2025-06-01,,IN_PROGRESS,49,false,Municipal Corporation,Location 1595,28.561313,77.343975,false,false,MOBILISATION_ADVANCE:2025-07-14:555471|RUNNING_BILL:2025-10-11:635088|RUNNING_BILL:2025-12-06:635088
ESK-2596,DIST_102,202,Work 1597: ROADS_BRIDGES Project at Location 1596,Synthetic work description for demo data import,ROADS_BRIDGES,2512402,2512400,2512402,2023-07-16,2023-07-28,2024-08-15,COMPLETED,100,true,Public Works Department (PWD),Location 1596,28.541148,77.258565,false,false,MOBILISATION_ADVANCE:2023-08-27:376860|RUNNING_BILL:2023-11-16:439670|RUNNING_BILL:2024-01-03:439670|RUNNING_BILL:2024-03-29:439670|RUNNING_BILL:2024-06-24:439670|FINAL_BILL:2024-09-07:251240|RETENTION_RELEASE:2025-03-06:125620
ESK-2597,DIST_102,201,Work 1598: OTHER Project at Location 1597,Synthetic work description for demo data import,OTHER,3172660,0,0,2026-08-15,,,NOT_STARTED,0,false,Public Works Department (PWD),Location 1597,28.566314,77.229697,false,false,
ESK-2598,DIST_103,201,Work 1599: HEALTH Project at Location 1598,Synthetic work description for demo data import,HEALTH,344798,344800,344798,2024-11-03,2024-11-17,2025-12-18,COMPLETED,100,false,Municipal Corporation,Location 1598,28.686670,77.192670,false,false,MOBILISATION_ADVANCE:2024-12-16:51720|RUNNING_BILL:2025-03-13:60340|RUNNING_BILL:2025-06-03:60340|RUNNING_BILL:2025-07-23:60340|RUNNING_BILL:2025-09-13:60340|FINAL_BILL:2025-11-27:34480|RETENTION_RELEASE:2026-05-26:17240
ESK-2599,DIST_103,203,Work 1600: DRINKING_WATER Project at Location 1599,Synthetic work description for demo data import,DRINKING_WATER,4190133,628520,2598822,2024-02-26,2024-03-14,,IN_PROGRESS,51,false,Rural Development Agency (DRDA),Location 1599,28.577054,77.154509,false,false,MOBILISATION_ADVANCE:2024-04-09:628520
ESK-2600,DIST_102,201,Work 1601: OTHER Project at Location 1600,Synthetic work description for demo data import,OTHER,553763,553764,553763,2023-03-22,2023-04-08,2024-12-30,COMPLETED,100,false,Municipal Corporation,Location 1600,28.536020,77.395980,false,false,MOBILISATION_ADVANCE:2023-05-06:83064|RUNNING_BILL:2023-07-25:96909|RUNNING_BILL:2023-09-11:96909|RUNNING_BILL:2023-11-25:96909|RUNNING_BILL:2024-01-10:96909|FINAL_BILL:2024-03-25:55376|RETENTION_RELEASE:2024-09-21:27688
ESK-2601,DIST_101,203,Work 1602: OTHER Project at Location 1601,Synthetic work description for demo data import,OTHER,3156197,0,0,2022-12-06,2023-01-03,,CANCELLED,0,false,Rural Development Agency (DRDA),Location 1601,28.657103,77.223516,true,false,
ESK-2602,DIST_103,202,Work 1603: EDUCATION Project at Location 1602,Synthetic work description for demo data import,EDUCATION,324120,118952,85770,2022-08-31,2022-10-17,,IN_PROGRESS,31,false,Rural Development Agency (DRDA),Location 1602,28.532321,77.260288,true,false,MOBILISATION_ADVANCE:2022-10-29:48618|RUNNING_BILL:2023-02-17:35167|RUNNING_BILL:2023-04-27:35167
ESK-2603,DIST_102,202,Work 1604: SANITATION Project at Location 1603,Synthetic work description for demo data import,SANITATION,3207298,1468943,1501845,2023-12-21,2024-01-18,,IN_PROGRESS,44,false,Rural Development Agency (DRDA),Location 1603,28.596031,77.273633,false,false,MOBILISATION_ADVANCE:2024-02-03:481095|RUNNING_BILL:2024-05-26:987848
ESK-2604,DIST_102,201,Work 1605: EDUCATION Project at Location 1604,Synthetic work description for demo data import,EDUCATION,4859360,0,0,2026-04-10,2026-05-16,,ON_HOLD,76,false,Rural Development Agency (DRDA),Location 1604,28.682404,77.324329,false,false,
ESK-2605,DIST_101,203,Work 1606: ROADS_BRIDGES Project at Location 1605,Synthetic work description for demo data import,ROADS_BRIDGES,3431913,1139395,2060400,2025-12-28,2026-01-28,,IN_PROGRESS,39,false,Public Works Department (PWD),Location 1605,28.616390,77.324692,false,false,MOBILISATION_ADVANCE:2026-03-08:514787|RUNNING_BILL:2026-06-23:312304|RUNNING_BILL:2026-08-16:312304
ESK-2606,DIST_103,202,Work 1607: HEALTH Project at Location 1606,Synthetic work description for demo data import,HEALTH,2951259,442689,749421,2023-11-25,2024-01-09,,IN_PROGRESS,90,false,Irrigation & Flood Control Dept,Location 1606,28.698102,77.243825,false,true,MOBILISATION_ADVANCE:2024-01-30:442689
ESK-2607,DIST_103,204,Work 1608: HEALTH Project at Location 1607,Synthetic work description for demo data import,HEALTH,1373844,0,1373844,2024-05-06,2024-05-16,2025-11-14,COMPLETED,100,true,Rural Development Agency (DRDA),Location 1607,28.717182,77.181363,false,false,
ESK-2608,DIST_104,203,Work 1609: EDUCATION Project at Location 1608,Synthetic work description for demo data import,EDUCATION,1248454,187268,1248454,2024-02-28,2024-03-08,2025-03-13,COMPLETED,100,true,Public Works Department (PWD),Location 1608,28.501239,77.294561,false,false,MOBILISATION_ADVANCE:2024-03-23:187268
ESK-2609,DIST_103,203,Work 1610: SANITATION Project at Location 1609,Synthetic work description for demo data import,SANITATION,1111477,1111478,1111477,2023-11-12,2023-12-07,2025-09-14,COMPLETED,100,true,Irrigation & Flood Control Dept,Location 1609,28.559063,77.263354,false,false,MOBILISATION_ADVANCE:2024-01-02:166722|RUNNING_BILL:2024-04-09:389017|RUNNING_BILL:2024-06-14:389017|FINAL_BILL:2024-08-28:111148|RETENTION_RELEASE:2025-02-24:55574
ESK-2610,DIST_104,201,Work 1611: DRINKING_WATER Project at Location 1610,Synthetic work description for demo data import,DRINKING_WATER,2485712,2485714,2485712,2023-10-03,2023-11-19,2024-09-15,COMPLETED,100,true,Irrigation & Flood Control Dept,Location 1610,28.727222,77.304742,false,false,MOBILISATION_ADVANCE:2023-12-18:372857|RUNNING_BILL:2024-03-14:435000|RUNNING_BILL:2024-05-31:435000|RUNNING_BILL:2024-08-15:435000|RUNNING_BILL:2024-10-28:435000|FINAL_BILL:2025-01-11:248571|RETENTION_RELEASE:2025-07-10:124286
ESK-2611,DIST_101,203,Work 1612: DRINKING_WATER Project at Location 1611,Synthetic work description for demo data import,DRINKING_WATER,3095815,3095815,3095815,2023-02-05,2023-03-02,2024-11-18,COMPLETED,100,false,Public Works Department (PWD),Location 1611,28.545524,77.374432,false,false,MOBILISATION_ADVANCE:2023-04-08:464372|RUNNING_BILL:2023-06-15:1083535|RUNNING_BILL:2023-08-07:1083535|FINAL_BILL:2023-10-21:309582|RETENTION_RELEASE:2024-04-18:154791
ESK-2612,DIST_102,203,Work 1613: OTHER Project at Location 1612,Synthetic work description for demo data import,OTHER,889451,0,889451,2024-07-26,2024-08-23,2025-02-06,COMPLETED,100,true,Public Works Department (PWD),Location 1612,28.668413,77.240053,false,true,
ESK-2613,DIST_103,202,Work 1614: DRINKING_WATER Project at Location 1613,Synthetic work description for demo data import,DRINKING_WATER,4772501,3020993,3065882,2022-08-24,2022-09-08,,IN_PROGRESS,69,false,Rural Development Agency (DRDA),Location 1613,28.713864,77.171995,false,false,MOBILISATION_ADVANCE:2022-09-23:715875|RUNNING_BILL:2023-02-03:1152559|RUNNING_BILL:2023-04-20:1152559
ESK-2614,DIST_102,202,Work 1615: OTHER Project at Location 1614,Synthetic work description for demo data import,OTHER,2302463,1199583,2193276,2024-10-17,2024-11-02,,IN_PROGRESS,53,false,Irrigation & Flood Control Dept,Location 1614,28.670571,77.169073,true,false,MOBILISATION_ADVANCE:2024-11-14:345369|RUNNING_BILL:2025-03-03:854214
ESK-2615,DIST_104,203,Work 1616: HEALTH Project at Location 1615,Synthetic work description for demo data import,HEALTH,2113431,0,2113431,2022-12-29,2023-02-06,2024-01-05,COMPLETED,100,true,Public Works Department (PWD),Location 1615,28.637154,77.257866,true,false,
ESK-2616,DIST_103,202,Work 1617: OTHER Project at Location 1616,Synthetic work description for demo data import,OTHER,4980943,921474,3180582,2023-08-13,2023-09-29,,IN_PROGRESS,5,false,Rural Development Agency (DRDA),Location 1616,28.622709,77.298552,true,false,MOBILISATION_ADVANCE:2023-10-16:747141|RUNNING_BILL:2024-02-21:58111|RUNNING_BILL:2024-05-20:58111|RUNNING_BILL:2024-07-30:58111
ESK-2617,DIST_104,201,Work 1618: HEALTH Project at Location 1617,Synthetic work description for demo data import,HEALTH,4413768,1465371,865313,2025-01-19,2025-02-19,,IN_PROGRESS,26,false,Irrigation & Flood Control Dept,Location 1617,28.581338,77.208907,true,false,MOBILISATION_ADVANCE:2025-04-03:662065|RUNNING_BILL:2025-06-04:401653|RUNNING_BILL:2025-08-11:401653
ESK-2618,DIST_104,201,Work 1619: HEALTH Project at Location 1618,Synthetic work description for demo data import,HEALTH,1744150,1744150,1744150,2025-01-05,2025-02-10,2025-09-16,COMPLETED,100,true,Municipal Corporation,Location 1618,28.702493,77.310713,false,false,MOBILISATION_ADVANCE:2025-02-28:261623|RUNNING_BILL:2025-07-03:406968|RUNNING_BILL:2025-09-27:406968|RUNNING_BILL:2025-11-16:406968|FINAL_BILL:2026-01-30:174415|RETENTION_RELEASE:2026-07-29:87208
ESK-2619,DIST_102,203,Work 1620: OTHER Project at Location 1619,Synthetic work description for demo data import,OTHER,951085,951086,951085,2023-10-09,2023-11-11,2024-04-02,COMPLETED,100,true,Public Works Department (PWD),Location 1619,28.669771,77.215169,false,true,MOBILISATION_ADVANCE:2023-12-08:142663|RUNNING_BILL:2024-02-27:166440|RUNNING_BILL:2024-05-03:166440|RUNNING_BILL:2024-07-07:166440|RUNNING_BILL:2024-09-17:166440|FINAL_BILL:2024-12-01:95109|RETENTION_RELEASE:2025-05-30:47554
ESK-2620,DIST_104,201,Work 1621: SANITATION Project at Location 1620,Synthetic work description for demo data import,SANITATION,2147282,1058610,0,2023-01-10,2023-01-29,,ON_HOLD,49,false,Municipal Corporation,Location 1620,28.708630,77.198006,false,false,MOBILISATION_ADVANCE:2023-02-14:322092|RUNNING_BILL:2023-05-25:368259|RUNNING_BILL:2023-07-14:368259
ESK-2621,DIST_101,204,Work 1622: OTHER Project at Location 1621,Synthetic work description for demo data import,OTHER,1915919,1915920,1915919,2023-09-01,2023-10-18,2024-11-20,COMPLETED,100,true,Rural Development Agency (DRDA),Location 1621,28.729980,77.155101,false,false,MOBILISATION_ADVANCE:2023-11-20:287388|RUNNING_BILL:2024-01-31:335286|RUNNING_BILL:2024-04-07:335286|RUNNING_BILL:2024-07-06:335286|RUNNING_BILL:2024-09-29:335286|FINAL_BILL:2024-12-13:191592|RETENTION_RELEASE:2025-06-11:95796
ESK-2622,DIST_102,203,Work 1623: EDUCATION Project at Location 1622,Synthetic work description for demo data import,EDUCATION,2262497,2149373,2262497,2025-11-09,2025-12-02,2026-09-04,COMPLETED,100,true,Public Works Department (PWD),Location 1622,28.571935,77.319176,false,false,MOBILISATION_ADVANCE:2025-12-31:339375|RUNNING_BILL:2026-03-27:791874|RUNNING_BILL:2026-05-31:791874|FINAL_BILL:2026-08-14:226250
ESK-2623,DIST_102,204,Work 1624: DRINKING_WATER Project at Location 1623,Synthetic work description for demo data import,DRINKING_WATER,914515,914516,914515,2023-01-13,2023-02-28,2023-09-04,COMPLETED,100,false,Rural Development Agency (DRDA),Location 1623,28.566677,77.395575,false,false,MOBILISATION_ADVANCE:2023-03-25:137177|RUNNING_BILL:2023-06-27:213387|RUNNING_BILL:2023-08-22:213387|RUNNING_BILL:2023-11-12:213387|FINAL_BILL:2024-01-26:91452|RETENTION_RELEASE:2024-07-24:45726
ESK-2624,DIST_101,201,Work 1625: ROADS_BRIDGES Project at Location 1624,Synthetic work description for demo data import,ROADS_BRIDGES,1778735,1778737,1778735,2024-04-10,2024-05-12,2024-10-13,COMPLETED,100,true,Public Works Department (PWD),Location 1624,28.693806,77.324317,false,false,MOBILISATION_ADVANCE:2024-06-11:266810|RUNNING_BILL:2024-09-27:311279|RUNNING_BILL:2024-12-15:311279|RUNNING_BILL:2025-03-13:311279|RUNNING_BILL:2025-04-29:311279|FINAL_BILL:2025-07-13:177874|RETENTION_RELEASE:2026-01-09:88937
ESK-2625,DIST_103,204,Work 1626: OTHER Project at Location 1625,Synthetic work description for demo data import,OTHER,324777,324778,324777,2023-02-21,2023-04-08,2025-02-25,COMPLETED,100,false,Rural Development Agency (DRDA),Location 1625,28.573068,77.317210,false,false,MOBILISATION_ADVANCE:2023-05-08:48717|RUNNING_BILL:2023-08-11:56836|RUNNING_BILL:2023-10-30:56836|RUNNING_BILL:2024-01-19:56836|RUNNING_BILL:2024-04-01:56836|FINAL_BILL:2024-06-15:32478|RETENTION_RELEASE:2024-12-12:16239
ESK-2626,DIST_101,204,Work 1627: ROADS_BRIDGES Project at Location 1626,Synthetic work description for demo data import,ROADS_BRIDGES,4586632,3384935,3532650,2022-08-13,2022-09-27,,IN_PROGRESS,84,false,Irrigation & Flood Control Dept,Location 1626,28.663799,77.237287,false,false,MOBILISATION_ADVANCE:2022-10-15:687995|RUNNING_BILL:2023-01-12:2696940
ESK-2627,DIST_101,203,Work 1628: HEALTH Project at Location 1627,Synthetic work description for demo data import,HEALTH,3112756,466913,1969055,2026-05-26,2026-06-10,,IN_PROGRESS,54,false,Municipal Corporation,Location 1627,28.683804,77.199881,false,false,MOBILISATION_ADVANCE:2026-07-16:466913
ESK-2628,DIST_101,201,Work 1629: DRINKING_WATER Project at Location 1628,Synthetic work description for demo data import,DRINKING_WATER,621757,238341,621757,2026-01-13,2026-02-20,2026-07-27,COMPLETED,100,true,Public Works Department (PWD),Location 1628,28.726025,77.271320,false,true,MOBILISATION_ADVANCE:2026-04-06:93264|RUNNING_BILL:2026-06-27:145077
ESK-2629,DIST_101,201,Work 1630: EDUCATION Project at Location 1629,Synthetic work description for demo data import,EDUCATION,1983323,1884155,1983323,2025-09-15,2025-09-25,2026-06-04,COMPLETED,100,false,Irrigation & Flood Control Dept,Location 1629,28.700344,77.344937,false,true,MOBILISATION_ADVANCE:2025-10-20:297498|RUNNING_BILL:2026-01-29:462775|RUNNING_BILL:2026-04-08:462775|RUNNING_BILL:2026-06-20:462775|FINAL_BILL:2026-09-03:198332
ESK-2630,DIST_103,204,Work 1631: ROADS_BRIDGES Project at Location 1630,Synthetic work description for demo data import,ROADS_BRIDGES,1210268,1210268,1210268,2023-03-23,2023-03-29,2024-10-20,COMPLETED,100,false,Public Works Department (PWD),Location 1630,28.504904,77.348822,false,false,MOBILISATION_ADVANCE:2023-04-19:181540|RUNNING_BILL:2023-08-04:423594|RUNNING_BILL:2023-10-09:423594|FINAL_BILL:2023-12-23:121027|RETENTION_RELEASE:2024-06-20:60513
ESK-2631,DIST_102,204,Work 1632: EDUCATION Project at Location 1631,Synthetic work description for demo data import,EDUCATION,3917161,587574,0,2025-06-25,2025-08-06,,NOT_STARTED,0,false,Irrigation & Flood Control Dept,Location 1631,28.713254,77.224844,false,false,MOBILISATION_ADVANCE:2025-09-15:587574
ESK-2632,DIST_103,202,Work 1633: HEALTH Project at Location 1632,Synthetic work description for demo data import,HEALTH,1035364,155305,1035364,2023-01-28,2023-02-21,2024-09-14,COMPLETED,100,true,Public Works Department (PWD),Location 1632,28.602465,77.313795,false,false,MOBILISATION_ADVANCE:2023-04-02:155305
ESK-2633,DIST_102,203,Work 1634: DRINKING_WATER Project at Location 1633,Synthetic work description for demo data import,DRINKING_WATER,1453167,1453166,1453167,2024-03-21,2024-04-11,2025-06-08,COMPLETED,100,false,Municipal Corporation,Location 1633,28.719797,77.229953,false,false,MOBILISATION_ADVANCE:2024-05-25:217975|RUNNING_BILL:2024-08-15:339072|RUNNING_BILL:2024-10-13:339072|RUNNING_BILL:2025-01-05:339072|FINAL_BILL:2025-03-21:145317|RETENTION_RELEASE:2025-09-17:72658
ESK-2634,DIST_102,204,Work 1635: SANITATION Project at Location 1634,Synthetic work description for demo data import,SANITATION,3986491,597974,0,2024-05-25,2024-06-14,,NOT_STARTED,0,false,Public Works Department (PWD),Location 1634,28.505470,77.361303,false,false,MOBILISATION_ADVANCE:2024-07-07:597974|RUNNING_BILL:2024-10-10:0|RUNNING_BILL:2025-01-05:0
ESK-2635,DIST_104,204,Work 1636: DRINKING_WATER Project at Location 1635,Synthetic work description for demo data import,DRINKING_WATER,2361795,717986,595823,2022-12-25,2023-01-25,,IN_PROGRESS,22,false,Public Works Department (PWD),Location 1635,28.707225,77.319972,false,true,MOBILISATION_ADVANCE:2023-02-07:354269|RUNNING_BILL:2023-06-15:121239|RUNNING_BILL:2023-08-13:121239|RUNNING_BILL:2023-11-06:121239
ESK-2636,DIST_104,204,Work 1637: DRINKING_WATER Project at Location 1636,Synthetic work description for demo data import,DRINKING_WATER,1333219,629279,0,2025-04-09,2025-04-23,,ON_HOLD,46,false,Irrigation & Flood Control Dept,Location 1636,28.512457,77.367220,true,false,MOBILISATION_ADVANCE:2025-05-12:199983|RUNNING_BILL:2025-09-19:214648|RUNNING_BILL:2025-11-20:214648
ESK-2637,DIST_102,203,Work 1638: EDUCATION Project at Location 1637,Synthetic work description for demo data import,EDUCATION,3157515,805166,1790195,2025-12-19,2026-01-29,,IN_PROGRESS,15,false,Irrigation & Flood Control Dept,Location 1637,28.659521,77.157668,false,false,MOBILISATION_ADVANCE:2026-03-06:473627|RUNNING_BILL:2026-06-05:331539
ESK-2638,DIST_103,201,Work 1639: EDUCATION Project at Location 1638,Synthetic work description for demo data import,EDUCATION,1758342,1758342,1758342,2024-12-01,2024-12-06,2025-04-07,COMPLETED,100,false,Rural Development Agency (DRDA),Location 1638,28.734724,77.393377,false,false,MOBILISATION_ADVANCE:2025-01-04:263751|RUNNING_BILL:2025-04-19:410280|RUNNING_BILL:2025-07-16:410280|RUNNING_BILL:2025-09-07:410280|FINAL_BILL:2025-11-21:175834|RETENTION_RELEASE:2026-05-20:87917
ESK-2639,DIST_101,203,Work 1640: HEALTH Project at Location 1639,Synthetic work description for demo data import,HEALTH,1465176,1465177,1465176,2025-03-20,2025-04-18,2025-11-04,COMPLETED,100,true,Rural Development Agency (DRDA),Location 1639,28.733385,77.367808,false,false,MOBILISATION_ADVANCE:2025-05-29:219776|RUNNING_BILL:2025-08-24:512812|RUNNING_BILL:2025-11-06:512812|FINAL_BILL:2026-01-20:146518|RETENTION_RELEASE:2026-07-19:73259
ESK-2640,DIST_104,202,Work 1641: ROADS_BRIDGES Project at Location 1640,Synthetic work description for demo data import,ROADS_BRIDGES,2858718,0,0,2026-08-03,,,NOT_STARTED,0,false,Public Works Department (PWD),Location 1640,28.714419,77.225038,false,false,
ESK-2641,DIST_102,202,Work 1642: HEALTH Project at Location 1641,Synthetic work description for demo data import,HEALTH,286450,42968,0,2023-12-18,2023-12-24,,NOT_STARTED,0,false,Municipal Corporation,Location 1641,28.527129,77.205984,false,false,MOBILISATION_ADVANCE:2024-01-08:42968|RUNNING_BILL:2024-04-16:0
ESK-2642,DIST_101,203,Work 1643: ROADS_BRIDGES Project at Location 1642,Synthetic work description for demo data import,ROADS_BRIDGES,1067906,1014513,1067906,2025-04-15,2025-04-20,2026-08-22,COMPLETED,100,true,Public Works Department (PWD),Location 1642,28.542747,77.256543,false,false,MOBILISATION_ADVANCE:2025-05-14:160186|RUNNING_BILL:2025-09-03:186884|RUNNING_BILL:2025-11-13:186884|RUNNING_BILL:2026-02-08:186884|RUNNING_BILL:2026-03-26:186884|FINAL_BILL:2026-06-09:106791
ESK-2643,DIST_102,201,Work 1644: HEALTH Project at Location 1643,Synthetic work description for demo data import,HEALTH,1521618,1445537,1521618,2025-06-06,2025-07-13,2026-09-05,COMPLETED,100,true,Irrigation & Flood Control Dept,Location 1643,28.564480,77.311100,true,false,MOBILISATION_ADVANCE:2025-08-24:228243|RUNNING_BILL:2025-12-09:532566|RUNNING_BILL:2026-02-09:532566|FINAL_BILL:2026-04-25:152162
ESK-2644,DIST_103,201,Work 1645: OTHER Project at Location 1644,Synthetic work description for demo data import,OTHER,690240,690240,690240,2024-08-23,2024-09-04,2026-06-01,COMPLETED,100,false,Rural Development Agency (DRDA),Location 1644,28.638613,77.381020,false,false,MOBILISATION_ADVANCE:2024-10-17:103536|RUNNING_BILL:2025-01-19:241584|RUNNING_BILL:2025-03-21:241584|FINAL_BILL:2025-06-04:69024|RETENTION_RELEASE:2025-12-01:34512
ESK-2645,DIST_104,203,Work 1646: HEALTH Project at Location 1645,Synthetic work description for demo data import,HEALTH,1208423,781849,1108282,2022-08-29,2022-09-06,,IN_PROGRESS,71,false,Public Works Department (PWD),Location 1645,28.560240,77.241588,false,false,MOBILISATION_ADVANCE:2022-09-30:181263|RUNNING_BILL:2023-01-26:300293|RUNNING_BILL:2023-04-06:300293
ESK-2646,DIST_101,202,Work 1647: HEALTH Project at Location 1646,Synthetic work description for demo data import,HEALTH,1877248,1877248,1877248,2024-09-01,2024-09-28,2025-11-06,COMPLETED,100,true,Irrigation & Flood Control Dept,Location 1646,28.630351,77.380460,true,false,MOBILISATION_ADVANCE:2024-10-24:281587|RUNNING_BILL:2025-01-14:657037|RUNNING_BILL:2025-04-14:657037|FINAL_BILL:2025-06-28:187725|RETENTION_RELEASE:2025-12-25:93862
ESK-2647,DIST_101,204,Work 1648: OTHER Project at Location 1647,Synthetic work description for demo data import,OTHER,2509823,376473,2509823,2025-05-21,2025-06-20,2025-11-02,COMPLETED,100,true,Irrigation & Flood Control Dept,Location 1647,28.519358,77.318906,false,false,MOBILISATION_ADVANCE:2025-07-30:376473
ESK-2648,DIST_104,204,Work 1649: SANITATION Project at Location 1648,Synthetic work description for demo data import,SANITATION,2310174,1252114,1850701,2025-05-17,2025-06-04,,IN_PROGRESS,56,false,Municipal Corporation,Location 1648,28.716957,77.341405,false,false,MOBILISATION_ADVANCE:2025-07-07:346526|RUNNING_BILL:2025-10-21:452794|RUNNING_BILL:2026-01-16:452794
ESK-2649,DIST_102,204,Work 1650: OTHER Project at Location 1649,Synthetic work description for demo data import,OTHER,929130,0,929130,2023-10-06,2023-11-11,2025-05-25,COMPLETED,100,true,Municipal Corporation,Location 1649,28.726326,77.252692,false,false,
ESK-2650,DIST_103,204,Work 1651: EDUCATION Project at Location 1650,Synthetic work description for demo data import,EDUCATION,2156703,1833198,2156703,2025-09-21,2025-10-20,2026-09-05,COMPLETED,100,false,Municipal Corporation,Location 1650,28.700229,77.364515,false,false,MOBILISATION_ADVANCE:2025-11-02:323505|RUNNING_BILL:2026-03-03:503231|RUNNING_BILL:2026-05-06:503231|RUNNING_BILL:2026-07-14:503231
ESK-2651,DIST_104,204,Work 1652: DRINKING_WATER Project at Location 1651,Synthetic work description for demo data import,DRINKING_WATER,3765911,1724788,1697996,2025-12-16,2025-12-28,,IN_PROGRESS,44,false,Rural Development Agency (DRDA),Location 1651,28.574611,77.394543,false,false,MOBILISATION_ADVANCE:2026-01-25:564887|RUNNING_BILL:2026-05-03:1159901
ESK-2652,DIST_103,203,Work 1653: ROADS_BRIDGES Project at Location 1652,Synthetic work description for demo data import,ROADS_BRIDGES,2102603,315390,2102603,2023-09-24,2023-10-15,2024-02-24,COMPLETED,100,true,Irrigation & Flood Control Dept,Location 1652,28.701080,77.232579,false,false,MOBILISATION_ADVANCE:2023-11-06:315390
ESK-2653,DIST_102,204,Work 1654: HEALTH Project at Location 1653,Synthetic work description for demo data import,HEALTH,4668586,700288,0,2023-12-03,2024-01-02,,NOT_STARTED,0,false,Public Works Department (PWD),Location 1653,28.737440,77.182366,false,false,MOBILISATION_ADVANCE:2024-01-17:700288|RUNNING_BILL:2024-05-27:0|RUNNING_BILL:2024-08-16:0|RUNNING_BILL:2024-10-28:0
ESK-2654,DIST_101,202,Work 1655: OTHER Project at Location 1654,Synthetic work description for demo data import,OTHER,4227112,0,0,2026-06-14,,,CANCELLED,0,false,Public Works Department (PWD),Location 1654,28.527018,77.280952,false,true,
ESK-2655,DIST_102,204,Work 1656: DRINKING_WATER Project at Location 1655,Synthetic work description for demo data import,DRINKING_WATER,1698255,0,0,2025-11-23,2025-12-20,,CANCELLED,0,false,Rural Development Agency (DRDA),Location 1655,28.630129,77.320445,false,false,
ESK-2656,DIST_101,202,Work 1657: ROADS_BRIDGES Project at Location 1656,Synthetic work description for demo data import,ROADS_BRIDGES,774919,774918,774919,2024-03-28,2024-05-03,2026-02-05,COMPLETED,100,false,Irrigation & Flood Control Dept,Location 1656,28.744845,77.269764,false,false,MOBILISATION_ADVANCE:2024-05-22:116238|RUNNING_BILL:2024-09-05:180814|RUNNING_BILL:2024-11-08:180814|RUNNING_BILL:2024-12-28:180814|FINAL_BILL:2025-03-13:77492|RETENTION_RELEASE:2025-09-09:38746
ESK-2657,DIST_104,204,Work 1658: HEALTH Project at Location 1657,Synthetic work description for demo data import,HEALTH,3795333,1871099,0,2023-11-07,2023-12-24,,ON_HOLD,49,false,Municipal Corporation,Location 1657,28.695996,77.377308,true,false,MOBILISATION_ADVANCE:2024-02-05:569300|RUNNING_BILL:2024-04-17:433933|RUNNING_BILL:2024-06-04:433933|RUNNING_BILL:2024-08-15:433933
ESK-2658,DIST_102,201,Work 1659: ROADS_BRIDGES Project at Location 1658,Synthetic work description for demo data import,ROADS_BRIDGES,404905,0,287744,2023-12-05,2023-12-12,,IN_PROGRESS,20,false,Public Works Department (PWD),Location 1658,28.666299,77.290987,false,false,
ESK-2659,DIST_101,203,Work 1660: DRINKING_WATER Project at Location 1659,Synthetic work description for demo data import,DRINKING_WATER,621404,621403,621404,2025-01-05,2025-01-13,2026-06-14,COMPLETED,100,true,Rural Development Agency (DRDA),Location 1659,28.513162,77.261296,false,false,MOBILISATION_ADVANCE:2025-01-27:93211|RUNNING_BILL:2025-05-22:217491|RUNNING_BILL:2025-07-31:217491|FINAL_BILL:2025-10-14:62140|RETENTION_RELEASE:2026-04-12:31070
ESK-2660,DIST_104,203,Work 1661: SANITATION Project at Location 1660,Synthetic work description for demo data import,SANITATION,2296794,1839731,2230314,2025-05-25,2025-06-04,,IN_PROGRESS,93,false,Irrigation & Flood Control Dept,Location 1660,28.520670,77.320302,false,false,MOBILISATION_ADVANCE:2025-07-16:344519|RUNNING_BILL:2025-10-12:747606|RUNNING_BILL:2025-12-02:747606
ESK-2661,DIST_102,204,Work 1662: SANITATION Project at Location 1661,Synthetic work description for demo data import,SANITATION,779802,116970,0,2025-03-15,2025-04-03,,ON_HOLD,1,false,Rural Development Agency (DRDA),Location 1661,28.659682,77.162735,false,false,MOBILISATION_ADVANCE:2025-04-25:116970
ESK-2662,DIST_104,201,Work 1663: HEALTH Project at Location 1662,Synthetic work description for demo data import,HEALTH,1820316,273047,1820316,2022-09-27,2022-10-22,2024-01-29,COMPLETED,100,true,Municipal Corporation,Location 1662,28.501108,77.352000,false,false,MOBILISATION_ADVANCE:2022-11-14:273047
ESK-2663,DIST_104,204,Work 1664: ROADS_BRIDGES Project at Location 1663,Synthetic work description for demo data import,ROADS_BRIDGES,4112273,616841,857176,2024-11-29,2024-12-10,,IN_PROGRESS,74,false,Rural Development Agency (DRDA),Location 1663,28.626474,77.222020,false,false,MOBILISATION_ADVANCE:2024-12-21:616841
ESK-2664,DIST_102,201,Work 1665: OTHER Project at Location 1664,Synthetic work description for demo data import,OTHER,1206027,180904,1206027,2026-01-27,2026-02-09,2026-09-05,COMPLETED,100,false,Rural Development Agency (DRDA),Location 1664,28.708928,77.333931,false,false,MOBILISATION_ADVANCE:2026-02-21:180904
ESK-2665,DIST_104,204,Work 1666: OTHER Project at Location 1665,Synthetic work description for demo data import,OTHER,1085608,1031326,1085608,2025-06-04,2025-06-30,2026-09-05,COMPLETED,100,true,Irrigation & Flood Control Dept,Location 1665,28.552328,77.224822,false,false,MOBILISATION_ADVANCE:2025-07-27:162841|RUNNING_BILL:2025-10-16:189981|RUNNING_BILL:2025-12-16:189981|RUNNING_BILL:2026-02-20:189981|RUNNING_BILL:2026-04-26:189981|FINAL_BILL:2026-07-10:108561
ESK-2666,DIST_101,203,Work 1667: SANITATION Project at Location 1666,Synthetic work description for demo data import,SANITATION,2320521,2320520,2320521,2025-02-21,2025-03-05,2026-06-13,COMPLETED,100,true,Municipal Corporation,Location 1666,28.742712,77.394883,false,false,MOBILISATION_ADVANCE:2025-03-28:348078|RUNNING_BILL:2025-06-22:406091|RUNNING_BILL:2025-08-26:406091|RUNNING_BILL:2025-10-21:406091|RUNNING_BILL:2025-12-12:406091|FINAL_BILL:2026-02-25:232052|RETENTION_RELEASE:2026-08-24:116026
ESK-2667,DIST_101,204,Work 1668: ROADS_BRIDGES Project at Location 1667,Synthetic work description for demo data import,ROADS_BRIDGES,421896,400800,421896,2025-06-25,2025-08-12,2026-08-23,COMPLETED,100,true,Public Works Department (PWD),Location 1667,28.613144,77.227130,false,false,MOBILISATION_ADVANCE:2025-09-24:63284|RUNNING_BILL:2026-01-06:98442|RUNNING_BILL:2026-03-09:98442|RUNNING_BILL:2026-06-02:98442|FINAL_BILL:2026-08-16:42190
ESK-2668,DIST_101,202,Work 1669: OTHER Project at Location 1668,Synthetic work description for demo data import,OTHER,169764,169763,169764,2022-12-24,2023-01-29,2024-01-20,COMPLETED,100,false,Municipal Corporation,Location 1668,28.671759,77.161989,false,false,MOBILISATION_ADVANCE:2023-02-28:25465|RUNNING_BILL:2023-05-15:59417|RUNNING_BILL:2023-06-29:59417|FINAL_BILL:2023-09-12:16976|RETENTION_RELEASE:2024-03-10:8488
ESK-2669,DIST_103,204,Work 1670: HEALTH Project at Location 1669,Synthetic work description for demo data import,HEALTH,1541182,1541182,1541182,2025-05-03,2025-06-02,2026-09-05,COMPLETED,100,true,Irrigation & Flood Control Dept,Location 1669,28.683353,77.261393,false,false,MOBILISATION_ADVANCE:2025-06-20:231177|RUNNING_BILL:2025-10-01:539414|RUNNING_BILL:2025-12-07:539414|FINAL_BILL:2026-02-20:154118|RETENTION_RELEASE:2026-08-19:77059
ESK-2670,DIST_102,204,Work 1671: EDUCATION Project at Location 1670,Synthetic work description for demo data import,EDUCATION,611236,91685,608529,2026-05-25,2026-06-12,,IN_PROGRESS,7,false,Municipal Corporation,Location 1670,28.714038,77.172149,false,false,MOBILISATION_ADVANCE:2026-06-27:91685
ESK-2671,DIST_103,203,Work 1672: DRINKING_WATER Project at Location 1671,Synthetic work description for demo data import,DRINKING_WATER,1415417,0,1415417,2025-03-01,2025-03-30,2026-02-26,COMPLETED,100,true,Municipal Corporation,Location 1671,28.741856,77.338337,false,false,
ESK-2672,DIST_102,201,Work 1673: ROADS_BRIDGES Project at Location 1672,Synthetic work description for demo data import,ROADS_BRIDGES,4668872,1353974,0,2023-01-31,2023-03-19,,ON_HOLD,20,false,Rural Development Agency (DRDA),Location 1672,28.664868,77.160761,false,false,MOBILISATION_ADVANCE:2023-04-06:700331|RUNNING_BILL:2023-07-14:217881|RUNNING_BILL:2023-09-17:217881|RUNNING_BILL:2023-12-14:217881
ESK-2673,DIST_101,201,Work 1674: OTHER Project at Location 1673,Synthetic work description for demo data import,OTHER,2118465,1059233,2118465,2026-03-26,2026-04-23,2026-09-05,COMPLETED,100,false,Municipal Corporation,Location 1673,28.521785,77.244491,false,false,MOBILISATION_ADVANCE:2026-06-07:317770|RUNNING_BILL:2026-08-21:741463
ESK-2674,DIST_101,204,Work 1675: OTHER Project at Location 1674,Synthetic work description for demo data import,OTHER,2889068,2889068,2889068,2022-11-27,2023-01-09,2024-02-23,COMPLETED,100,true,Municipal Corporation,Location 1674,28.535424,77.345309,true,false,MOBILISATION_ADVANCE:2023-02-08:433360|RUNNING_BILL:2023-05-22:1011174|RUNNING_BILL:2023-07-30:1011174|FINAL_BILL:2023-10-13:288907|RETENTION_RELEASE:2024-04-10:144453
ESK-2675,DIST_104,201,Work 1676: DRINKING_WATER Project at Location 1675,Synthetic work description for demo data import,DRINKING_WATER,2415559,2294780,2415559,2025-08-27,2025-09-20,2026-09-04,COMPLETED,100,true,Irrigation & Flood Control Dept,Location 1675,28.515968,77.332747,true,false,MOBILISATION_ADVANCE:2025-10-09:362334|RUNNING_BILL:2026-01-21:563630|RUNNING_BILL:2026-03-07:563630|RUNNING_BILL:2026-06-02:563630|FINAL_BILL:2026-08-16:241556
ESK-2676,DIST_102,202,Work 1677: EDUCATION Project at Location 1676,Synthetic work description for demo data import,EDUCATION,1625874,1625874,1625874,2022-12-19,2022-12-31,2023-10-17,COMPLETED,100,false,Municipal Corporation,Location 1676,28.567984,77.229665,false,false,MOBILISATION_ADVANCE:2023-01-25:243881|RUNNING_BILL:2023-05-18:284528|RUNNING_BILL:2023-08-02:284528|RUNNING_BILL:2023-10-05:284528|RUNNING_BILL:2023-12-06:284528|FINAL_BILL:2024-02-19:162587|RETENTION_RELEASE:2024-08-17:81294
ESK-2677,DIST_102,201,Work 1678: ROADS_BRIDGES Project at Location 1677,Synthetic work description for demo data import,ROADS_BRIDGES,2070981,0,2070981,2022-12-28,2023-02-13,2024-01-16,COMPLETED,100,true,Municipal Corporation,Location 1677,28.650549,77.225119,true,false,
ESK-2678,DIST_101,203,Work 1679: EDUCATION Project at Location 1678,Synthetic work description for demo data import,EDUCATION,875377,875378,875377,2022-11-15,2022-12-22,2024-04-05,COMPLETED,100,false,Rural Development Agency (DRDA),Location 1678,28.676623,77.182092,false,true,MOBILISATION_ADVANCE:2023-01-29:131307|RUNNING_BILL:2023-04-14:153191|RUNNING_BILL:2023-06-25:153191|RUNNING_BILL:2023-08-23:153191|RUNNING_BILL:2023-11-02:153191|FINAL_BILL:2024-01-16:87538|RETENTION_RELEASE:2024-07-14:43769
ESK-2679,DIST_104,201,Work 1680: DRINKING_WATER Project at Location 1679,Synthetic work description for demo data import,DRINKING_WATER,1647290,0,1647290,2022-11-03,2022-11-28,2024-01-18,COMPLETED,100,true,Public Works Department (PWD),Location 1679,28.626510,77.285706,false,false,
ESK-2680,DIST_103,201,Work 1681: DRINKING_WATER Project at Location 1680,Synthetic work description for demo data import,DRINKING_WATER,4487518,673128,2924020,2026-05-27,2026-06-03,,IN_PROGRESS,99,false,Public Works Department (PWD),Location 1680,28.735675,77.287940,false,false,MOBILISATION_ADVANCE:2026-07-16:673128
ESK-2681,DIST_103,201,Work 1682: DRINKING_WATER Project at Location 1681,Synthetic work description for demo data import,DRINKING_WATER,2715139,2715140,2715139,2024-03-12,2024-04-11,2026-02-07,COMPLETED,100,true,Public Works Department (PWD),Location 1681,28.563600,77.314827,false,false,MOBILISATION_ADVANCE:2024-04-30:407271|RUNNING_BILL:2024-09-01:950299|RUNNING_BILL:2024-10-31:950299|FINAL_BILL:2025-01-14:271514|RETENTION_RELEASE:2025-07-13:135757
ESK-2682,DIST_101,202,Work 1683: EDUCATION Project at Location 1682,Synthetic work description for demo data import,EDUCATION,2143365,1086687,895735,2023-08-13,2023-09-06,,IN_PROGRESS,51,false,Municipal Corporation,Location 1682,28.713522,77.346900,false,false,MOBILISATION_ADVANCE:2023-09-22:321505|RUNNING_BILL:2024-01-20:382591|RUNNING_BILL:2024-03-14:382591
ESK-2683,DIST_103,204,Work 1684: OTHER Project at Location 1683,Synthetic work description for demo data import,OTHER,2024963,0,0,2026-08-30,,,NOT_STARTED,0,false,Rural Development Agency (DRDA),Location 1683,28.711755,77.180919,false,false,
ESK-2684,DIST_103,204,Work 1685: OTHER Project at Location 1684,Synthetic work description for demo data import,OTHER,3016973,3016974,3016973,2024-03-05,2024-04-19,2025-04-26,COMPLETED,100,true,Public Works Department (PWD),Location 1684,28.684514,77.347677,false,false,MOBILISATION_ADVANCE:2024-05-18:452546|RUNNING_BILL:2024-09-02:1055941|RUNNING_BILL:2024-10-27:1055941|FINAL_BILL:2025-01-10:301697|RETENTION_RELEASE:2025-07-09:150849
ESK-2685,DIST_101,202,Work 1686: HEALTH Project at Location 1685,Synthetic work description for demo data import,HEALTH,456150,456152,456150,2022-11-20,2022-12-07,2024-02-12,COMPLETED,100,false,Irrigation & Flood Control Dept,Location 1685,28.664412,77.311681,true,false,MOBILISATION_ADVANCE:2023-01-12:68423|RUNNING_BILL:2023-05-05:159653|RUNNING_BILL:2023-07-16:159653|FINAL_BILL:2023-09-29:45615|RETENTION_RELEASE:2024-03-27:22808
ESK-2686,DIST_104,203,Work 1687: OTHER Project at Location 1686,Synthetic work description for demo data import,OTHER,939145,939144,939145,2022-11-06,2022-12-15,2023-10-07,COMPLETED,100,true,Municipal Corporation,Location 1686,28.517887,77.193421,false,false,MOBILISATION_ADVANCE:2023-01-24:140872|RUNNING_BILL:2023-04-12:164350|RUNNING_BILL:2023-06-07:164350|RUNNING_BILL:2023-07-27:164350|RUNNING_BILL:2023-09-19:164350|FINAL_BILL:2023-12-03:93915|RETENTION_RELEASE:2024-05-31:46957
ESK-2687,DIST_104,202,Work 1688: DRINKING_WATER Project at Location 1687,Synthetic work description for demo data import,DRINKING_WATER,337475,320601,337475,2025-06-30,2025-08-17,2026-09-05,COMPLETED,100,true,Public Works Department (PWD),Location 1687,28.709818,77.226877,true,false,MOBILISATION_ADVANCE:2025-09-15:50621|RUNNING_BILL:2026-01-06:118116|RUNNING_BILL:2026-03-15:118116|FINAL_BILL:2026-05-29:33748
ESK-2688,DIST_102,202,Work 1689: OTHER Project at Location 1688,Synthetic work description for demo data import,OTHER,776759,776760,776759,2025-03-08,2025-04-11,2026-03-29,COMPLETED,100,true,Municipal Corporation,Location 1688,28.583441,77.228786,false,false,MOBILISATION_ADVANCE:2025-05-25:116514|RUNNING_BILL:2025-08-01:181244|RUNNING_BILL:2025-09-27:181244|RUNNING_BILL:2025-11-29:181244|FINAL_BILL:2026-02-12:77676|RETENTION_RELEASE:2026-08-11:38838
ESK-2689,DIST_104,203,Work 1690: OTHER Project at Location 1689,Synthetic work description for demo data import,OTHER,3081329,0,3081329,2023-11-02,2023-11-12,2025-08-15,COMPLETED,100,true,Public Works Department (PWD),Location 1689,28.569294,77.364998,true,false,
ESK-2690,DIST_101,203,Work 1691: DRINKING_WATER Project at Location 1690,Synthetic work description for demo data import,DRINKING_WATER,518777,0,518777,2025-05-22,2025-05-31,2026-03-10,COMPLETED,100,true,Public Works Department (PWD),Location 1690,28.650559,77.176677,false,false,
ESK-2691,DIST_101,201,Work 1692: SANITATION Project at Location 1691,Synthetic work description for demo data import,SANITATION,1809839,1719348,1809839,2025-03-06,2025-03-11,2026-01-23,COMPLETED,100,false,Public Works Department (PWD),Location 1691,28.685102,77.259069,false,false,MOBILISATION_ADVANCE:2025-03-31:271476|RUNNING_BILL:2025-07-17:316722|RUNNING_BILL:2025-10-11:316722|RUNNING_BILL:2026-01-02:316722|RUNNING_BILL:2026-03-08:316722|FINAL_BILL:2026-05-22:180984
ESK-2692,DIST_101,203,Work 1693: EDUCATION Project at Location 1692,Synthetic work description for demo data import,EDUCATION,2889269,1100812,2228183,2024-04-22,2024-06-04,,IN_PROGRESS,33,false,Public Works Department (PWD),Location 1692,28.713203,77.320908,false,false,MOBILISATION_ADVANCE:2024-07-08:433390|RUNNING_BILL:2024-09-28:222474|RUNNING_BILL:2024-12-25:222474|RUNNING_BILL:2025-03-09:222474
ESK-2693,DIST_102,201,Work 1694: DRINKING_WATER Project at Location 1693,Synthetic work description for demo data import,DRINKING_WATER,2164619,2164620,2164619,2024-03-26,2024-04-01,2024-12-11,COMPLETED,100,true,Rural Development Agency (DRDA),Location 1693,28.643073,77.355582,false,false,MOBILISATION_ADVANCE:2024-04-18:324693|RUNNING_BILL:2024-08-29:757617|RUNNING_BILL:2024-11-24:757617|FINAL_BILL:2025-02-07:216462|RETENTION_RELEASE:2025-08-06:108231
ESK-2694,DIST_103,202,Work 1695: DRINKING_WATER Project at Location 1694,Synthetic work description for demo data import,DRINKING_WATER,4042525,606379,0,2024-04-28,2024-05-14,,NOT_STARTED,0,false,Municipal Corporation,Location 1694,28.589665,77.353467,false,false,MOBILISATION_ADVANCE:2024-05-24:606379|RUNNING_BILL:2024-10-06:0|RUNNING_BILL:2024-12-31:0
ESK-2695,DIST_103,203,Work 1696: EDUCATION Project at Location 1695,Synthetic work description for demo data import,EDUCATION,3966944,1927935,1952546,2022-08-08,2022-08-27,,IN_PROGRESS,48,false,Public Works Department (PWD),Location 1695,28.612216,77.226348,false,false,MOBILISATION_ADVANCE:2022-09-26:595042|RUNNING_BILL:2023-01-09:1332893
ESK-2696,DIST_102,202,Work 1697: DRINKING_WATER Project at Location 1696,Synthetic work description for demo data import,DRINKING_WATER,2674705,2674704,2674705,2024-02-26,2024-03-11,2025-10-22,COMPLETED,100,true,Rural Development Agency (DRDA),Location 1696,28.575234,77.231704,false,false,MOBILISATION_ADVANCE:2024-04-24:401206|RUNNING_BILL:2024-06-29:468073|RUNNING_BILL:2024-08-15:468073|RUNNING_BILL:2024-10-19:468073|RUNNING_BILL:2024-12-12:468073|FINAL_BILL:2025-02-25:267471|RETENTION_RELEASE:2025-08-24:133735
ESK-2697,DIST_103,204,Work 1698: SANITATION Project at Location 1697,Synthetic work description for demo data import,SANITATION,1137754,1080866,1137754,2025-08-23,2025-09-24,2026-08-21,COMPLETED,100,false,Irrigation & Flood Control Dept,Location 1697,28.747717,77.375905,false,false,MOBILISATION_ADVANCE:2025-10-30:170663|RUNNING_BILL:2026-01-28:265476|RUNNING_BILL:2026-03-23:265476|RUNNING_BILL:2026-05-09:265476|FINAL_BILL:2026-07-23:113775
ESK-2698,DIST_104,202,Work 1699: SANITATION Project at Location 1698,Synthetic work description for demo data import,SANITATION,1112216,1112216,1112216,2024-10-10,2024-10-18,2025-03-05,COMPLETED,100,true,Rural Development Agency (DRDA),Location 1698,28.592991,77.202140,false,false,MOBILISATION_ADVANCE:2024-11-17:166832|RUNNING_BILL:2025-03-03:259517|RUNNING_BILL:2025-04-19:259517|RUNNING_BILL:2025-06-06:259517|FINAL_BILL:2025-08-20:111222|RETENTION_RELEASE:2026-02-16:55611
ESK-2699,DIST_104,204,Work 1700: DRINKING_WATER Project at Location 1699,Synthetic work description for demo data import,DRINKING_WATER,718602,718602,718602,2023-02-12,2023-02-19,2024-05-22,COMPLETED,100,true,Public Works Department (PWD),Location 1699,28.561695,77.361532,false,false,MOBILISATION_ADVANCE:2023-03-12:107790|RUNNING_BILL:2023-06-15:251511|RUNNING_BILL:2023-08-25:251511|FINAL_BILL:2023-11-08:71860|RETENTION_RELEASE:2024-05-06:35930
ESK-2700,DIST_101,201,Work 1701: OTHER Project at Location 1700,Synthetic work description for demo data import,OTHER,3205297,480795,2193392,2026-05-29,2026-07-09,,IN_PROGRESS,64,false,Irrigation & Flood Control Dept,Location 1700,28.506869,77.255752,false,false,MOBILISATION_ADVANCE:2026-07-30:480795
ESK-2701,DIST_101,202,Work 1702: ROADS_BRIDGES Project at Location 1701,Synthetic work description for demo data import,ROADS_BRIDGES,1569482,0,1569482,2023-10-16,2023-12-05,2025-09-14,COMPLETED,100,true,Irrigation & Flood Control Dept,Location 1701,28.699113,77.168332,false,false,
ESK-2702,DIST_103,201,Work 1703: SANITATION Project at Location 1702,Synthetic work description for demo data import,SANITATION,2624491,2624491,2624491,2023-09-26,2023-10-10,2024-03-04,COMPLETED,100,true,Municipal Corporation,Location 1702,28.558406,77.253266,false,false,MOBILISATION_ADVANCE:2023-11-11:393674|RUNNING_BILL:2024-02-12:612381|RUNNING_BILL:2024-05-12:612381|RUNNING_BILL:2024-07-22:612381|FINAL_BILL:2024-10-05:262449|RETENTION_RELEASE:2025-04-03:131225
ESK-2703,DIST_103,202,Work 1704: OTHER Project at Location 1703,Synthetic work description for demo data import,OTHER,931348,931349,931348,2023-02-02,2023-02-16,2024-01-13,COMPLETED,100,false,Rural Development Agency (DRDA),Location 1703,28.528412,77.168361,false,true,MOBILISATION_ADVANCE:2023-03-22:139702|RUNNING_BILL:2023-07-10:217315|RUNNING_BILL:2023-09-12:217315|RUNNING_BILL:2023-11-13:217315|FINAL_BILL:2024-01-27:93135|RETENTION_RELEASE:2024-07-25:46567
ESK-2704,DIST_104,202,Work 1705: HEALTH Project at Location 1704,Synthetic work description for demo data import,HEALTH,2292952,2292954,2292952,2023-01-22,2023-02-04,2024-09-13,COMPLETED,100,false,Rural Development Agency (DRDA),Location 1704,28.722696,77.233004,false,false,MOBILISATION_ADVANCE:2023-02-15:343943|RUNNING_BILL:2023-05-27:401267|RUNNING_BILL:2023-08-19:401267|RUNNING_BILL:2023-11-04:401267|RUNNING_BILL:2023-12-20:401267|FINAL_BILL:2024-03-04:229295|RETENTION_RELEASE:2024-08-31:114648
ESK-2705,DIST_104,204,Work 1706: OTHER Project at Location 1705,Synthetic work description for demo data import,OTHER,2395746,2275961,2395746,2025-05-17,2025-05-25,2026-09-05,COMPLETED,100,false,Irrigation & Flood Control Dept,Location 1705,28.590786,77.150988,true,false,MOBILISATION_ADVANCE:2025-06-14:359362|RUNNING_BILL:2025-09-15:419256|RUNNING_BILL:2025-12-09:419256|RUNNING_BILL:2026-02-15:419256|RUNNING_BILL:2026-04-11:419256|FINAL_BILL:2026-06-25:239575
ESK-2706,DIST_103,204,Work 1707: OTHER Project at Location 1706,Synthetic work description for demo data import,OTHER,2022358,2022358,2022358,2024-04-16,2024-05-22,2025-08-03,COMPLETED,100,true,Public Works Department (PWD),Location 1706,28.734498,77.202395,false,false,MOBILISATION_ADVANCE:2024-06-12:303354|RUNNING_BILL:2024-10-18:707825|RUNNING_BILL:2024-12-31:707825|FINAL_BILL:2025-03-16:202236|RETENTION_RELEASE:2025-09-12:101118
ESK-2707,DIST_103,203,Work 1708: ROADS_BRIDGES Project at Location 1707,Synthetic work description for demo data import,ROADS_BRIDGES,1686918,1602572,1686918,2025-10-24,2025-11-19,2026-09-05,COMPLETED,100,true,Public Works Department (PWD),Location 1707,28.653304,77.157645,false,false,MOBILISATION_ADVANCE:2025-12-23:253038|RUNNING_BILL:2026-03-05:590421|RUNNING_BILL:2026-04-28:590421|FINAL_BILL:2026-07-12:168692
ESK-2708,DIST_102,203,Work 1709: SANITATION Project at Location 1708,Synthetic work description for demo data import,SANITATION,340070,51011,0,2024-05-06,2024-05-18,,NOT_STARTED,0,false,Municipal Corporation,Location 1708,28.535840,77.339607,false,false,MOBILISATION_ADVANCE:2024-06-09:51011|RUNNING_BILL:2024-10-06:0|RUNNING_BILL:2024-11-20:0
ESK-2709,DIST_102,204,Work 1710: HEALTH Project at Location 1709,Synthetic work description for demo data import,HEALTH,2676843,2676842,2676843,2024-12-15,2024-12-22,2025-07-11,COMPLETED,100,true,Rural Development Agency (DRDA),Location 1709,28.557427,77.262191,false,false,MOBILISATION_ADVANCE:2025-01-24:401526|RUNNING_BILL:2025-05-08:936895|RUNNING_BILL:2025-06-25:936895|FINAL_BILL:2025-09-08:267684|RETENTION_RELEASE:2026-03-07:133842
ESK-2710,DIST_102,201,Work 1711: DRINKING_WATER Project at Location 1710,Synthetic work description for demo data import,DRINKING_WATER,931084,931083,931084,2022-12-17,2023-01-22,2024-03-24,COMPLETED,100,true,Irrigation & Flood Control Dept,Location 1710,28.746313,77.326200,false,false,MOBILISATION_ADVANCE:2023-02-02:139663|RUNNING_BILL:2023-06-07:325879|RUNNING_BILL:2023-09-05:325879|FINAL_BILL:2023-11-19:93108|RETENTION_RELEASE:2024-05-17:46554
ESK-2711,DIST_103,202,Work 1712: SANITATION Project at Location 1711,Synthetic work description for demo data import,SANITATION,3855105,1603724,1187648,2026-01-12,2026-02-19,,IN_PROGRESS,38,false,Public Works Department (PWD),Location 1711,28.595711,77.159578,true,false,MOBILISATION_ADVANCE:2026-03-25:578266|RUNNING_BILL:2026-06-10:512729|RUNNING_BILL:2026-09-05:512729
ESK-2712,DIST_101,202,Work 1713: OTHER Project at Location 1712,Synthetic work description for demo data import,OTHER,2745387,1372693,2745387,2026-01-31,2026-02-24,2026-09-05,COMPLETED,100,true,Irrigation & Flood Control Dept,Location 1712,28.631465,77.330217,false,false,MOBILISATION_ADVANCE:2026-03-21:411808|RUNNING_BILL:2026-06-20:960885
ESK-2713,DIST_102,201,Work 1714: HEALTH Project at Location 1713,Synthetic work description for demo data import,HEALTH,2869506,430426,2869506,2025-01-27,2025-02-14,2026-01-21,COMPLETED,100,true,Irrigation & Flood Control Dept,Location 1713,28.599117,77.301430,true,true,MOBILISATION_ADVANCE:2025-03-06:430426
ESK-2714,DIST_101,201,Work 1715: EDUCATION Project at Location 1714,Synthetic work description for demo data import,EDUCATION,1338460,0,1224970,2024-02-07,2024-03-21,,IN_PROGRESS,12,false,Public Works Department (PWD),Location 1714,28.572444,77.285102,false,false,
ESK-2715,DIST_101,201,Work 1716: OTHER Project at Location 1715,Synthetic work description for demo data import,OTHER,2569296,0,2569296,2026-02-08,2026-03-03,2026-09-05,COMPLETED,100,true,Irrigation & Flood Control Dept,Location 1715,28.682373,77.296495,false,false,
ESK-2716,DIST_104,202,Work 1717: SANITATION Project at Location 1716,Synthetic work description for demo data import,SANITATION,2416199,2416200,2416199,2024-09-13,2024-10-14,2025-09-22,COMPLETED,100,true,Municipal Corporation,Location 1716,28.684631,77.212831,false,false,MOBILISATION_ADVANCE:2024-11-26:362430|RUNNING_BILL:2025-02-01:845670|RUNNING_BILL:2025-04-01:845670|FINAL_BILL:2025-06-15:241620|RETENTION_RELEASE:2025-12-12:120810
ESK-2717,DIST_103,204,Work 1718: ROADS_BRIDGES Project at Location 1717,Synthetic work description for demo data import,ROADS_BRIDGES,1095643,1095644,1095643,2022-10-27,2022-11-15,2023-07-17,COMPLETED,100,true,Municipal Corporation,Location 1717,28.658894,77.268000,false,false,MOBILISATION_ADVANCE:2022-12-13:164346|RUNNING_BILL:2023-04-02:191738|RUNNING_BILL:2023-05-22:191738|RUNNING_BILL:2023-08-09:191738|RUNNING_BILL:2023-10-17:191738|FINAL_BILL:2023-12-31:109564|RETENTION_RELEASE:2024-06-28:54782
ESK-2718,DIST_102,201,Work 1719: DRINKING_WATER Project at Location 1718,Synthetic work description for demo data import,DRINKING_WATER,893266,602956,893266,2025-09-27,2025-10-16,2026-08-29,COMPLETED,100,false,Irrigation & Flood Control Dept,Location 1718,28.616366,77.272172,true,false,MOBILISATION_ADVANCE:2025-11-06:133990|RUNNING_BILL:2026-02-28:156322|RUNNING_BILL:2026-05-07:156322|RUNNING_BILL:2026-07-17:156322
ESK-2719,DIST_104,201,Work 1720: OTHER Project at Location 1719,Synthetic work description for demo data import,OTHER,2380722,0,27052,2025-12-12,2026-01-27,,IN_PROGRESS,10,false,Irrigation & Flood Control Dept,Location 1719,28.547766,77.279735,false,false,
ESK-2720,DIST_101,202,Work 1721: HEALTH Project at Location 1720,Synthetic work description for demo data import,HEALTH,1133945,1133946,1133945,2023-04-05,2023-04-23,2024-12-07,COMPLETED,100,false,Municipal Corporation,Location 1720,28.710227,77.252788,false,false,MOBILISATION_ADVANCE:2023-06-06:170092|RUNNING_BILL:2023-08-23:396881|RUNNING_BILL:2023-10-12:396881|FINAL_BILL:2023-12-26:113395|RETENTION_RELEASE:2024-06-23:56697
ESK-2721,DIST_101,204,Work 1722: OTHER Project at Location 1721,Synthetic work description for demo data import,OTHER,817742,122661,0,2025-08-10,2025-09-09,,NOT_STARTED,0,false,Irrigation & Flood Control Dept,Location 1721,28.716405,77.223218,false,false,MOBILISATION_ADVANCE:2025-09-29:122661|RUNNING_BILL:2026-01-29:0|RUNNING_BILL:2026-04-07:0|RUNNING_BILL:2026-06-15:0
ESK-2722,DIST_104,201,Work 1723: OTHER Project at Location 1722,Synthetic work description for demo data import,OTHER,590815,590816,590815,2023-11-23,2023-12-09,2024-07-14,COMPLETED,100,true,Irrigation & Flood Control Dept,Location 1722,28.524304,77.349786,false,false,MOBILISATION_ADVANCE:2023-12-25:88622|RUNNING_BILL:2024-04-23:137857|RUNNING_BILL:2024-07-05:137857|RUNNING_BILL:2024-09-04:137857|FINAL_BILL:2024-11-18:59082|RETENTION_RELEASE:2025-05-17:29541
ESK-2723,DIST_103,202,Work 1724: OTHER Project at Location 1723,Synthetic work description for demo data import,OTHER,1353194,202979,1353194,2023-11-13,2023-12-14,2024-06-29,COMPLETED,100,true,Public Works Department (PWD),Location 1723,28.625630,77.231849,false,false,MOBILISATION_ADVANCE:2024-01-04:202979
ESK-2724,DIST_104,202,Work 1725: HEALTH Project at Location 1724,Synthetic work description for demo data import,HEALTH,349920,349920,349920,2024-04-14,2024-05-23,2025-09-03,COMPLETED,100,false,Irrigation & Flood Control Dept,Location 1724,28.638059,77.243412,false,false,MOBILISATION_ADVANCE:2024-06-05:52488|RUNNING_BILL:2024-10-18:122472|RUNNING_BILL:2024-12-03:122472|FINAL_BILL:2025-02-16:34992|RETENTION_RELEASE:2025-08-15:17496
ESK-2725,DIST_104,204,Work 1726: OTHER Project at Location 1725,Synthetic work description for demo data import,OTHER,2554919,383238,2554919,2022-08-07,2022-08-28,2023-06-29,COMPLETED,100,true,Irrigation & Flood Control Dept,Location 1725,28.543587,77.292135,false,false,MOBILISATION_ADVANCE:2022-09-28:383238
ESK-2726,DIST_102,204,Work 1727: OTHER Project at Location 1726,Synthetic work description for demo data import,OTHER,1872707,0,1872707,2026-03-26,2026-04-01,2026-09-05,COMPLETED,100,true,Public Works Department (PWD),Location 1726,28.594658,77.273670,false,false,
ESK-2727,DIST_101,202,Work 1728: SANITATION Project at Location 1727,Synthetic work description for demo data import,SANITATION,969609,969608,969609,2023-09-02,2023-10-09,2025-01-04,COMPLETED,100,false,Irrigation & Flood Control Dept,Location 1727,28.703339,77.151223,false,false,MOBILISATION_ADVANCE:2023-10-31:145441|RUNNING_BILL:2024-02-26:226242|RUNNING_BILL:2024-05-11:226242|RUNNING_BILL:2024-07-15:226242|FINAL_BILL:2024-09-28:96961|RETENTION_RELEASE:2025-03-27:48480
ESK-2728,DIST_101,202,Work 1729: ROADS_BRIDGES Project at Location 1728,Synthetic work description for demo data import,ROADS_BRIDGES,2237472,2237474,2237472,2024-08-31,2024-10-09,2026-09-05,COMPLETED,100,true,Rural Development Agency (DRDA),Location 1728,28.715438,77.226863,false,false,MOBILISATION_ADVANCE:2024-10-22:335621|RUNNING_BILL:2025-03-02:391558|RUNNING_BILL:2025-05-16:391558|RUNNING_BILL:2025-08-05:391558|RUNNING_BILL:2025-10-30:391558|FINAL_BILL:2026-01-13:223747|RETENTION_RELEASE:2026-07-12:111874
ESK-2729,DIST_102,201,Work 1730: SANITATION Project at Location 1729,Synthetic work description for demo data import,SANITATION,489715,465229,489715,2025-02-05,2025-03-06,2026-09-05,COMPLETED,100,true,Irrigation & Flood Control Dept,Location 1729,28.589919,77.180549,true,false,MOBILISATION_ADVANCE:2025-04-10:73457|RUNNING_BILL:2025-07-26:85700|RUNNING_BILL:2025-09-21:85700|RUNNING_BILL:2025-11-20:85700|RUNNING_BILL:2026-02-13:85700|FINAL_BILL:2026-04-29:48972
ESK-2730,DIST_103,202,Work 1731: HEALTH Project at Location 1730,Synthetic work description for demo data import,HEALTH,1122791,168419,0,2024-01-14,2024-02-07,,NOT_STARTED,0,false,Public Works Department (PWD),Location 1730,28.540351,77.300871,false,false,MOBILISATION_ADVANCE:2024-03-12:168419|RUNNING_BILL:2024-06-01:0|RUNNING_BILL:2024-08-04:0|RUNNING_BILL:2024-10-26:0
ESK-2731,DIST_104,201,Work 1732: ROADS_BRIDGES Project at Location 1731,Synthetic work description for demo data import,ROADS_BRIDGES,2039756,534416,1875544,2025-11-09,2025-12-13,,IN_PROGRESS,16,false,Public Works Department (PWD),Location 1731,28.616608,77.254289,false,false,MOBILISATION_ADVANCE:2026-01-02:305963|RUNNING_BILL:2026-04-14:76151|RUNNING_BILL:2026-06-07:76151|RUNNING_BILL:2026-08-16:76151
ESK-2732,DIST_101,201,Work 1733: HEALTH Project at Location 1732,Synthetic work description for demo data import,HEALTH,2934415,1569912,935457,2025-11-28,2025-12-05,,IN_PROGRESS,55,false,Irrigation & Flood Control Dept,Location 1732,28.532117,77.351075,false,false,MOBILISATION_ADVANCE:2026-01-19:440162|RUNNING_BILL:2026-04-28:1129750
ESK-2733,DIST_102,203,Work 1734: HEALTH Project at Location 1733,Synthetic work description for demo data import,HEALTH,2308973,2308972,2308973,2023-02-08,2023-02-17,2024-11-23,COMPLETED,100,true,Irrigation & Flood Control Dept,Location 1733,28.726632,77.389821,true,false,MOBILISATION_ADVANCE:2023-03-13:346346|RUNNING_BILL:2023-07-01:538760|RUNNING_BILL:2023-09-09:538760|RUNNING_BILL:2023-11-11:538760|FINAL_BILL:2024-01-25:230897|RETENTION_RELEASE:2024-07-23:115449
ESK-2734,DIST_103,203,Work 1735: ROADS_BRIDGES Project at Location 1734,Synthetic work description for demo data import,ROADS_BRIDGES,1247101,579902,946265,2022-10-16,2022-11-25,,IN_PROGRESS,45,false,Public Works Department (PWD),Location 1734,28.602869,77.366753,true,false,MOBILISATION_ADVANCE:2022-12-15:187065|RUNNING_BILL:2023-04-12:392837
ESK-2735,DIST_104,203,Work 1736: ROADS_BRIDGES Project at Location 1735,Synthetic work description for demo data import,ROADS_BRIDGES,572235,93847,571240,2022-11-05,2022-12-10,,IN_PROGRESS,2,false,Municipal Corporation,Location 1735,28.610619,77.244008,false,false,MOBILISATION_ADVANCE:2022-12-26:85835|RUNNING_BILL:2023-04-20:4006|RUNNING_BILL:2023-07-01:4006
ESK-2736,DIST_102,201,Work 1737: HEALTH Project at Location 1736,Synthetic work description for demo data import,HEALTH,2825568,0,2825568,2025-03-16,2025-04-12,2026-03-09,COMPLETED,100,false,Municipal Corporation,Location 1736,28.631972,77.266068,false,false,
ESK-2737,DIST_101,201,Work 1738: OTHER Project at Location 1737,Synthetic work description for demo data import,OTHER,2512990,2512992,2512990,2024-12-14,2025-01-05,2026-03-18,COMPLETED,100,true,Municipal Corporation,Location 1737,28.657565,77.290229,false,false,MOBILISATION_ADVANCE:2025-01-25:376949|RUNNING_BILL:2025-06-02:879547|RUNNING_BILL:2025-08-30:879547|FINAL_BILL:2025-11-13:251299|RETENTION_RELEASE:2026-05-12:125650
ESK-2738,DIST_101,201,Work 1739: ROADS_BRIDGES Project at Location 1738,Synthetic work description for demo data import,ROADS_BRIDGES,188561,188560,188561,2024-03-14,2024-04-14,2025-04-14,COMPLETED,100,true,Irrigation & Flood Control Dept,Location 1738,28.743972,77.332952,false,false,MOBILISATION_ADVANCE:2024-05-25:28284|RUNNING_BILL:2024-09-09:32998|RUNNING_BILL:2024-11-15:32998|RUNNING_BILL:2025-02-10:32998|RUNNING_BILL:2025-04-10:32998|FINAL_BILL:2025-06-24:18856|RETENTION_RELEASE:2025-12-21:9428
ESK-2739,DIST_103,204,Work 1740: OTHER Project at Location 1739,Synthetic work description for demo data import,OTHER,1864186,1864186,1864186,2024-05-26,2024-06-09,2026-01-07,COMPLETED,100,true,Municipal Corporation,Location 1739,28.711741,77.157387,false,false,MOBILISATION_ADVANCE:2024-07-07:279628|RUNNING_BILL:2024-10-01:652465|RUNNING_BILL:2024-11-16:652465|FINAL_BILL:2025-01-30:186419|RETENTION_RELEASE:2025-07-29:93209
ESK-2740,DIST_101,202,Work 1741: DRINKING_WATER Project at Location 1740,Synthetic work description for demo data import,DRINKING_WATER,1919607,0,0,2026-06-19,,,NOT_STARTED,0,false,Municipal Corporation,Location 1740,28.583337,77.348075,false,false,
ESK-2741,DIST_104,204,Work 1742: OTHER Project at Location 1741,Synthetic work description for demo data import,OTHER,2477125,2105557,2477125,2025-07-02,2025-08-19,2026-01-21,COMPLETED,100,true,Irrigation & Flood Control Dept,Location 1741,28.537691,77.176134,true,false,MOBILISATION_ADVANCE:2025-08-30:371569|RUNNING_BILL:2025-12-08:433497|RUNNING_BILL:2026-02-16:433497|RUNNING_BILL:2026-04-24:433497|RUNNING_BILL:2026-07-20:433497
ESK-2742,DIST_102,202,Work 1743: DRINKING_WATER Project at Location 1742,Synthetic work description for demo data import,DRINKING_WATER,1163373,1163374,1163373,2024-04-23,2024-05-10,2025-03-21,COMPLETED,100,true,Irrigation & Flood Control Dept,Location 1742,28.586050,77.183170,false,false,MOBILISATION_ADVANCE:2024-05-20:174506|RUNNING_BILL:2024-08-31:407181|RUNNING_BILL:2024-11-22:407181|FINAL_BILL:2025-02-05:116337|RETENTION_RELEASE:2025-08-04:58169
ESK-2743,DIST_102,203,Work 1744: DRINKING_WATER Project at Location 1743,Synthetic work description for demo data import,DRINKING_WATER,2461108,2461108,2461108,2024-03-30,2024-05-18,2025-03-12,COMPLETED,100,false,Rural Development Agency (DRDA),Location 1743,28.533828,77.362372,false,true,MOBILISATION_ADVANCE:2024-05-31:369166|RUNNING_BILL:2024-09-25:861388|RUNNING_BILL:2024-11-18:861388|FINAL_BILL:2025-02-01:246111|RETENTION_RELEASE:2025-07-31:123055
ESK-2744,DIST_101,204,Work 1745: ROADS_BRIDGES Project at Location 1744,Synthetic work description for demo data import,ROADS_BRIDGES,1361824,1361823,1361824,2023-06-25,2023-07-21,2025-06-13,COMPLETED,100,true,Municipal Corporation,Location 1744,28.715620,77.335536,false,false,MOBILISATION_ADVANCE:2023-08-29:204274|RUNNING_BILL:2023-11-20:238319|RUNNING_BILL:2024-01-10:238319|RUNNING_BILL:2024-04-06:238319|RUNNING_BILL:2024-06-10:238319|FINAL_BILL:2024-08-24:136182|RETENTION_RELEASE:2025-02-20:68091
ESK-2745,DIST_101,201,Work 1746: ROADS_BRIDGES Project at Location 1745,Synthetic work description for demo data import,ROADS_BRIDGES,2558053,383708,2558053,2026-03-30,2026-05-07,2026-09-05,COMPLETED,100,true,Rural Development Agency (DRDA),Location 1745,28.624424,77.349259,false,false,MOBILISATION_ADVANCE:2026-05-26:383708
ESK-2746,DIST_101,203,Work 1747: HEALTH Project at Location 1746,Synthetic work description for demo data import,HEALTH,1174260,0,0,2026-07-07,,,CANCELLED,0,false,Rural Development Agency (DRDA),Location 1746,28.698690,77.341232,false,true,
ESK-2747,DIST_101,201,Work 1748: HEALTH Project at Location 1747,Synthetic work description for demo data import,HEALTH,886766,886766,886766,2022-07-28,2022-09-05,2024-06-30,COMPLETED,100,false,Irrigation & Flood Control Dept,Location 1747,28.655954,77.298224,true,true,MOBILISATION_ADVANCE:2022-10-18:133015|RUNNING_BILL:2023-01-02:155184|RUNNING_BILL:2023-03-23:155184|RUNNING_BILL:2023-05-13:155184|RUNNING_BILL:2023-08-02:155184|FINAL_BILL:2023-10-16:88677|RETENTION_RELEASE:2024-04-13:44338
ESK-2748,DIST_104,201,Work 1749: EDUCATION Project at Location 1748,Synthetic work description for demo data import,EDUCATION,790842,790842,790842,2024-06-30,2024-07-13,2025-09-09,COMPLETED,100,true,Municipal Corporation,Location 1748,28.736196,77.338514,false,true,MOBILISATION_ADVANCE:2024-08-09:118626|RUNNING_BILL:2024-11-25:184530|RUNNING_BILL:2025-01-19:184530|RUNNING_BILL:2025-03-09:184530|FINAL_BILL:2025-05-23:79084|RETENTION_RELEASE:2025-11-19:39542
ESK-2749,DIST_104,203,Work 1750: EDUCATION Project at Location 1749,Synthetic work description for demo data import,EDUCATION,198252,188339,198252,2025-08-01,2025-08-10,2026-05-12,COMPLETED,100,false,Rural Development Agency (DRDA),Location 1749,28.658501,77.381729,false,false,MOBILISATION_ADVANCE:2025-09-12:29738|RUNNING_BILL:2025-12-09:69388|RUNNING_BILL:2026-03-03:69388|FINAL_BILL:2026-05-17:19825
ESK-2750,DIST_104,203,Work 1751: OTHER Project at Location 1750,Synthetic work description for demo data import,OTHER,2282289,1205049,1172418,2023-12-17,2024-01-22,,IN_PROGRESS,54,false,Municipal Corporation,Location 1750,28.636525,77.283484,false,false,MOBILISATION_ADVANCE:2024-03-04:342343|RUNNING_BILL:2024-06-20:431353|RUNNING_BILL:2024-09-04:431353
ESK-2751,DIST_102,202,Work 1752: DRINKING_WATER Project at Location 1751,Synthetic work description for demo data import,DRINKING_WATER,2607696,1030040,0,2026-03-05,2026-03-26,,ON_HOLD,70,false,Municipal Corporation,Location 1751,28.548961,77.310995,false,false,MOBILISATION_ADVANCE:2026-04-28:391154|RUNNING_BILL:2026-07-10:638886
ESK-2752,DIST_103,201,Work 1753: OTHER Project at Location 1752,Synthetic work description for demo data import,OTHER,2890169,2890169,2890169,2023-12-25,2024-01-06,2025-05-23,COMPLETED,100,true,Municipal Corporation,Location 1752,28.634164,77.180169,false,false,MOBILISATION_ADVANCE:2024-02-13:433525|RUNNING_BILL:2024-05-27:674373|RUNNING_BILL:2024-07-12:674373|RUNNING_BILL:2024-09-23:674373|FINAL_BILL:2024-12-07:289017|RETENTION_RELEASE:2025-06-05:144508
ESK-2753,DIST_101,201,Work 1754: EDUCATION Project at Location 1753,Synthetic work description for demo data import,EDUCATION,2327159,2210802,2327159,2025-05-11,2025-06-17,2025-12-26,COMPLETED,100,false,Irrigation & Flood Control Dept,Location 1753,28.689791,77.200536,false,false,MOBILISATION_ADVANCE:2025-06-28:349074|RUNNING_BILL:2025-10-17:407253|RUNNING_BILL:2025-12-01:407253|RUNNING_BILL:2026-02-15:407253|RUNNING_BILL:2026-04-15:407253|FINAL_BILL:2026-06-29:232716
ESK-2754,DIST_102,203,Work 1755: EDUCATION Project at Location 1754,Synthetic work description for demo data import,EDUCATION,972938,145941,972938,2023-02-07,2023-02-16,2024-07-04,COMPLETED,100,true,Rural Development Agency (DRDA),Location 1754,28.567329,77.284010,false,false,MOBILISATION_ADVANCE:2023-03-31:145941
ESK-2755,DIST_101,204,Work 1756: EDUCATION Project at Location 1755,Synthetic work description for demo data import,EDUCATION,931521,884944,931521,2025-09-24,2025-10-29,2026-09-05,COMPLETED,100,true,Public Works Department (PWD),Location 1755,28.701072,77.397012,false,false,MOBILISATION_ADVANCE:2025-12-05:139728|RUNNING_BILL:2026-03-25:326032|RUNNING_BILL:2026-05-20:326032|FINAL_BILL:2026-08-03:93152
ESK-2756,DIST_104,203,Work 1757: OTHER Project at Location 1756,Synthetic work description for demo data import,OTHER,175430,26315,54504,2023-02-23,2023-04-13,,IN_PROGRESS,75,false,Municipal Corporation,Location 1756,28.608022,77.236762,false,false,MOBILISATION_ADVANCE:2023-04-25:26315
ESK-2757,DIST_101,204,Work 1758: DRINKING_WATER Project at Location 1757,Synthetic work description for demo data import,DRINKING_WATER,140527,140526,140527,2023-04-28,2023-05-31,2023-11-29,COMPLETED,100,true,Public Works Department (PWD),Location 1757,28.641218,77.188712,true,false,MOBILISATION_ADVANCE:2023-07-13:21079|RUNNING_BILL:2023-09-29:49184|RUNNING_BILL:2023-11-23:49184|FINAL_BILL:2024-02-06:14053|RETENTION_RELEASE:2024-08-04:7026
ESK-2758,DIST_103,202,Work 1759: EDUCATION Project at Location 1758,Synthetic work description for demo data import,EDUCATION,696612,696612,696612,2024-01-21,2024-02-29,2024-07-25,COMPLETED,100,true,Irrigation & Flood Control Dept,Location 1758,28.501429,77.222862,false,true,MOBILISATION_ADVANCE:2024-03-21:104492|RUNNING_BILL:2024-07-08:243814|RUNNING_BILL:2024-09-13:243814|FINAL_BILL:2024-11-27:69661|RETENTION_RELEASE:2025-05-26:34831
ESK-2759,DIST_101,204,Work 1760: ROADS_BRIDGES Project at Location 1759,Synthetic work description for demo data import,ROADS_BRIDGES,2574420,2574420,2574420,2024-10-02,2024-10-14,2026-01-28,COMPLETED,100,true,Irrigation & Flood Control Dept,Location 1759,28.577042,77.332605,false,false,MOBILISATION_ADVANCE:2024-11-27:386163|RUNNING_BILL:2025-03-04:901047|RUNNING_BILL:2025-05-28:901047|FINAL_BILL:2025-08-11:257442|RETENTION_RELEASE:2026-02-07:128721
ESK-2760,DIST_104,203,Work 1761: EDUCATION Project at Location 1760,Synthetic work description for demo data import,EDUCATION,1165298,0,1165298,2025-10-17,2025-11-26,2026-09-05,COMPLETED,100,true,Irrigation & Flood Control Dept,Location 1760,28.634134,77.340158,false,false,
ESK-2761,DIST_101,204,Work 1762: HEALTH Project at Location 1761,Synthetic work description for demo data import,HEALTH,3284463,492669,1615931,2024-01-16,2024-02-15,,IN_PROGRESS,41,false,Irrigation & Flood Control Dept,Location 1761,28.576159,77.240948,false,false,MOBILISATION_ADVANCE:2024-03-24:492669
ESK-2762,DIST_103,203,Work 1763: ROADS_BRIDGES Project at Location 1762,Synthetic work description for demo data import,ROADS_BRIDGES,2810013,2669511,2810013,2025-07-07,2025-07-22,2026-09-05,COMPLETED,100,false,Irrigation & Flood Control Dept,Location 1762,28.713442,77.209160,false,false,MOBILISATION_ADVANCE:2025-08-21:421502|RUNNING_BILL:2025-12-11:491752|RUNNING_BILL:2026-02-26:491752|RUNNING_BILL:2026-04-14:491752|RUNNING_BILL:2026-06-13:491752|FINAL_BILL:2026-08-27:281001
ESK-2763,DIST_101,201,Work 1764: OTHER Project at Location 1763,Synthetic work description for demo data import,OTHER,136414,136414,136414,2025-01-13,2025-01-24,2026-09-05,COMPLETED,100,false,Irrigation & Flood Control Dept,Location 1763,28.746785,77.396932,false,false,MOBILISATION_ADVANCE:2025-02-11:20462|RUNNING_BILL:2025-05-22:31830|RUNNING_BILL:2025-07-14:31830|RUNNING_BILL:2025-09-27:31830|FINAL_BILL:2025-12-11:13641|RETENTION_RELEASE:2026-06-09:6821
ESK-2764,DIST_104,203,Work 1765: ROADS_BRIDGES Project at Location 1764,Synthetic work description for demo data import,ROADS_BRIDGES,2915183,2769423,2915183,2025-06-07,2025-06-15,2026-09-05,COMPLETED,100,true,Public Works Department (PWD),Location 1764,28.744222,77.157290,false,false,MOBILISATION_ADVANCE:2025-06-29:437277|RUNNING_BILL:2025-10-25:1020314|RUNNING_BILL:2026-01-08:1020314|FINAL_BILL:2026-03-24:291518
ESK-2765,DIST_101,204,Work 1766: EDUCATION Project at Location 1765,Synthetic work description for demo data import,EDUCATION,1156282,173442,833758,2024-08-09,2024-09-13,,IN_PROGRESS,68,false,Public Works Department (PWD),Location 1765,28.733447,77.175926,true,false,MOBILISATION_ADVANCE:2024-10-09:173442
ESK-2766,DIST_104,201,Work 1767: EDUCATION Project at Location 1766,Synthetic work description for demo data import,EDUCATION,637321,637320,637321,2024-03-13,2024-03-21,2024-10-20,COMPLETED,100,true,Municipal Corporation,Location 1766,28.747965,77.273971,false,false,MOBILISATION_ADVANCE:2024-04-28:95598|RUNNING_BILL:2024-07-04:148708|RUNNING_BILL:2024-09-20:148708|RUNNING_BILL:2024-12-10:148708|FINAL_BILL:2025-02-23:63732|RETENTION_RELEASE:2025-08-22:31866
ESK-2767,DIST_103,204,Work 1768: ROADS_BRIDGES Project at Location 1767,Synthetic work description for demo data import,ROADS_BRIDGES,837619,125643,837619,2025-04-02,2025-05-10,2026-09-05,COMPLETED,100,true,Public Works Department (PWD),Location 1767,28.545377,77.374805,false,false,MOBILISATION_ADVANCE:2025-06-07:125643
ESK-2768,DIST_104,202,Work 1769: HEALTH Project at Location 1768,Synthetic work description for demo data import,HEALTH,1000499,1000500,1000499,2025-02-17,2025-02-22,2026-04-30,COMPLETED,100,true,Public Works Department (PWD),Location 1768,28.592264,77.238085,false,false,MOBILISATION_ADVANCE:2025-03-12:150075|RUNNING_BILL:2025-07-02:350175|RUNNING_BILL:2025-09-24:350175|FINAL_BILL:2025-12-08:100050|RETENTION_RELEASE:2026-06-06:50025
ESK-2769,DIST_103,203,Work 1770: HEALTH Project at Location 1769,Synthetic work description for demo data import,HEALTH,103003,15450,103003,2026-06-07,2026-06-16,2026-09-05,COMPLETED,100,true,Irrigation & Flood Control Dept,Location 1769,28.555748,77.258823,false,false,MOBILISATION_ADVANCE:2026-07-03:15450
ESK-2770,DIST_101,203,Work 1771: SANITATION Project at Location 1770,Synthetic work description for demo data import,SANITATION,2830875,424631,2830875,2026-04-30,2026-05-25,2026-09-05,COMPLETED,100,false,Public Works Department (PWD),Location 1770,28.587645,77.337769,false,false,MOBILISATION_ADVANCE:2026-06-06:424631
ESK-2771,DIST_103,202,Work 1772: SANITATION Project at Location 1771,Synthetic work description for demo data import,SANITATION,2137073,0,0,2023-01-27,2023-02-12,,CANCELLED,0,false,Irrigation & Flood Control Dept,Location 1771,28.567647,77.237255,false,false,
ESK-2772,DIST_102,201,Work 1773: ROADS_BRIDGES Project at Location 1772,Synthetic work description for demo data import,ROADS_BRIDGES,3017726,3017726,3017726,2023-11-01,2023-11-25,2024-08-31,COMPLETED,100,true,Public Works Department (PWD),Location 1772,28.664606,77.252460,false,false,MOBILISATION_ADVANCE:2023-12-24:452659|RUNNING_BILL:2024-03-09:1056204|RUNNING_BILL:2024-04-27:1056204|FINAL_BILL:2024-07-11:301773|RETENTION_RELEASE:2025-01-07:150886
ESK-2773,DIST_101,204,Work 1774: SANITATION Project at Location 1773,Synthetic work description for demo data import,SANITATION,2129890,319484,2129890,2023-12-10,2023-12-20,2024-12-27,COMPLETED,100,true,Rural Development Agency (DRDA),Location 1773,28.567821,77.348033,true,false,MOBILISATION_ADVANCE:2024-01-17:319484
ESK-2774,DIST_101,204,Work 1775: OTHER Project at Location 1774,Synthetic work description for demo data import,OTHER,1383704,934000,598135,2022-11-19,2022-12-09,,IN_PROGRESS,75,false,Municipal Corporation,Location 1774,28.673616,77.283904,false,false,MOBILISATION_ADVANCE:2022-12-30:207556|RUNNING_BILL:2023-03-29:242148|RUNNING_BILL:2023-05-23:242148|RUNNING_BILL:2023-08-09:242148
ESK-2775,DIST_102,201,Work 1776: EDUCATION Project at Location 1775,Synthetic work description for demo data import,EDUCATION,2319650,0,2319650,2025-10-20,2025-12-08,2026-06-23,COMPLETED,100,true,Rural Development Agency (DRDA),Location 1775,28.540222,77.375831,false,false,
ESK-2776,DIST_101,203,Work 1777: DRINKING_WATER Project at Location 1776,Synthetic work description for demo data import,DRINKING_WATER,3136965,1656319,2031645,2022-10-08,2022-10-25,,IN_PROGRESS,54,false,Irrigation & Flood Control Dept,Location 1776,28.662369,77.314928,false,false,MOBILISATION_ADVANCE:2022-11-25:470545|RUNNING_BILL:2023-02-19:395258|RUNNING_BILL:2023-04-29:395258|RUNNING_BILL:2023-07-22:395258
ESK-2777,DIST_103,204,Work 1778: ROADS_BRIDGES Project at Location 1777,Synthetic work description for demo data import,ROADS_BRIDGES,3093463,1416805,1882585,2026-02-19,2026-03-12,,IN_PROGRESS,44,false,Municipal Corporation,Location 1777,28.734565,77.398598,false,false,MOBILISATION_ADVANCE:2026-04-23:464019|RUNNING_BILL:2026-06-27:476393|RUNNING_BILL:2026-08-18:476393
ESK-2778,DIST_102,203,Work 1779: HEALTH Project at Location 1778,Synthetic work description for demo data import,HEALTH,122732,122732,122732,2025-02-26,2025-04-02,2026-09-05,COMPLETED,100,true,Rural Development Agency (DRDA),Location 1778,28.627833,77.162622,false,false,MOBILISATION_ADVANCE:2025-05-17:18410|RUNNING_BILL:2025-08-23:42956|RUNNING_BILL:2025-10-19:42956|FINAL_BILL:2026-01-02:12273|RETENTION_RELEASE:2026-07-01:6137
ESK-2779,DIST_104,204,Work 1780: EDUCATION Project at Location 1779,Synthetic work description for demo data import,EDUCATION,1435433,1435434,1435433,2023-06-05,2023-07-16,2024-11-23,COMPLETED,100,true,Rural Development Agency (DRDA),Location 1779,28.693509,77.202892,false,false,MOBILISATION_ADVANCE:2023-08-18:215315|RUNNING_BILL:2023-11-21:502402|RUNNING_BILL:2024-01-09:502402|FINAL_BILL:2024-03-24:143543|RETENTION_RELEASE:2024-09-20:71772
ESK-2780,DIST_101,204,Work 1781: DRINKING_WATER Project at Location 1780,Synthetic work description for demo data import,DRINKING_WATER,189424,189423,189424,2023-07-27,2023-08-04,2024-10-04,COMPLETED,100,false,Public Works Department (PWD),Location 1780,28.565403,77.230964,false,false,MOBILISATION_ADVANCE:2023-08-28:28414|RUNNING_BILL:2023-12-02:33149|RUNNING_BILL:2024-02-03:33149|RUNNING_BILL:2024-04-10:33149|RUNNING_BILL:2024-07-07:33149|FINAL_BILL:2024-09-20:18942|RETENTION_RELEASE:2025-03-19:9471
ESK-2781,DIST_101,203,Work 1782: EDUCATION Project at Location 1781,Synthetic work description for demo data import,EDUCATION,352109,249998,146275,2023-12-13,2024-01-09,,IN_PROGRESS,80,false,Municipal Corporation,Location 1781,28.744502,77.187976,false,false,MOBILISATION_ADVANCE:2024-01-25:52816|RUNNING_BILL:2024-06-06:98591|RUNNING_BILL:2024-08-09:98591
ESK-2782,DIST_101,202,Work 1783: SANITATION Project at Location 1782,Synthetic work description for demo data import,SANITATION,267955,53948,245975,2026-03-14,2026-03-24,,IN_PROGRESS,22,false,Rural Development Agency (DRDA),Location 1782,28.734328,77.222361,false,false,MOBILISATION_ADVANCE:2026-04-13:40193|RUNNING_BILL:2026-08-19:13755
ESK-2783,DIST_104,203,Work 1784: EDUCATION Project at Location 1783,Synthetic work description for demo data import,EDUCATION,187053,187054,187053,2023-07-26,2023-09-06,2024-05-10,COMPLETED,100,true,Municipal Corporation,Location 1783,28.561925,77.291474,false,false,MOBILISATION_ADVANCE:2023-10-06:28058|RUNNING_BILL:2024-01-02:43646|RUNNING_BILL:2024-03-14:43646|RUNNING_BILL:2024-05-02:43646|FINAL_BILL:2024-07-16:18705|RETENTION_RELEASE:2025-01-12:9353
ESK-2784,DIST_103,203,Work 1785: SANITATION Project at Location 1784,Synthetic work description for demo data import,SANITATION,2487356,999917,1640086,2025-10-30,2025-11-21,,IN_PROGRESS,54,false,Municipal Corporation,Location 1784,28.654569,77.228431,false,false,MOBILISATION_ADVANCE:2025-12-19:373103|RUNNING_BILL:2026-04-10:313407|RUNNING_BILL:2026-07-07:313407
ESK-2785,DIST_101,203,Work 1786: SANITATION Project at Location 1785,Synthetic work description for demo data import,SANITATION,2291705,2177119,2291705,2025-03-18,2025-03-23,2026-09-05,COMPLETED,100,true,Public Works Department (PWD),Location 1785,28.548291,77.266109,false,false,MOBILISATION_ADVANCE:2025-04-07:343756|RUNNING_BILL:2025-08-02:401048|RUNNING_BILL:2025-10-21:401048|RUNNING_BILL:2026-01-07:401048|RUNNING_BILL:2026-02-22:401048|FINAL_BILL:2026-05-08:229171
ESK-2786,DIST_104,201,Work 1787: SANITATION Project at Location 1786,Synthetic work description for demo data import,SANITATION,2335576,2335577,2335576,2025-04-02,2025-04-09,2026-07-17,COMPLETED,100,false,Public Works Department (PWD),Location 1786,28.556167,77.288906,false,false,MOBILISATION_ADVANCE:2025-04-21:350336|RUNNING_BILL:2025-07-28:817452|RUNNING_BILL:2025-10-16:817452|FINAL_BILL:2025-12-30:233558|RETENTION_RELEASE:2026-06-28:116779
ESK-2787,DIST_103,202,Work 1788: SANITATION Project at Location 1787,Synthetic work description for demo data import,SANITATION,1963784,913159,1961651,2025-04-10,2025-04-17,,IN_PROGRESS,45,false,Rural Development Agency (DRDA),Location 1787,28.583515,77.153484,false,false,MOBILISATION_ADVANCE:2025-05-13:294568|RUNNING_BILL:2025-09-05:206197|RUNNING_BILL:2025-11-13:206197|RUNNING_BILL:2026-01-13:206197
ESK-2788,DIST_103,203,Work 1789: ROADS_BRIDGES Project at Location 1788,Synthetic work description for demo data import,ROADS_BRIDGES,1112778,556389,1112778,2025-11-26,2026-01-12,2026-09-05,COMPLETED,100,true,Irrigation & Flood Control Dept,Location 1788,28.669393,77.174004,false,false,MOBILISATION_ADVANCE:2026-02-15:166917|RUNNING_BILL:2026-04-29:194736|RUNNING_BILL:2026-06-22:194736
ESK-2789,DIST_102,204,Work 1790: EDUCATION Project at Location 1789,Synthetic work description for demo data import,EDUCATION,4719898,1104456,1947135,2023-04-19,2023-05-11,,IN_PROGRESS,12,false,Rural Development Agency (DRDA),Location 1789,28.575563,77.176987,false,false,MOBILISATION_ADVANCE:2023-06-18:707985|RUNNING_BILL:2023-09-27:132157|RUNNING_BILL:2023-12-12:132157|RUNNING_BILL:2024-03-10:132157
ESK-2790,DIST_101,203,Work 1791: SANITATION Project at Location 1790,Synthetic work description for demo data import,SANITATION,3454914,1138970,419869,2026-01-29,2026-03-01,,IN_PROGRESS,77,false,Irrigation & Flood Control Dept,Location 1790,28.638950,77.279975,false,false,MOBILISATION_ADVANCE:2026-03-20:518237|RUNNING_BILL:2026-06-26:620733
ESK-2791,DIST_101,202,Work 1792: SANITATION Project at Location 1791,Synthetic work description for demo data import,SANITATION,174671,87336,174671,2026-05-04,2026-05-19,2026-09-05,COMPLETED,100,true,Irrigation & Flood Control Dept,Location 1791,28.541507,77.255587,false,false,MOBILISATION_ADVANCE:2026-06-05:26201|RUNNING_BILL:2026-09-05:61135
ESK-2792,DIST_101,204,Work 1793: DRINKING_WATER Project at Location 1792,Synthetic work description for demo data import,DRINKING_WATER,2929470,2929470,2929470,2024-09-02,2024-10-03,2025-06-15,COMPLETED,100,true,Municipal Corporation,Location 1792,28.661630,77.296859,true,false,MOBILISATION_ADVANCE:2024-11-02:439421|RUNNING_BILL:2025-02-19:512657|RUNNING_BILL:2025-04-22:512657|RUNNING_BILL:2025-06-26:512657|RUNNING_BILL:2025-08-13:512657|FINAL_BILL:2025-10-27:292947|RETENTION_RELEASE:2026-04-25:146474
ESK-2793,DIST_102,201,Work 1794: EDUCATION Project at Location 1793,Synthetic work description for demo data import,EDUCATION,1412421,0,0,2026-04-23,2026-05-10,,CANCELLED,0,false,Rural Development Agency (DRDA),Location 1793,28.678866,77.163019,false,false,
ESK-2794,DIST_103,201,Work 1795: HEALTH Project at Location 1794,Synthetic work description for demo data import,HEALTH,394801,0,394801,2023-05-30,2023-06-15,2024-11-10,COMPLETED,100,false,Municipal Corporation,Location 1794,28.720267,77.317929,true,false,
ESK-2795,DIST_102,201,Work 1796: HEALTH Project at Location 1795,Synthetic work description for demo data import,HEALTH,2897428,2897429,2897428,2024-04-03,2024-05-15,2025-05-03,COMPLETED,100,true,Municipal Corporation,Location 1795,28.704459,77.210934,false,false,MOBILISATION_ADVANCE:2024-06-10:434614|RUNNING_BILL:2024-09-23:676067|RUNNING_BILL:2024-12-20:676067|RUNNING_BILL:2025-03-04:676067|FINAL_BILL:2025-05-18:289743|RETENTION_RELEASE:2025-11-14:144871
ESK-2796,DIST_103,204,Work 1797: EDUCATION Project at Location 1796,Synthetic work description for demo data import,EDUCATION,1326242,198936,0,2025-04-06,2025-04-16,,NOT_STARTED,0,false,Rural Development Agency (DRDA),Location 1796,28.712601,77.250665,false,false,MOBILISATION_ADVANCE:2025-04-30:198936|RUNNING_BILL:2025-08-03:0|RUNNING_BILL:2025-09-30:0|RUNNING_BILL:2025-12-22:0
ESK-2797,DIST_102,203,Work 1798: HEALTH Project at Location 1797,Synthetic work description for demo data import,HEALTH,2651421,2012427,1189564,2024-02-13,2024-02-28,,IN_PROGRESS,87,false,Rural Development Agency (DRDA),Location 1797,28.550711,77.298764,false,false,MOBILISATION_ADVANCE:2024-04-04:397713|RUNNING_BILL:2024-06-24:538238|RUNNING_BILL:2024-08-19:538238|RUNNING_BILL:2024-10-18:538238
ESK-2798,DIST_104,203,Work 1799: OTHER Project at Location 1798,Synthetic work description for demo data import,OTHER,1495717,224358,1495717,2026-01-10,2026-01-30,2026-06-28,COMPLETED,100,true,Public Works Department (PWD),Location 1798,28.670205,77.323787,false,true,MOBILISATION_ADVANCE:2026-02-21:224358
ESK-2799,DIST_103,202,Work 1800: OTHER Project at Location 1799,Synthetic work description for demo data import,OTHER,343694,75613,14517,2024-06-28,2024-07-22,,IN_PROGRESS,10,false,Rural Development Agency (DRDA),Location 1799,28.618996,77.172152,true,false,MOBILISATION_ADVANCE:2024-08-27:51554|RUNNING_BILL:2024-11-04:24059
ESK-2800,DIST_103,204,Work 1801: DRINKING_WATER Project at Location 1800,Synthetic work description for demo data import,DRINKING_WATER,2150493,322574,2150493,2022-12-08,2022-12-22,2023-12-10,COMPLETED,100,true,Public Works Department (PWD),Location 1800,28.562137,77.394012,false,false,MOBILISATION_ADVANCE:2023-01-07:322574
ESK-2801,DIST_101,202,Work 1802: SANITATION Project at Location 1801,Synthetic work description for demo data import,SANITATION,446053,223026,324523,2023-07-01,2023-08-13,,IN_PROGRESS,50,false,Municipal Corporation,Location 1801,28.577967,77.338840,true,false,MOBILISATION_ADVANCE:2023-09-03:66908|RUNNING_BILL:2023-11-29:78059|RUNNING_BILL:2024-01-19:78059
ESK-2802,DIST_102,203,Work 1803: HEALTH Project at Location 1802,Synthetic work description for demo data import,HEALTH,2726973,409046,2726973,2026-05-19,2026-06-13,2026-09-05,COMPLETED,100,true,Public Works Department (PWD),Location 1802,28.545108,77.342594,false,false,MOBILISATION_ADVANCE:2026-06-29:409046
ESK-2803,DIST_102,201,Work 1804: DRINKING_WATER Project at Location 1803,Synthetic work description for demo data import,DRINKING_WATER,368146,368146,368146,2025-03-15,2025-04-24,2026-09-05,COMPLETED,100,false,Municipal Corporation,Location 1803,28.657055,77.158404,true,false,MOBILISATION_ADVANCE:2025-05-04:55222|RUNNING_BILL:2025-09-09:128851|RUNNING_BILL:2025-11-02:128851|FINAL_BILL:2026-01-16:36815|RETENTION_RELEASE:2026-07-15:18407
ESK-2804,DIST_101,201,Work 1805: EDUCATION Project at Location 1804,Synthetic work description for demo data import,EDUCATION,2403228,2042743,2403228,2025-11-23,2025-12-31,2026-09-05,COMPLETED,100,true,Public Works Department (PWD),Location 1804,28.612145,77.337526,false,false,MOBILISATION_ADVANCE:2026-01-10:360484|RUNNING_BILL:2026-04-19:560753|RUNNING_BILL:2026-06-04:560753|RUNNING_BILL:2026-08-07:560753
ESK-2805,DIST_102,204,Work 1806: DRINKING_WATER Project at Location 1805,Synthetic work description for demo data import,DRINKING_WATER,2598223,389733,0,2025-11-23,2025-12-01,,ON_HOLD,12,false,Rural Development Agency (DRDA),Location 1805,28.522322,77.270074,false,false,MOBILISATION_ADVANCE:2026-01-15:389733
ESK-2806,DIST_101,201,Work 1807: ROADS_BRIDGES Project at Location 1806,Synthetic work description for demo data import,ROADS_BRIDGES,1249831,187475,32138,2023-06-20,2023-07-10,,IN_PROGRESS,49,false,Public Works Department (PWD),Location 1806,28.516975,77.392458,false,false,MOBILISATION_ADVANCE:2023-08-22:187475
ESK-2807,DIST_102,204,Work 1808: HEALTH Project at Location 1807,Synthetic work description for demo data import,HEALTH,2571947,2571946,2571947,2023-06-02,2023-07-14,2024-06-17,COMPLETED,100,true,Rural Development Agency (DRDA),Location 1807,28.551999,77.295044,false,false,MOBILISATION_ADVANCE:2023-08-03:385792|RUNNING_BILL:2023-11-02:900181|RUNNING_BILL:2023-12-30:900181|FINAL_BILL:2024-03-14:257195|RETENTION_RELEASE:2024-09-10:128597
ESK-2808,DIST_102,201,Work 1809: EDUCATION Project at Location 1808,Synthetic work description for demo data import,EDUCATION,1811417,0,1811417,2025-07-02,2025-07-19,2025-12-11,COMPLETED,100,true,Public Works Department (PWD),Location 1808,28.515708,77.306577,false,false,
ESK-2809,DIST_101,201,Work 1810: SANITATION Project at Location 1809,Synthetic work description for demo data import,SANITATION,1029628,154444,1029628,2022-10-29,2022-12-15,2024-04-07,COMPLETED,100,true,Irrigation & Flood Control Dept,Location 1809,28.645390,77.384077,true,false,MOBILISATION_ADVANCE:2023-01-03:154444
ESK-2810,DIST_101,202,Work 1811: EDUCATION Project at Location 1810,Synthetic work description for demo data import,EDUCATION,1011428,151714,1011428,2026-05-20,2026-06-22,2026-09-05,COMPLETED,100,true,Irrigation & Flood Control Dept,Location 1810,28.639514,77.160939,true,false,MOBILISATION_ADVANCE:2026-07-22:151714
ESK-2811,DIST_102,204,Work 1812: OTHER Project at Location 1811,Synthetic work description for demo data import,OTHER,4967517,3005348,3291621,2025-04-20,2025-04-28,,IN_PROGRESS,65,false,Public Works Department (PWD),Location 1811,28.559678,77.152570,false,false,MOBILISATION_ADVANCE:2025-06-07:745128|RUNNING_BILL:2025-09-24:2260220
ESK-2812,DIST_103,203,Work 1813: HEALTH Project at Location 1812,Synthetic work description for demo data import,HEALTH,1836917,1836918,1836917,2023-07-12,2023-08-20,2025-06-28,COMPLETED,100,true,Rural Development Agency (DRDA),Location 1812,28.559082,77.317194,false,false,MOBILISATION_ADVANCE:2023-09-20:275538|RUNNING_BILL:2024-01-15:642921|RUNNING_BILL:2024-03-10:642921|FINAL_BILL:2024-05-24:183692|RETENTION_RELEASE:2024-11-20:91846
ESK-2813,DIST_101,201,Work 1814: EDUCATION Project at Location 1813,Synthetic work description for demo data import,EDUCATION,2631942,2631942,2631942,2023-05-19,2023-06-23,2024-08-24,COMPLETED,100,true,Municipal Corporation,Location 1813,28.675521,77.306332,false,false,MOBILISATION_ADVANCE:2023-07-06:394791|RUNNING_BILL:2023-10-08:921180|RUNNING_BILL:2023-11-22:921180|FINAL_BILL:2024-02-05:263194|RETENTION_RELEASE:2024-08-03:131597
ESK-2814,DIST_102,202,Work 1815: DRINKING_WATER Project at Location 1814,Synthetic work description for demo data import,DRINKING_WATER,2011275,1428005,774023,2024-05-03,2024-06-09,,IN_PROGRESS,80,false,Municipal Corporation,Location 1814,28.748003,77.325770,false,false,MOBILISATION_ADVANCE:2024-06-27:301691|RUNNING_BILL:2024-10-28:1126314
ESK-2815,DIST_103,203,Work 1816: ROADS_BRIDGES Project at Location 1815,Synthetic work description for demo data import,ROADS_BRIDGES,2959981,2959982,2959981,2024-03-11,2024-03-16,2025-12-07,COMPLETED,100,true,Public Works Department (PWD),Location 1815,28.653542,77.380373,false,false,MOBILISATION_ADVANCE:2024-04-29:443997|RUNNING_BILL:2024-08-05:517997|RUNNING_BILL:2024-11-03:517997|RUNNING_BILL:2025-01-08:517997|RUNNING_BILL:2025-04-02:517997|FINAL_BILL:2025-06-16:295998|RETENTION_RELEASE:2025-12-13:147999
ESK-2816,DIST_101,204,Work 1817: HEALTH Project at Location 1816,Synthetic work description for demo data import,HEALTH,479929,479930,479929,2024-04-09,2024-05-16,2025-05-04,COMPLETED,100,true,Irrigation & Flood Control Dept,Location 1816,28.603872,77.278770,false,false,MOBILISATION_ADVANCE:2024-06-28:71989|RUNNING_BILL:2024-09-12:83988|RUNNING_BILL:2024-10-28:83988|RUNNING_BILL:2024-12-23:83988|RUNNING_BILL:2025-02-16:83988|FINAL_BILL:2025-05-02:47993|RETENTION_RELEASE:2025-10-29:23996
ESK-2817,DIST_101,202,Work 1818: DRINKING_WATER Project at Location 1817,Synthetic work description for demo data import,DRINKING_WATER,1310704,297530,1174486,2025-06-13,2025-07-09,,IN_PROGRESS,11,false,Irrigation & Flood Control Dept,Location 1817,28.661507,77.278051,true,false,MOBILISATION_ADVANCE:2025-07-22:196606|RUNNING_BILL:2025-11-18:100924
ESK-2818,DIST_101,204,Work 1819: OTHER Project at Location 1818,Synthetic work description for demo data import,OTHER,354489,291390,245144,2023-05-27,2023-06-16,,IN_PROGRESS,96,false,Rural Development Agency (DRDA),Location 1818,28.582552,77.391034,true,false,MOBILISATION_ADVANCE:2023-07-23:53173|RUNNING_BILL:2023-10-06:238217
ESK-2819,DIST_102,203,Work 1820: SANITATION Project at Location 1819,Synthetic work description for demo data import,SANITATION,1243302,1181137,1243302,2025-07-26,2025-08-25,2026-01-18,COMPLETED,100,true,Irrigation & Flood Control Dept,Location 1819,28.684483,77.241924,false,false,MOBILISATION_ADVANCE:2025-10-04:186495|RUNNING_BILL:2025-12-13:290104|RUNNING_BILL:2026-01-30:290104|RUNNING_BILL:2026-04-08:290104|FINAL_BILL:2026-06-22:124330
ESK-2820,DIST_102,201,Work 1821: HEALTH Project at Location 1820,Synthetic work description for demo data import,HEALTH,943674,943675,943674,2024-01-02,2024-02-01,2025-11-26,COMPLETED,100,false,Irrigation & Flood Control Dept,Location 1820,28.598670,77.236982,false,false,MOBILISATION_ADVANCE:2024-02-26:141551|RUNNING_BILL:2024-05-31:220191|RUNNING_BILL:2024-08-27:220191|RUNNING_BILL:2024-10-22:220191|FINAL_BILL:2025-01-05:94367|RETENTION_RELEASE:2025-07-04:47184
ESK-2821,DIST_102,202,Work 1822: HEALTH Project at Location 1821,Synthetic work description for demo data import,HEALTH,1950568,1425865,1057785,2024-08-04,2024-09-20,,IN_PROGRESS,83,false,Public Works Department (PWD),Location 1821,28.507275,77.254425,false,false,MOBILISATION_ADVANCE:2024-10-07:292585|RUNNING_BILL:2025-01-15:566640|RUNNING_BILL:2025-03-17:566640
ESK-2822,DIST_101,201,Work 1823: ROADS_BRIDGES Project at Location 1822,Synthetic work description for demo data import,ROADS_BRIDGES,840913,840913,840913,2024-08-16,2024-10-01,2025-04-02,COMPLETED,100,true,Public Works Department (PWD),Location 1822,28.727210,77.347199,false,false,MOBILISATION_ADVANCE:2024-11-06:126137|RUNNING_BILL:2025-02-25:196213|RUNNING_BILL:2025-04-20:196213|RUNNING_BILL:2025-06-20:196213|FINAL_BILL:2025-09-03:84091|RETENTION_RELEASE:2026-03-02:42046
ESK-2823,DIST_102,202,Work 1824: EDUCATION Project at Location 1823,Synthetic work description for demo data import,EDUCATION,533574,506896,533574,2025-04-11,2025-05-04,2026-09-05,COMPLETED,100,true,Public Works Department (PWD),Location 1823,28.567761,77.304190,false,false,MOBILISATION_ADVANCE:2025-06-06:80036|RUNNING_BILL:2025-09-26:124501|RUNNING_BILL:2025-11-11:124501|RUNNING_BILL:2025-12-30:124501|FINAL_BILL:2026-03-15:53357
ESK-2824,DIST_103,204,Work 1825: SANITATION Project at Location 1824,Synthetic work description for demo data import,SANITATION,1594197,1594198,1594197,2024-11-27,2024-12-24,2026-08-02,COMPLETED,100,true,Irrigation & Flood Control Dept,Location 1824,28.730945,77.324875,false,false,MOBILISATION_ADVANCE:2025-01-13:239130|RUNNING_BILL:2025-05-17:557969|RUNNING_BILL:2025-08-11:557969|FINAL_BILL:2025-10-25:159420|RETENTION_RELEASE:2026-04-23:79710
ESK-2825,DIST_101,202,Work 1826: ROADS_BRIDGES Project at Location 1825,Synthetic work description for demo data import,ROADS_BRIDGES,2694550,0,2694550,2023-07-27,2023-08-13,2025-01-04,COMPLETED,100,true,Irrigation & Flood Control Dept,Location 1825,28.678496,77.399874,false,false,
ESK-2826,DIST_102,202,Work 1827: OTHER Project at Location 1826,Synthetic work description for demo data import,OTHER,1634118,1634118,1634118,2023-02-13,2023-03-13,2023-12-12,COMPLETED,100,true,Municipal Corporation,Location 1826,28.677008,77.379438,false,false,MOBILISATION_ADVANCE:2023-04-03:245118|RUNNING_BILL:2023-07-03:571941|RUNNING_BILL:2023-08-20:571941|FINAL_BILL:2023-11-03:163412|RETENTION_RELEASE:2024-05-01:81706
ESK-2827,DIST_104,201,Work 1828: DRINKING_WATER Project at Location 1827,Synthetic work description for demo data import,DRINKING_WATER,1963798,1865610,1963798,2025-06-11,2025-07-14,2026-09-05,COMPLETED,100,false,Municipal Corporation,Location 1827,28.705676,77.228396,false,false,MOBILISATION_ADVANCE:2025-08-02:294570|RUNNING_BILL:2025-11-28:458220|RUNNING_BILL:2026-02-13:458220|RUNNING_BILL:2026-05-01:458220|FINAL_BILL:2026-07-15:196380
ESK-2828,DIST_101,201,Work 1829: EDUCATION Project at Location 1828,Synthetic work description for demo data import,EDUCATION,344171,0,0,2023-09-08,2023-09-19,,NOT_STARTED,0,false,Public Works Department (PWD),Location 1828,28.567534,77.220329,false,true,
ESK-2829,DIST_102,203,Work 1830: HEALTH Project at Location 1829,Synthetic work description for demo data import,HEALTH,4414647,2794471,1432470,2022-07-29,2022-08-27,,IN_PROGRESS,69,false,Public Works Department (PWD),Location 1829,28.730719,77.177839,false,false,MOBILISATION_ADVANCE:2022-09-28:662197|RUNNING_BILL:2022-12-15:1066137|RUNNING_BILL:2023-03-10:1066137
ESK-2830,DIST_104,204,Work 1831: SANITATION Project at Location 1830,Synthetic work description for demo data import,SANITATION,1565122,399106,1228721,2023-03-21,2023-04-23,,IN_PROGRESS,15,false,Municipal Corporation,Location 1830,28.607654,77.351827,false,false,MOBILISATION_ADVANCE:2023-06-04:234768|RUNNING_BILL:2023-09-05:82169|RUNNING_BILL:2023-10-29:82169
ESK-2831,DIST_104,201,Work 1832: ROADS_BRIDGES Project at Location 1831,Synthetic work description for demo data import,ROADS_BRIDGES,2707293,406094,0,2023-11-28,2024-01-07,,NOT_STARTED,0,false,Rural Development Agency (DRDA),Location 1831,28.608131,77.171237,false,false,MOBILISATION_ADVANCE:2024-02-03:406094|RUNNING_BILL:2024-05-21:0|RUNNING_BILL:2024-08-19:0
ESK-2832,DIST_102,204,Work 1833: HEALTH Project at Location 1832,Synthetic work description for demo data import,HEALTH,1617598,0,0,2024-05-25,2024-07-10,,CANCELLED,0,false,Public Works Department (PWD),Location 1832,28.530708,77.343532,false,false,
ESK-2833,DIST_102,203,Work 1834: SANITATION Project at Location 1833,Synthetic work description for demo data import,SANITATION,2278029,2278028,2278029,2023-06-01,2023-06-19,2025-03-27,COMPLETED,100,true,Irrigation & Flood Control Dept,Location 1833,28.544395,77.263969,true,false,MOBILISATION_ADVANCE:2023-07-27:341704|RUNNING_BILL:2023-10-23:797310|RUNNING_BILL:2024-01-17:797310|FINAL_BILL:2024-04-01:227803|RETENTION_RELEASE:2024-09-28:113901
ESK-2834,DIST_103,204,Work 1835: HEALTH Project at Location 1834,Synthetic work description for demo data import,HEALTH,293756,293756,293756,2024-08-26,2024-09-01,2025-05-15,COMPLETED,100,true,Municipal Corporation,Location 1834,28.723680,77.332613,false,false,MOBILISATION_ADVANCE:2024-09-25:44063|RUNNING_BILL:2025-01-25:68543|RUNNING_BILL:2025-04-22:68543|RUNNING_BILL:2025-07-15:68543|FINAL_BILL:2025-09-28:29376|RETENTION_RELEASE:2026-03-27:14688
ESK-2835,DIST_102,203,Work 1836: ROADS_BRIDGES Project at Location 1835,Synthetic work description for demo data import,ROADS_BRIDGES,896216,896217,896216,2023-09-11,2023-10-28,2024-04-09,COMPLETED,100,true,Public Works Department (PWD),Location 1835,28.605785,77.346560,false,false,MOBILISATION_ADVANCE:2023-11-14:134432|RUNNING_BILL:2024-02-27:313676|RUNNING_BILL:2024-05-22:313676|FINAL_BILL:2024-08-05:89622|RETENTION_RELEASE:2025-02-01:44811
ESK-2836,DIST_103,202,Work 1837: ROADS_BRIDGES Project at Location 1836,Synthetic work description for demo data import,ROADS_BRIDGES,4895032,1145438,2274099,2024-08-17,2024-09-29,,IN_PROGRESS,12,false,Municipal Corporation,Location 1836,28.516474,77.170138,false,false,MOBILISATION_ADVANCE:2024-10-10:734255|RUNNING_BILL:2025-01-16:137061|RUNNING_BILL:2025-03-25:137061|RUNNING_BILL:2025-05-13:137061
ESK-2837,DIST_101,202,Work 1838: SANITATION Project at Location 1837,Synthetic work description for demo data import,SANITATION,215819,0,0,2026-06-18,,,CANCELLED,0,false,Irrigation & Flood Control Dept,Location 1837,28.623547,77.309102,false,false,
ESK-2838,DIST_104,201,Work 1839: HEALTH Project at Location 1838,Synthetic work description for demo data import,HEALTH,1199853,179978,0,2025-05-14,2025-06-15,,ON_HOLD,89,false,Rural Development Agency (DRDA),Location 1838,28.582983,77.246079,false,false,MOBILISATION_ADVANCE:2025-07-14:179978
ESK-2839,DIST_103,203,Work 1840: HEALTH Project at Location 1839,Synthetic work description for demo data import,HEALTH,4847193,0,0,2026-07-23,,,CANCELLED,0,false,Public Works Department (PWD),Location 1839,28.511062,77.227694,false,false,
ESK-2840,DIST_102,202,Work 1841: ROADS_BRIDGES Project at Location 1840,Synthetic work description for demo data import,ROADS_BRIDGES,465766,465766,465766,2023-03-01,2023-04-19,2024-09-11,COMPLETED,100,true,Irrigation & Flood Control Dept,Location 1840,28.561362,77.170895,false,false,MOBILISATION_ADVANCE:2023-05-05:69865|RUNNING_BILL:2023-08-26:163018|RUNNING_BILL:2023-11-21:163018|FINAL_BILL:2024-02-04:46577|RETENTION_RELEASE:2024-08-02:23288
ESK-2841,DIST_102,204,Work 1842: EDUCATION Project at Location 1841,Synthetic work description for demo data import,EDUCATION,2373063,355959,2373063,2023-12-08,2024-01-25,2024-12-31,COMPLETED,100,true,Irrigation & Flood Control Dept,Location 1841,28.681594,77.391667,false,false,MOBILISATION_ADVANCE:2024-03-06:355959
ESK-2842,DIST_101,204,Work 1843: HEALTH Project at Location 1842,Synthetic work description for demo data import,HEALTH,872159,872160,872159,2024-08-27,2024-09-16,2026-01-11,COMPLETED,100,true,Irrigation & Flood Control Dept,Location 1842,28.648687,77.247618,false,false,MOBILISATION_ADVANCE:2024-10-30:130824|RUNNING_BILL:2025-01-28:203504|RUNNING_BILL:2025-04-27:203504|RUNNING_BILL:2025-07-01:203504|FINAL_BILL:2025-09-14:87216|RETENTION_RELEASE:2026-03-13:43608
ESK-2843,DIST_104,202,Work 1844: EDUCATION Project at Location 1843,Synthetic work description for demo data import,EDUCATION,2377538,356631,2377538,2023-07-08,2023-08-24,2024-03-07,COMPLETED,100,false,Municipal Corporation,Location 1843,28.705161,77.372262,true,false,MOBILISATION_ADVANCE:2023-10-08:356631
ESK-2844,DIST_103,204,Work 1845: HEALTH Project at Location 1844,Synthetic work description for demo data import,HEALTH,2305129,345769,2305129,2026-02-22,2026-04-13,2026-09-05,COMPLETED,100,false,Municipal Corporation,Location 1844,28.514284,77.233706,false,false,MOBILISATION_ADVANCE:2026-05-02:345769
ESK-2845,DIST_104,202,Work 1846: EDUCATION Project at Location 1845,Synthetic work description for demo data import,EDUCATION,301746,301745,301746,2024-11-10,2024-12-15,2026-04-07,COMPLETED,100,true,Municipal Corporation,Location 1845,28.703862,77.226846,false,false,MOBILISATION_ADVANCE:2025-01-28:45262|RUNNING_BILL:2025-04-02:70407|RUNNING_BILL:2025-06-28:70407|RUNNING_BILL:2025-09-08:70407|FINAL_BILL:2025-11-22:30175|RETENTION_RELEASE:2026-05-21:15087
ESK-2846,DIST_101,204,Work 1847: DRINKING_WATER Project at Location 1846,Synthetic work description for demo data import,DRINKING_WATER,4714015,1037084,4120325,2023-06-17,2023-07-03,,IN_PROGRESS,10,false,Public Works Department (PWD),Location 1846,28.626452,77.339626,false,false,MOBILISATION_ADVANCE:2023-08-07:707102|RUNNING_BILL:2023-10-23:164991|RUNNING_BILL:2023-12-15:164991
ESK-2847,DIST_104,201,Work 1848: SANITATION Project at Location 1847,Synthetic work description for demo data import,SANITATION,1308408,649624,321619,2026-04-25,2026-05-04,,IN_PROGRESS,99,false,Rural Development Agency (DRDA),Location 1847,28.581010,77.368010,false,false,MOBILISATION_ADVANCE:2026-06-07:196261|RUNNING_BILL:2026-09-01:453363
ESK-2848,DIST_102,203,Work 1849: DRINKING_WATER Project at Location 1848,Synthetic work description for demo data import,DRINKING_WATER,1927923,1927923,1927923,2024-08-01,2024-09-13,2025-07-03,COMPLETED,100,true,Rural Development Agency (DRDA),Location 1848,28.524696,77.274316,false,false,MOBILISATION_ADVANCE:2024-09-29:289188|RUNNING_BILL:2025-01-16:449849|RUNNING_BILL:2025-04-08:449849|RUNNING_BILL:2025-07-05:449849|FINAL_BILL:2025-09-18:192792|RETENTION_RELEASE:2026-03-17:96396
ESK-2849,DIST_104,204,Work 1850: EDUCATION Project at Location 1849,Synthetic work description for demo data import,EDUCATION,3024374,453656,2823738,2025-11-09,2025-11-17,,IN_PROGRESS,74,false,Rural Development Agency (DRDA),Location 1849,28.679439,77.155352,false,false,MOBILISATION_ADVANCE:2025-12-16:453656
ESK-2850,DIST_104,201,Work 1851: HEALTH Project at Location 1850,Synthetic work description for demo data import,HEALTH,2227295,334094,2227295,2023-02-16,2023-03-09,2023-12-28,COMPLETED,100,true,Irrigation & Flood Control Dept,Location 1850,28.601538,77.200634,true,false,MOBILISATION_ADVANCE:2023-04-22:334094
ESK-2851,DIST_101,201,Work 1852: HEALTH Project at Location 1851,Synthetic work description for demo data import,HEALTH,113293,113294,113293,2023-12-12,2023-12-19,2025-09-14,COMPLETED,100,true,Rural Development Agency (DRDA),Location 1851,28.555993,77.249298,false,false,MOBILISATION_ADVANCE:2024-01-19:16994|RUNNING_BILL:2024-04-12:39653|RUNNING_BILL:2024-06-02:39653|FINAL_BILL:2024-08-16:11329|RETENTION_RELEASE:2025-02-12:5665
ESK-2852,DIST_103,202,Work 1853: EDUCATION Project at Location 1852,Synthetic work description for demo data import,EDUCATION,2835538,683365,808372,2023-02-27,2023-04-18,,IN_PROGRESS,13,false,Rural Development Agency (DRDA),Location 1852,28.598588,77.246857,false,false,MOBILISATION_ADVANCE:2023-05-04:425331|RUNNING_BILL:2023-09-11:129017|RUNNING_BILL:2023-11-06:129017
ESK-2853,DIST_103,201,Work 1854: ROADS_BRIDGES Project at Location 1853,Synthetic work description for demo data import,ROADS_BRIDGES,566757,0,566757,2025-06-05,2025-07-19,2026-09-05,COMPLETED,100,false,Rural Development Agency (DRDA),Location 1853,28.506669,77.231236,true,false,
ESK-2854,DIST_103,201,Work 1855: SANITATION Project at Location 1854,Synthetic work description for demo data import,SANITATION,2809739,421461,0,2023-11-20,2024-01-09,,NOT_STARTED,0,false,Municipal Corporation,Location 1854,28.578256,77.247920,false,false,MOBILISATION_ADVANCE:2024-02-09:421461|RUNNING_BILL:2024-06-06:0|RUNNING_BILL:2024-09-02:0|RUNNING_BILL:2024-11-10:0
ESK-2855,DIST_101,203,Work 1856: OTHER Project at Location 1855,Synthetic work description for demo data import,OTHER,2087594,2087593,2087594,2024-08-01,2024-09-02,2025-11-18,COMPLETED,100,true,Municipal Corporation,Location 1855,28.711762,77.324648,false,false,MOBILISATION_ADVANCE:2024-10-11:313139|RUNNING_BILL:2025-01-15:487105|RUNNING_BILL:2025-03-18:487105|RUNNING_BILL:2025-06-10:487105|FINAL_BILL:2025-08-24:208759|RETENTION_RELEASE:2026-02-20:104380
ESK-2856,DIST_103,202,Work 1857: OTHER Project at Location 1856,Synthetic work description for demo data import,OTHER,3054321,0,3054321,2025-10-25,2025-11-26,2026-09-05,COMPLETED,100,true,Municipal Corporation,Location 1856,28.536438,77.377997,false,true,
ESK-2857,DIST_104,204,Work 1858: OTHER Project at Location 1857,Synthetic work description for demo data import,OTHER,2166635,2166635,2166635,2022-11-09,2022-11-28,2024-10-11,COMPLETED,100,true,Rural Development Agency (DRDA),Location 1857,28.614643,77.291463,true,false,MOBILISATION_ADVANCE:2022-12-29:324995|RUNNING_BILL:2023-04-13:758322|RUNNING_BILL:2023-05-29:758322|FINAL_BILL:2023-08-12:216664|RETENTION_RELEASE:2024-02-08:108332
ESK-2858,DIST_104,202,Work 1859: DRINKING_WATER Project at Location 1858,Synthetic work description for demo data import,DRINKING_WATER,1446559,216984,1446559,2026-04-15,2026-06-04,2026-09-05,COMPLETED,100,false,Municipal Corporation,Location 1858,28.691318,77.303604,false,false,MOBILISATION_ADVANCE:2026-06-22:216984
ESK-2859,DIST_103,204,Work 1860: DRINKING_WATER Project at Location 1859,Synthetic work description for demo data import,DRINKING_WATER,1715852,1058108,1715852,2026-01-17,2026-01-27,2026-09-05,COMPLETED,100,true,Irrigation & Flood Control Dept,Location 1859,28.653857,77.174092,true,false,MOBILISATION_ADVANCE:2026-02-23:257378|RUNNING_BILL:2026-05-21:400365|RUNNING_BILL:2026-08-14:400365
ESK-2860,DIST_103,203,Work 1861: OTHER Project at Location 1860,Synthetic work description for demo data import,OTHER,1335273,1335274,1335273,2023-09-13,2023-11-01,2024-09-05,COMPLETED,100,true,Municipal Corporation,Location 1860,28.553012,77.244198,false,false,MOBILISATION_ADVANCE:2023-11-11:200291|RUNNING_BILL:2024-02-25:311564|RUNNING_BILL:2024-04-28:311564|RUNNING_BILL:2024-06-15:311564|FINAL_BILL:2024-08-29:133527|RETENTION_RELEASE:2025-02-25:66764
ESK-2861,DIST_104,201,Work 1862: HEALTH Project at Location 1861,Synthetic work description for demo data import,HEALTH,2330202,2330200,2330202,2024-08-15,2024-09-18,2026-02-09,COMPLETED,100,true,Municipal Corporation,Location 1861,28.711236,77.280587,false,false,MOBILISATION_ADVANCE:2024-10-25:349530|RUNNING_BILL:2025-02-05:407785|RUNNING_BILL:2025-04-10:407785|RUNNING_BILL:2025-07-03:407785|RUNNING_BILL:2025-09-15:407785|FINAL_BILL:2025-11-29:233020|RETENTION_RELEASE:2026-05-28:116510
ESK-2862,DIST_103,203,Work 1863: HEALTH Project at Location 1862,Synthetic work description for demo data import,HEALTH,891943,891942,891943,2023-02-28,2023-03-31,2024-04-22,COMPLETED,100,true,Irrigation & Flood Control Dept,Location 1862,28.631465,77.270057,true,false,MOBILISATION_ADVANCE:2023-05-04:133791|RUNNING_BILL:2023-08-23:312180|RUNNING_BILL:2023-11-20:312180|FINAL_BILL:2024-02-03:89194|RETENTION_RELEASE:2024-08-01:44597
ESK-2863,DIST_101,202,Work 1864: OTHER Project at Location 1863,Synthetic work description for demo data import,OTHER,997078,997080,997078,2024-11-10,2024-11-19,2026-08-17,COMPLETED,100,true,Rural Development Agency (DRDA),Location 1863,28.707975,77.360447,false,false,MOBILISATION_ADVANCE:2024-12-30:149562|RUNNING_BILL:2025-03-21:174489|RUNNING_BILL:2025-05-27:174489|RUNNING_BILL:2025-08-01:174489|RUNNING_BILL:2025-09-21:174489|FINAL_BILL:2025-12-05:99708|RETENTION_RELEASE:2026-06-03:49854
ESK-2864,DIST_103,203,Work 1865: HEALTH Project at Location 1864,Synthetic work description for demo data import,HEALTH,2308772,0,2308772,2026-04-23,2026-06-03,2026-09-05,COMPLETED,100,true,Rural Development Agency (DRDA),Location 1864,28.724744,77.380532,true,false,
ESK-2865,DIST_104,201,Work 1866: SANITATION Project at Location 1865,Synthetic work description for demo data import,SANITATION,4947739,1815821,0,2025-03-29,2025-05-02,,ON_HOLD,31,false,Irrigation & Flood Control Dept,Location 1865,28.685276,77.258787,false,false,MOBILISATION_ADVANCE:2025-06-10:742161|RUNNING_BILL:2025-09-24:536830|RUNNING_BILL:2025-11-16:536830
ESK-2866,DIST_103,202,Work 1867: DRINKING_WATER Project at Location 1866,Synthetic work description for demo data import,DRINKING_WATER,4944348,903167,3715298,2026-03-09,2026-04-05,,IN_PROGRESS,14,false,Municipal Corporation,Location 1866,28.707536,77.271773,false,false,MOBILISATION_ADVANCE:2026-05-20:741652|RUNNING_BILL:2026-08-14:161515
ESK-2867,DIST_104,202,Work 1868: OTHER Project at Location 1867,Synthetic work description for demo data import,OTHER,1827886,0,0,2025-01-10,2025-02-26,,ON_HOLD,19,false,Municipal Corporation,Location 1867,28.561541,77.224099,false,false,
ESK-2868,DIST_104,202,Work 1869: OTHER Project at Location 1868,Synthetic work description for demo data import,OTHER,536247,455809,536247,2025-12-04,2026-01-03,2026-07-08,COMPLETED,100,true,Rural Development Agency (DRDA),Location 1868,28.529884,77.240124,false,false,MOBILISATION_ADVANCE:2026-02-02:80437|RUNNING_BILL:2026-05-24:187686|RUNNING_BILL:2026-07-20:187686
ESK-2869,DIST_104,202,Work 1870: DRINKING_WATER Project at Location 1869,Synthetic work description for demo data import,DRINKING_WATER,2491528,373729,0,2023-03-25,2023-05-09,,NOT_STARTED,0,false,Public Works Department (PWD),Location 1869,28.524457,77.205155,false,false,MOBILISATION_ADVANCE:2023-05-19:373729
ESK-2870,DIST_104,204,Work 1871: HEALTH Project at Location 1870,Synthetic work description for demo data import,HEALTH,2097014,314552,2097014,2022-12-18,2023-01-02,2023-12-20,COMPLETED,100,false,Rural Development Agency (DRDA),Location 1870,28.628014,77.178760,false,false,MOBILISATION_ADVANCE:2023-01-20:314552
ESK-2871,DIST_104,203,Work 1872: SANITATION Project at Location 1871,Synthetic work description for demo data import,SANITATION,2320581,380575,565700,2024-09-19,2024-11-08,,IN_PROGRESS,2,false,Public Works Department (PWD),Location 1871,28.660239,77.313100,false,false,MOBILISATION_ADVANCE:2024-11-24:348087|RUNNING_BILL:2025-03-13:16244|RUNNING_BILL:2025-05-27:16244
ESK-2872,DIST_103,204,Work 1873: ROADS_BRIDGES Project at Location 1872,Synthetic work description for demo data import,ROADS_BRIDGES,105507,15826,0,2025-04-07,2025-04-24,,NOT_STARTED,0,false,Irrigation & Flood Control Dept,Location 1872,28.545905,77.191575,true,false,MOBILISATION_ADVANCE:2025-05-09:15826|RUNNING_BILL:2025-08-29:0|RUNNING_BILL:2025-11-11:0|RUNNING_BILL:2026-01-16:0
ESK-2873,DIST_101,204,Work 1874: OTHER Project at Location 1873,Synthetic work description for demo data import,OTHER,2478983,0,0,2026-07-06,,,NOT_STARTED,0,false,Public Works Department (PWD),Location 1873,28.678947,77.191475,true,false,
ESK-2874,DIST_104,204,Work 1875: EDUCATION Project at Location 1874,Synthetic work description for demo data import,EDUCATION,2223081,2223080,2223081,2023-10-20,2023-11-19,2025-01-25,COMPLETED,100,true,Public Works Department (PWD),Location 1874,28.748920,77.356479,false,false,MOBILISATION_ADVANCE:2023-12-01:333462|RUNNING_BILL:2024-03-27:389039|RUNNING_BILL:2024-05-22:389039|RUNNING_BILL:2024-07-23:389039|RUNNING_BILL:2024-09-22:389039|FINAL_BILL:2024-12-06:222308|RETENTION_RELEASE:2025-06-04:111154
ESK-2875,DIST_102,202,Work 1876: HEALTH Project at Location 1875,Synthetic work description for demo data import,HEALTH,2710586,406588,2710586,2026-05-13,2026-06-06,2026-09-05,COMPLETED,100,false,Irrigation & Flood Control Dept,Location 1875,28.510812,77.241289,false,false,MOBILISATION_ADVANCE:2026-07-14:406588
ESK-2876,DIST_102,204,Work 1877: OTHER Project at Location 1876,Synthetic work description for demo data import,OTHER,1431967,1431966,1431967,2022-12-01,2022-12-09,2023-06-06,COMPLETED,100,true,Rural Development Agency (DRDA),Location 1876,28.508207,77.160617,false,false,MOBILISATION_ADVANCE:2023-01-23:214795|RUNNING_BILL:2023-05-01:501188|RUNNING_BILL:2023-07-23:501188|FINAL_BILL:2023-10-06:143197|RETENTION_RELEASE:2024-04-03:71598
ESK-2877,DIST_101,204,Work 1878: OTHER Project at Location 1877,Synthetic work description for demo data import,OTHER,2011144,2011143,2011144,2022-08-31,2022-10-06,2023-07-17,COMPLETED,100,false,Irrigation & Flood Control Dept,Location 1877,28.507768,77.261835,true,false,MOBILISATION_ADVANCE:2022-11-02:301672|RUNNING_BILL:2023-01-30:351950|RUNNING_BILL:2023-03-23:351950|RUNNING_BILL:2023-06-17:351950|RUNNING_BILL:2023-09-15:351950|FINAL_BILL:2023-11-29:201114|RETENTION_RELEASE:2024-05-27:100557
ESK-2878,DIST_104,203,Work 1879: EDUCATION Project at Location 1878,Synthetic work description for demo data import,EDUCATION,851833,851833,851833,2023-12-16,2023-12-28,2025-11-02,COMPLETED,100,false,Rural Development Agency (DRDA),Location 1878,28.606083,77.373057,false,true,MOBILISATION_ADVANCE:2024-01-28:127775|RUNNING_BILL:2024-04-29:198761|RUNNING_BILL:2024-07-28:198761|RUNNING_BILL:2024-09-16:198761|FINAL_BILL:2024-11-30:85183|RETENTION_RELEASE:2025-05-29:42592
ESK-2879,DIST_102,204,Work 1880: DRINKING_WATER Project at Location 1879,Synthetic work description for demo data import,DRINKING_WATER,225379,111111,66224,2022-11-02,2022-11-30,,IN_PROGRESS,49,false,Rural Development Agency (DRDA),Location 1879,28.625955,77.174232,true,false,MOBILISATION_ADVANCE:2023-01-06:33807|RUNNING_BILL:2023-04-01:38652|RUNNING_BILL:2023-06-30:38652
ESK-2880,DIST_104,201,Work 1881: DRINKING_WATER Project at Location 1880,Synthetic work description for demo data import,DRINKING_WATER,685169,685168,685169,2023-06-29,2023-07-07,2025-01-25,COMPLETED,100,true,Rural Development Agency (DRDA),Location 1880,28.608535,77.320153,false,false,MOBILISATION_ADVANCE:2023-07-20:102775|RUNNING_BILL:2023-11-12:239809|RUNNING_BILL:2024-02-07:239809|FINAL_BILL:2024-04-22:68517|RETENTION_RELEASE:2024-10-19:34258
ESK-2881,DIST_104,203,Work 1882: HEALTH Project at Location 1881,Synthetic work description for demo data import,HEALTH,3044606,3044606,3044606,2023-03-06,2023-04-19,2023-12-28,COMPLETED,100,true,Municipal Corporation,Location 1881,28.665141,77.180976,false,false,MOBILISATION_ADVANCE:2023-05-08:456691|RUNNING_BILL:2023-09-12:1065612|RUNNING_BILL:2023-11-19:1065612|FINAL_BILL:2024-02-02:304461|RETENTION_RELEASE:2024-07-31:152230
ESK-2882,DIST_101,201,Work 1883: ROADS_BRIDGES Project at Location 1882,Synthetic work description for demo data import,ROADS_BRIDGES,1888441,1049973,1391387,2024-11-09,2024-12-24,,IN_PROGRESS,58,false,Rural Development Agency (DRDA),Location 1882,28.601354,77.188901,false,false,MOBILISATION_ADVANCE:2025-01-20:283266|RUNNING_BILL:2025-05-07:255569|RUNNING_BILL:2025-08-04:255569|RUNNING_BILL:2025-09-30:255569
ESK-2883,DIST_103,202,Work 1884: ROADS_BRIDGES Project at Location 1883,Synthetic work description for demo data import,ROADS_BRIDGES,289708,65764,284520,2025-08-27,2025-09-16,,IN_PROGRESS,11,false,Irrigation & Flood Control Dept,Location 1883,28.502159,77.224053,true,false,MOBILISATION_ADVANCE:2025-10-25:43456|RUNNING_BILL:2026-02-11:7436|RUNNING_BILL:2026-05-09:7436|RUNNING_BILL:2026-07-03:7436
ESK-2884,DIST_103,201,Work 1885: ROADS_BRIDGES Project at Location 1884,Synthetic work description for demo data import,ROADS_BRIDGES,4575830,3184779,203758,2023-01-08,2023-01-20,,IN_PROGRESS,78,false,Municipal Corporation,Location 1884,28.590659,77.344438,false,true,MOBILISATION_ADVANCE:2023-02-14:686375|RUNNING_BILL:2023-05-07:1249202|RUNNING_BILL:2023-07-02:1249202
ESK-2885,DIST_101,204,Work 1886: ROADS_BRIDGES Project at Location 1885,Synthetic work description for demo data import,ROADS_BRIDGES,2166912,0,0,2023-12-07,2024-01-15,,NOT_STARTED,0,false,Public Works Department (PWD),Location 1885,28.729415,77.244195,true,false,
ESK-2886,DIST_104,201,Work 1887: DRINKING_WATER Project at Location 1886,Synthetic work description for demo data import,DRINKING_WATER,1126529,168979,1126529,2023-04-19,2023-06-05,2025-03-10,COMPLETED,100,false,Public Works Department (PWD),Location 1886,28.569956,77.168531,false,false,MOBILISATION_ADVANCE:2023-06-17:168979
ESK-2887,DIST_103,204,Work 1888: SANITATION Project at Location 1887,Synthetic work description for demo data import,SANITATION,4484303,0,0,2024-12-26,2025-01-28,,NOT_STARTED,0,false,Municipal Corporation,Location 1887,28.710891,77.270240,false,true,
ESK-2888,DIST_101,204,Work 1889: EDUCATION Project at Location 1888,Synthetic work description for demo data import,EDUCATION,2059303,308895,2059303,2024-07-19,2024-08-10,2026-02-23,COMPLETED,100,true,Municipal Corporation,Location 1888,28.532962,77.378814,false,true,MOBILISATION_ADVANCE:2024-08-25:308895
ESK-2889,DIST_102,201,Work 1890: ROADS_BRIDGES Project at Location 1889,Synthetic work description for demo data import,ROADS_BRIDGES,2008017,2008018,2008017,2024-04-20,2024-06-04,2025-02-03,COMPLETED,100,true,Public Works Department (PWD),Location 1889,28.659380,77.291624,false,false,MOBILISATION_ADVANCE:2024-06-26:301203|RUNNING_BILL:2024-10-19:351403|RUNNING_BILL:2024-12-24:351403|RUNNING_BILL:2025-02-10:351403|RUNNING_BILL:2025-04-05:351403|FINAL_BILL:2025-06-19:200802|RETENTION_RELEASE:2025-12-16:100401
ESK-2890,DIST_101,204,Work 1891: ROADS_BRIDGES Project at Location 1890,Synthetic work description for demo data import,ROADS_BRIDGES,2415831,785145,2415831,2026-02-13,2026-03-10,2026-09-05,COMPLETED,100,true,Rural Development Agency (DRDA),Location 1890,28.678573,77.353698,false,false,MOBILISATION_ADVANCE:2026-04-07:362375|RUNNING_BILL:2026-07-25:422770
ESK-2891,DIST_104,204,Work 1892: DRINKING_WATER Project at Location 1891,Synthetic work description for demo data import,DRINKING_WATER,933276,886613,933276,2025-06-05,2025-06-16,2026-09-05,COMPLETED,100,true,Rural Development Agency (DRDA),Location 1891,28.686802,77.331695,false,false,MOBILISATION_ADVANCE:2025-07-19:139991|RUNNING_BILL:2025-11-11:326647|RUNNING_BILL:2026-01-11:326647|FINAL_BILL:2026-03-27:93328
ESK-2892,DIST_101,202,Work 1893: HEALTH Project at Location 1892,Synthetic work description for demo data import,HEALTH,4473601,921562,1634665,2024-06-01,2024-07-02,,IN_PROGRESS,8,false,Rural Development Agency (DRDA),Location 1892,28.519898,77.223536,false,false,MOBILISATION_ADVANCE:2024-07-27:671040|RUNNING_BILL:2024-11-04:250522
ESK-2893,DIST_101,203,Work 1894: OTHER Project at Location 1893,Synthetic work description for demo data import,OTHER,516966,258483,516966,2026-03-14,2026-04-19,2026-09-05,COMPLETED,100,true,Public Works Department (PWD),Location 1893,28.524036,77.291834,false,true,MOBILISATION_ADVANCE:2026-05-15:77545|RUNNING_BILL:2026-08-12:180938
ESK-2894,DIST_103,202,Work 1895: ROADS_BRIDGES Project at Location 1894,Synthetic work description for demo data import,ROADS_BRIDGES,1320277,1320278,1320277,2024-01-23,2024-02-01,2024-11-18,COMPLETED,100,false,Municipal Corporation,Location 1894,28.657529,77.216959,false,false,MOBILISATION_ADVANCE:2024-02-15:198042|RUNNING_BILL:2024-06-01:462097|RUNNING_BILL:2024-07-23:462097|FINAL_BILL:2024-10-06:132028|RETENTION_RELEASE:2025-04-04:66014
ESK-2895,DIST_104,202,Work 1896: SANITATION Project at Location 1895,Synthetic work description for demo data import,SANITATION,3781659,990795,3115985,2024-11-04,2024-12-15,,IN_PROGRESS,16,false,Rural Development Agency (DRDA),Location 1895,28.527382,77.394304,false,false,MOBILISATION_ADVANCE:2025-01-17:567249|RUNNING_BILL:2025-05-03:211773|RUNNING_BILL:2025-07-25:211773
ESK-2896,DIST_104,202,Work 1897: DRINKING_WATER Project at Location 1896,Synthetic work description for demo data import,DRINKING_WATER,2353734,2353732,2353734,2024-03-02,2024-03-21,2024-10-16,COMPLETED,100,true,Rural Development Agency (DRDA),Location 1896,28.743490,77.352505,true,false,MOBILISATION_ADVANCE:2024-04-20:353060|RUNNING_BILL:2024-07-12:411903|RUNNING_BILL:2024-09-04:411903|RUNNING_BILL:2024-11-30:411903|RUNNING_BILL:2025-02-11:411903|FINAL_BILL:2025-04-27:235373|RETENTION_RELEASE:2025-10-24:117687
ESK-2897,DIST_102,204,Work 1898: SANITATION Project at Location 1897,Synthetic work description for demo data import,SANITATION,3031053,1430658,200231,2024-08-18,2024-09-08,,IN_PROGRESS,46,false,Municipal Corporation,Location 1897,28.611092,77.207718,false,false,MOBILISATION_ADVANCE:2024-09-19:454658|RUNNING_BILL:2025-01-15:488000|RUNNING_BILL:2025-03-23:488000
ESK-2898,DIST_104,203,Work 1899: SANITATION Project at Location 1898,Synthetic work description for demo data import,SANITATION,398544,0,0,2026-05-26,,,NOT_STARTED,0,false,Rural Development Agency (DRDA),Location 1898,28.541423,77.214348,false,false,
ESK-2899,DIST_102,203,Work 1900: HEALTH Project at Location 1899,Synthetic work description for demo data import,HEALTH,943288,943286,943288,2022-10-23,2022-11-27,2024-04-03,COMPLETED,100,true,Municipal Corporation,Location 1899,28.563826,77.267904,false,false,MOBILISATION_ADVANCE:2023-01-11:141493|RUNNING_BILL:2023-04-04:165075|RUNNING_BILL:2023-06-21:165075|RUNNING_BILL:2023-08-29:165075|RUNNING_BILL:2023-10-31:165075|FINAL_BILL:2024-01-14:94329|RETENTION_RELEASE:2024-07-12:47164
ESK-2900,DIST_102,203,Work 1901: ROADS_BRIDGES Project at Location 1900,Synthetic work description for demo data import,ROADS_BRIDGES,2125139,2125140,2125139,2024-05-11,2024-06-25,2025-04-08,COMPLETED,100,false,Rural Development Agency (DRDA),Location 1900,28.534051,77.169916,false,false,MOBILISATION_ADVANCE:2024-08-06:318771|RUNNING_BILL:2024-10-08:495866|RUNNING_BILL:2024-12-24:495866|RUNNING_BILL:2025-03-02:495866|FINAL_BILL:2025-05-16:212514|RETENTION_RELEASE:2025-11-12:106257
ESK-2901,DIST_102,201,Work 1902: DRINKING_WATER Project at Location 1901,Synthetic work description for demo data import,DRINKING_WATER,2305679,2305680,2305679,2024-10-16,2024-12-01,2026-01-10,COMPLETED,100,true,Municipal Corporation,Location 1901,28.596706,77.365588,false,false,MOBILISATION_ADVANCE:2025-01-06:345852|RUNNING_BILL:2025-03-22:403494|RUNNING_BILL:2025-06-14:403494|RUNNING_BILL:2025-08-01:403494|RUNNING_BILL:2025-10-13:403494|FINAL_BILL:2025-12-27:230568|RETENTION_RELEASE:2026-06-25:115284
ESK-2902,DIST_104,204,Work 1903: HEALTH Project at Location 1902,Synthetic work description for demo data import,HEALTH,1671066,1671068,1671066,2022-10-01,2022-11-04,2024-01-21,COMPLETED,100,true,Rural Development Agency (DRDA),Location 1902,28.614689,77.195018,false,true,MOBILISATION_ADVANCE:2022-12-14:250660|RUNNING_BILL:2023-02-17:292437|RUNNING_BILL:2023-04-28:292437|RUNNING_BILL:2023-06-29:292437|RUNNING_BILL:2023-09-14:292437|FINAL_BILL:2023-11-28:167107|RETENTION_RELEASE:2024-05-26:83553
ESK-2903,DIST_102,202,Work 1904: DRINKING_WATER Project at Location 1903,Synthetic work description for demo data import,DRINKING_WATER,1283110,1283110,1283110,2024-01-29,2024-02-12,2024-06-19,COMPLETED,100,false,Rural Development Agency (DRDA),Location 1903,28.682376,77.252660,false,false,MOBILISATION_ADVANCE:2024-03-15:192467|RUNNING_BILL:2024-06-23:299392|RUNNING_BILL:2024-08-27:299392|RUNNING_BILL:2024-10-31:299392|FINAL_BILL:2025-01-14:128311|RETENTION_RELEASE:2025-07-13:64156
ESK-2904,DIST_102,204,Work 1905: EDUCATION Project at Location 1904,Synthetic work description for demo data import,EDUCATION,2075941,311391,0,2024-02-01,2024-03-22,,NOT_STARTED,0,false,Public Works Department (PWD),Location 1904,28.571987,77.172554,false,false,MOBILISATION_ADVANCE:2024-04-13:311391|RUNNING_BILL:2024-07-07:0|RUNNING_BILL:2024-09-27:0
ESK-2905,DIST_103,203,Work 1906: EDUCATION Project at Location 1905,Synthetic work description for demo data import,EDUCATION,1403299,1403298,1403299,2022-08-23,2022-09-27,2024-06-13,COMPLETED,100,true,Rural Development Agency (DRDA),Location 1905,28.746355,77.232625,false,false,MOBILISATION_ADVANCE:2022-10-19:210495|RUNNING_BILL:2023-02-15:327436|RUNNING_BILL:2023-04-16:327436|RUNNING_BILL:2023-06-01:327436|FINAL_BILL:2023-08-15:140330|RETENTION_RELEASE:2024-02-11:70165
ESK-2906,DIST_102,204,Work 1907: ROADS_BRIDGES Project at Location 1906,Synthetic work description for demo data import,ROADS_BRIDGES,2684913,2550668,2684913,2025-07-19,2025-08-20,2026-06-10,COMPLETED,100,true,Rural Development Agency (DRDA),Location 1906,28.639365,77.287394,true,false,MOBILISATION_ADVANCE:2025-09-18:402737|RUNNING_BILL:2025-12-08:626480|RUNNING_BILL:2026-02-18:626480|RUNNING_BILL:2026-05-04:626480|FINAL_BILL:2026-07-18:268491
ESK-2907,DIST_103,204,Work 1908: OTHER Project at Location 1907,Synthetic work description for demo data import,OTHER,2326179,348927,2326179,2026-05-12,2026-06-20,2026-09-05,COMPLETED,100,false,Rural Development Agency (DRDA),Location 1907,28.718227,77.183982,false,false,MOBILISATION_ADVANCE:2026-07-20:348927
ESK-2908,DIST_104,202,Work 1909: SANITATION Project at Location 1908,Synthetic work description for demo data import,SANITATION,2846420,426963,2846420,2024-02-26,2024-03-11,2026-01-09,COMPLETED,100,true,Public Works Department (PWD),Location 1908,28.588348,77.323872,false,false,MOBILISATION_ADVANCE:2024-03-28:426963
ESK-2909,DIST_103,204,Work 1910: DRINKING_WATER Project at Location 1909,Synthetic work description for demo data import,DRINKING_WATER,2998130,2548412,2998130,2025-09-21,2025-10-09,2026-09-05,COMPLETED,100,true,Public Works Department (PWD),Location 1909,28.651274,77.159515,false,false,MOBILISATION_ADVANCE:2025-11-07:449720|RUNNING_BILL:2026-01-29:524673|RUNNING_BILL:2026-04-04:524673|RUNNING_BILL:2026-06-18:524673|RUNNING_BILL:2026-08-09:524673
ESK-2910,DIST_103,202,Work 1911: DRINKING_WATER Project at Location 1910,Synthetic work description for demo data import,DRINKING_WATER,3909265,0,0,2026-08-23,,,NOT_STARTED,0,false,Municipal Corporation,Location 1910,28.526293,77.168631,false,false,
ESK-2911,DIST_104,201,Work 1912: HEALTH Project at Location 1911,Synthetic work description for demo data import,HEALTH,973231,145985,973231,2025-09-25,2025-10-03,2026-04-14,COMPLETED,100,true,Public Works Department (PWD),Location 1911,28.593197,77.243552,false,false,MOBILISATION_ADVANCE:2025-10-14:145985
ESK-2912,DIST_102,202,Work 1913: HEALTH Project at Location 1912,Synthetic work description for demo data import,HEALTH,552363,0,552363,2022-12-12,2023-01-17,2023-12-26,COMPLETED,100,false,Public Works Department (PWD),Location 1912,28.617183,77.190935,false,false,
ESK-2913,DIST_104,201,Work 1914: OTHER Project at Location 1913,Synthetic work description for demo data import,OTHER,2090503,2090502,2090503,2025-01-22,2025-02-11,2025-07-04,COMPLETED,100,true,Rural Development Agency (DRDA),Location 1913,28.660265,77.319661,false,false,MOBILISATION_ADVANCE:2025-03-03:313575|RUNNING_BILL:2025-06-29:487784|RUNNING_BILL:2025-09-25:487784|RUNNING_BILL:2025-12-08:487784|FINAL_BILL:2026-02-21:209050|RETENTION_RELEASE:2026-08-20:104525
ESK-2914,DIST_102,202,Work 1915: EDUCATION Project at Location 1914,Synthetic work description for demo data import,EDUCATION,1430043,1430044,1430043,2023-01-06,2023-01-14,2024-11-11,COMPLETED,100,true,Rural Development Agency (DRDA),Location 1914,28.553535,77.330144,false,false,MOBILISATION_ADVANCE:2023-02-18:214506|RUNNING_BILL:2023-05-16:250258|RUNNING_BILL:2023-07-25:250258|RUNNING_BILL:2023-10-14:250258|RUNNING_BILL:2023-12-19:250258|FINAL_BILL:2024-03-03:143004|RETENTION_RELEASE:2024-08-30:71502
ESK-2915,DIST_102,202,Work 1916: HEALTH Project at Location 1915,Synthetic work description for demo data import,HEALTH,184149,156526,184149,2025-11-24,2026-01-08,2026-07-31,COMPLETED,100,true,Rural Development Agency (DRDA),Location 1915,28.719803,77.238881,false,false,MOBILISATION_ADVANCE:2026-02-09:27622|RUNNING_BILL:2026-05-21:64452|RUNNING_BILL:2026-07-19:64452
ESK-2916,DIST_103,202,Work 1917: SANITATION Project at Location 1916,Synthetic work description for demo data import,SANITATION,1340298,257338,0,2026-03-02,2026-03-18,,ON_HOLD,6,false,Municipal Corporation,Location 1916,28.651478,77.172653,true,false,MOBILISATION_ADVANCE:2026-04-14:201045|RUNNING_BILL:2026-08-07:56293
ESK-2917,DIST_103,201,Work 1918: DRINKING_WATER Project at Location 1917,Synthetic work description for demo data import,DRINKING_WATER,1192183,1013355,1192183,2025-12-03,2026-01-11,2026-09-05,COMPLETED,100,true,Irrigation & Flood Control Dept,Location 1917,28.531344,77.302338,false,false,MOBILISATION_ADVANCE:2026-02-10:178827|RUNNING_BILL:2026-05-29:417264|RUNNING_BILL:2026-08-18:417264
ESK-2918,DIST_102,204,Work 1919: EDUCATION Project at Location 1918,Synthetic work description for demo data import,EDUCATION,778047,116707,778047,2025-10-03,2025-11-14,2026-05-03,COMPLETED,100,true,Rural Development Agency (DRDA),Location 1918,28.616612,77.390992,false,false,MOBILISATION_ADVANCE:2025-12-05:116707
ESK-2919,DIST_101,202,Work 1920: EDUCATION Project at Location 1919,Synthetic work description for demo data import,EDUCATION,1538470,0,1538470,2025-10-25,2025-11-08,2026-09-05,COMPLETED,100,false,Irrigation & Flood Control Dept,Location 1919,28.698006,77.366287,false,false,
ESK-2920,DIST_104,201,Work 1921: SANITATION Project at Location 1920,Synthetic work description for demo data import,SANITATION,798956,798956,798956,2024-02-28,2024-03-18,2025-04-30,COMPLETED,100,true,Municipal Corporation,Location 1920,28.549409,77.213831,false,false,MOBILISATION_ADVANCE:2024-03-30:119843|RUNNING_BILL:2024-07-08:186423|RUNNING_BILL:2024-09-01:186423|RUNNING_BILL:2024-11-22:186423|FINAL_BILL:2025-02-05:79896|RETENTION_RELEASE:2025-08-04:39948
ESK-2921,DIST_103,202,Work 1922: HEALTH Project at Location 1921,Synthetic work description for demo data import,HEALTH,399587,196996,343755,2024-05-17,2024-07-01,,IN_PROGRESS,49,false,Municipal Corporation,Location 1921,28.616010,77.323894,false,false,MOBILISATION_ADVANCE:2024-08-02:59938|RUNNING_BILL:2024-11-24:137058
ESK-2922,DIST_101,201,Work 1923: HEALTH Project at Location 1922,Synthetic work description for demo data import,HEALTH,2517861,377679,2517861,2023-11-15,2023-12-06,2025-03-06,COMPLETED,100,true,Irrigation & Flood Control Dept,Location 1922,28.608535,77.266770,false,false,MOBILISATION_ADVANCE:2024-01-15:377679
ESK-2923,DIST_103,202,Work 1924: ROADS_BRIDGES Project at Location 1923,Synthetic work description for demo data import,ROADS_BRIDGES,2994406,658769,1278510,2024-03-25,2024-04-15,,IN_PROGRESS,10,false,Public Works Department (PWD),Location 1923,28.557304,77.322136,false,false,MOBILISATION_ADVANCE:2024-05-29:449161|RUNNING_BILL:2024-08-28:104804|RUNNING_BILL:2024-11-09:104804
ESK-2924,DIST_104,202,Work 1925: ROADS_BRIDGES Project at Location 1924,Synthetic work description for demo data import,ROADS_BRIDGES,2236169,2124360,2236169,2025-08-28,2025-09-28,2026-09-05,COMPLETED,100,true,Public Works Department (PWD),Location 1924,28.583400,77.181276,true,false,MOBILISATION_ADVANCE:2025-10-29:335425|RUNNING_BILL:2026-01-29:782659|RUNNING_BILL:2026-04-28:782659|FINAL_BILL:2026-07-12:223617
ESK-2925,DIST_104,201,Work 1926: DRINKING_WATER Project at Location 1925,Synthetic work description for demo data import,DRINKING_WATER,1623191,1197914,429990,2023-02-08,2023-03-30,,IN_PROGRESS,84,false,Municipal Corporation,Location 1925,28.622853,77.263034,true,false,MOBILISATION_ADVANCE:2023-04-26:243479|RUNNING_BILL:2023-08-27:318145|RUNNING_BILL:2023-11-16:318145|RUNNING_BILL:2024-01-29:318145
ESK-2926,DIST_104,202,Work 1927: EDUCATION Project at Location 1926,Synthetic work description for demo data import,EDUCATION,242769,36415,0,2023-04-14,2023-05-31,,ON_HOLD,82,false,Irrigation & Flood Control Dept,Location 1926,28.744096,77.168344,true,false,MOBILISATION_ADVANCE:2023-06-25:36415
ESK-2927,DIST_103,203,Work 1928: HEALTH Project at Location 1927,Synthetic work description for demo data import,HEALTH,2035854,2035852,2035854,2023-09-30,2023-10-27,2024-10-28,COMPLETED,100,true,Rural Development Agency (DRDA),Location 1927,28.526415,77.237538,true,false,MOBILISATION_ADVANCE:2023-11-24:305378|RUNNING_BILL:2024-02-18:356274|RUNNING_BILL:2024-04-11:356274|RUNNING_BILL:2024-06-16:356274|RUNNING_BILL:2024-08-29:356274|FINAL_BILL:2024-11-12:203585|RETENTION_RELEASE:2025-05-11:101793
ESK-2928,DIST_102,202,Work 1929: OTHER Project at Location 1928,Synthetic work description for demo data import,OTHER,1083554,1083554,1083554,2024-03-03,2024-03-29,2026-01-28,COMPLETED,100,false,Irrigation & Flood Control Dept,Location 1928,28.515532,77.167622,true,true,MOBILISATION_ADVANCE:2024-04-18:162533|RUNNING_BILL:2024-08-23:189622|RUNNING_BILL:2024-11-16:189622|RUNNING_BILL:2025-02-05:189622|RUNNING_BILL:2025-04-30:189622|FINAL_BILL:2025-07-14:108355|RETENTION_RELEASE:2026-01-10:54178
ESK-2929,DIST_104,202,Work 1930: HEALTH Project at Location 1929,Synthetic work description for demo data import,HEALTH,3550103,656769,3332876,2025-05-13,2025-06-08,,IN_PROGRESS,5,false,Public Works Department (PWD),Location 1929,28.741984,77.344345,false,false,MOBILISATION_ADVANCE:2025-07-17:532515|RUNNING_BILL:2025-11-02:124254
ESK-2930,DIST_101,202,Work 1931: EDUCATION Project at Location 1930,Synthetic work description for demo data import,EDUCATION,587942,88191,587942,2023-09-30,2023-10-23,2025-09-09,COMPLETED,100,true,Municipal Corporation,Location 1930,28.726777,77.184644,false,false,MOBILISATION_ADVANCE:2023-11-28:88191
ESK-2931,DIST_102,204,Work 1932: SANITATION Project at Location 1931,Synthetic work description for demo data import,SANITATION,2295161,2295162,2295161,2024-08-16,2024-09-01,2026-01-27,COMPLETED,100,false,Public Works Department (PWD),Location 1931,28.509575,77.276269,true,false,MOBILISATION_ADVANCE:2024-10-07:344274|RUNNING_BILL:2025-01-12:535538|RUNNING_BILL:2025-03-01:535538|RUNNING_BILL:2025-04-23:535538|FINAL_BILL:2025-07-07:229516|RETENTION_RELEASE:2026-01-03:114758
ESK-2932,DIST_102,203,Work 1933: DRINKING_WATER Project at Location 1932,Synthetic work description for demo data import,DRINKING_WATER,246816,0,0,2024-06-18,2024-07-23,,ON_HOLD,1,false,Municipal Corporation,Location 1932,28.551570,77.287132,false,false,
ESK-2933,DIST_102,202,Work 1934: ROADS_BRIDGES Project at Location 1933,Synthetic work description for demo data import,ROADS_BRIDGES,2569233,385385,0,2023-06-27,2023-08-01,,NOT_STARTED,0,false,Irrigation & Flood Control Dept,Location 1933,28.505848,77.311176,false,false,MOBILISATION_ADVANCE:2023-08-21:385385|RUNNING_BILL:2023-12-03:0|RUNNING_BILL:2024-01-24:0
ESK-2934,DIST_101,204,Work 1935: DRINKING_WATER Project at Location 1934,Synthetic work description for demo data import,DRINKING_WATER,2166674,1826507,307592,2025-08-25,2025-10-05,,IN_PROGRESS,99,false,Rural Development Agency (DRDA),Location 1934,28.524512,77.333207,false,false,MOBILISATION_ADVANCE:2025-10-16:325001|RUNNING_BILL:2026-02-12:500502|RUNNING_BILL:2026-04-02:500502|RUNNING_BILL:2026-06-07:500502
ESK-2935,DIST_101,201,Work 1936: ROADS_BRIDGES Project at Location 1935,Synthetic work description for demo data import,ROADS_BRIDGES,2353100,2353101,2353100,2023-07-12,2023-07-20,2024-12-14,COMPLETED,100,true,Irrigation & Flood Control Dept,Location 1935,28.629748,77.356385,true,false,MOBILISATION_ADVANCE:2023-08-17:352965|RUNNING_BILL:2023-12-14:549057|RUNNING_BILL:2024-02-11:549057|RUNNING_BILL:2024-03-31:549057|FINAL_BILL:2024-06-14:235310|RETENTION_RELEASE:2024-12-11:117655
ESK-2936,DIST_103,203,Work 1937: SANITATION Project at Location 1936,Synthetic work description for demo data import,SANITATION,4782594,0,0,2026-08-22,,,NOT_STARTED,0,false,Municipal Corporation,Location 1936,28.709942,77.395996,false,false,
ESK-2937,DIST_102,201,Work 1938: SANITATION Project at Location 1937,Synthetic work description for demo data import,SANITATION,1620676,1620675,1620676,2023-10-26,2023-11-30,2025-09-02,COMPLETED,100,true,Municipal Corporation,Location 1937,28.725819,77.305271,false,false,MOBILISATION_ADVANCE:2023-12-13:243101|RUNNING_BILL:2024-04-20:283618|RUNNING_BILL:2024-07-11:283618|RUNNING_BILL:2024-09-14:283618|RUNNING_BILL:2024-11-15:283618|FINAL_BILL:2025-01-29:162068|RETENTION_RELEASE:2025-07-28:81034
ESK-2938,DIST_104,204,Work 1939: OTHER Project at Location 1938,Synthetic work description for demo data import,OTHER,2524581,1704093,2524581,2025-09-23,2025-09-29,2026-09-05,COMPLETED,100,true,Irrigation & Flood Control Dept,Location 1938,28.639274,77.267920,true,true,MOBILISATION_ADVANCE:2025-10-23:378687|RUNNING_BILL:2026-01-13:441802|RUNNING_BILL:2026-04-11:441802|RUNNING_BILL:2026-06-29:441802
ESK-2939,DIST_103,201,Work 1940: OTHER Project at Location 1939,Synthetic work description for demo data import,OTHER,2006804,301021,2006804,2026-04-21,2026-04-29,2026-09-05,COMPLETED,100,true,Municipal Corporation,Location 1939,28.501071,77.348688,false,false,MOBILISATION_ADVANCE:2026-05-12:301021
ESK-2940,DIST_101,203,Work 1941: HEALTH Project at Location 1940,Synthetic work description for demo data import,HEALTH,488022,488022,488022,2023-09-26,2023-11-06,2025-04-04,COMPLETED,100,true,Rural Development Agency (DRDA),Location 1940,28.513390,77.369731,false,true,MOBILISATION_ADVANCE:2023-12-03:73203|RUNNING_BILL:2024-03-19:170808|RUNNING_BILL:2024-05-15:170808|FINAL_BILL:2024-07-29:48802|RETENTION_RELEASE:2025-01-25:24401
ESK-2941,DIST_103,202,Work 1942: ROADS_BRIDGES Project at Location 1941,Synthetic work description for demo data import,ROADS_BRIDGES,1857457,278619,1857457,2026-05-13,2026-06-27,2026-09-05,COMPLETED,100,false,Rural Development Agency (DRDA),Location 1941,28.743211,77.336145,false,false,MOBILISATION_ADVANCE:2026-07-30:278619
ESK-2942,DIST_102,202,Work 1943: OTHER Project at Location 1942,Synthetic work description for demo data import,OTHER,1195651,179348,1195651,2024-02-23,2024-03-12,2025-01-31,COMPLETED,100,false,Public Works Department (PWD),Location 1942,28.626264,77.330295,false,false,MOBILISATION_ADVANCE:2024-04-24:179348
ESK-2943,DIST_101,203,Work 1944: HEALTH Project at Location 1943,Synthetic work description for demo data import,HEALTH,233548,85711,0,2025-08-23,2025-09-25,,ON_HOLD,31,false,Rural Development Agency (DRDA),Location 1943,28.519339,77.193172,false,false,MOBILISATION_ADVANCE:2025-10-31:35032|RUNNING_BILL:2026-02-17:16893|RUNNING_BILL:2026-04-17:16893|RUNNING_BILL:2026-07-05:16893
ESK-2944,DIST_103,201,Work 1945: EDUCATION Project at Location 1944,Synthetic work description for demo data import,EDUCATION,2768607,2768606,2768607,2025-02-14,2025-02-27,2025-09-23,COMPLETED,100,false,Municipal Corporation,Location 1944,28.550018,77.192020,true,false,MOBILISATION_ADVANCE:2025-04-09:415291|RUNNING_BILL:2025-06-29:969012|RUNNING_BILL:2025-08-16:969012|FINAL_BILL:2025-10-30:276861|RETENTION_RELEASE:2026-04-28:138430
ESK-2945,DIST_102,201,Work 1946: EDUCATION Project at Location 1945,Synthetic work description for demo data import,EDUCATION,3566445,2657001,0,2022-12-02,2022-12-31,,ON_HOLD,85,false,Irrigation & Flood Control Dept,Location 1945,28.747643,77.392607,false,false,MOBILISATION_ADVANCE:2023-02-13:534967|RUNNING_BILL:2023-04-23:1061017|RUNNING_BILL:2023-06-21:1061017
ESK-2946,DIST_102,203,Work 1947: HEALTH Project at Location 1946,Synthetic work description for demo data import,HEALTH,1551321,1473754,1551321,2025-08-17,2025-10-03,2026-09-05,COMPLETED,100,true,Public Works Department (PWD),Location 1946,28.526663,77.325477,true,false,MOBILISATION_ADVANCE:2025-11-02:232698|RUNNING_BILL:2026-01-30:542962|RUNNING_BILL:2026-04-17:542962|FINAL_BILL:2026-07-01:155132
ESK-2947,DIST_103,201,Work 1948: HEALTH Project at Location 1947,Synthetic work description for demo data import,HEALTH,2722595,1361297,2722595,2026-03-06,2026-04-23,2026-09-05,COMPLETED,100,false,Municipal Corporation,Location 1947,28.679806,77.280807,true,false,MOBILISATION_ADVANCE:2026-05-24:408389|RUNNING_BILL:2026-08-19:952908
ESK-2948,DIST_102,202,Work 1949: DRINKING_WATER Project at Location 1948,Synthetic work description for demo data import,DRINKING_WATER,2524568,0,2524568,2023-12-13,2024-02-01,2024-10-23,COMPLETED,100,true,Rural Development Agency (DRDA),Location 1948,28.500018,77.263431,false,false,
ESK-2949,DIST_102,201,Work 1950: ROADS_BRIDGES Project at Location 1949,Synthetic work description for demo data import,ROADS_BRIDGES,951229,142684,951229,2022-09-07,2022-09-22,2024-08-04,COMPLETED,100,false,Rural Development Agency (DRDA),Location 1949,28.613167,77.313947,true,false,MOBILISATION_ADVANCE:2022-10-19:142684
ESK-2950,DIST_103,203,Work 1951: SANITATION Project at Location 1950,Synthetic work description for demo data import,SANITATION,2896171,1596756,65686,2025-10-30,2025-12-13,,IN_PROGRESS,86,false,Public Works Department (PWD),Location 1950,28.670111,77.225855,false,false,MOBILISATION_ADVANCE:2026-01-01:434426|RUNNING_BILL:2026-05-01:581165|RUNNING_BILL:2026-07-18:581165
ESK-2951,DIST_101,201,Work 1952: EDUCATION Project at Location 1951,Synthetic work description for demo data import,EDUCATION,2628769,1075167,410152,2024-04-17,2024-05-20,,IN_PROGRESS,37,false,Irrigation & Flood Control Dept,Location 1951,28.595263,77.368409,false,false,MOBILISATION_ADVANCE:2024-06-21:394315|RUNNING_BILL:2024-10-11:340426|RUNNING_BILL:2024-12-01:340426
ESK-2952,DIST_102,201,Work 1953: SANITATION Project at Location 1952,Synthetic work description for demo data import,SANITATION,1056213,1056214,1056213,2024-07-24,2024-07-29,2026-04-29,COMPLETED,100,true,Irrigation & Flood Control Dept,Location 1952,28.544967,77.359875,false,false,MOBILISATION_ADVANCE:2024-08-12:158432|RUNNING_BILL:2024-12-06:246450|RUNNING_BILL:2025-02-24:246450|RUNNING_BILL:2025-04-22:246450|FINAL_BILL:2025-07-06:105621|RETENTION_RELEASE:2026-01-02:52811
ESK-2953,DIST_104,202,Work 1954: OTHER Project at Location 1953,Synthetic work description for demo data import,OTHER,1636644,428801,1382124,2023-10-14,2023-11-08,,IN_PROGRESS,16,false,Public Works Department (PWD),Location 1953,28.509411,77.330051,true,false,MOBILISATION_ADVANCE:2023-12-23:245497|RUNNING_BILL:2024-04-04:91652|RUNNING_BILL:2024-06-08:91652
ESK-2954,DIST_104,202,Work 1955: DRINKING_WATER Project at Location 1954,Synthetic work description for demo data import,DRINKING_WATER,1203217,1203218,1203217,2024-07-19,2024-08-03,2025-03-30,COMPLETED,100,true,Municipal Corporation,Location 1954,28.587807,77.328978,true,false,MOBILISATION_ADVANCE:2024-08-15:180483|RUNNING_BILL:2024-12-06:421126|RUNNING_BILL:2025-02-11:421126|FINAL_BILL:2025-04-27:120322|RETENTION_RELEASE:2025-10-24:60161
ESK-2955,DIST_103,201,Work 1956: HEALTH Project at Location 1955,Synthetic work description for demo data import,HEALTH,2177038,2177038,2177038,2022-10-06,2022-11-09,2024-04-01,COMPLETED,100,true,Municipal Corporation,Location 1955,28.636476,77.256933,false,false,MOBILISATION_ADVANCE:2022-12-10:326556|RUNNING_BILL:2023-03-10:761963|RUNNING_BILL:2023-05-29:761963|FINAL_BILL:2023-08-12:217704|RETENTION_RELEASE:2024-02-08:108852
ESK-2956,DIST_104,202,Work 1957: OTHER Project at Location 1956,Synthetic work description for demo data import,OTHER,143770,21566,143770,2023-07-31,2023-08-09,2025-02-11,COMPLETED,100,true,Rural Development Agency (DRDA),Location 1956,28.626744,77.281493,true,false,MOBILISATION_ADVANCE:2023-09-08:21566
ESK-2957,DIST_103,203,Work 1958: DRINKING_WATER Project at Location 1957,Synthetic work description for demo data import,DRINKING_WATER,228238,0,228238,2023-03-03,2023-04-07,2024-09-15,COMPLETED,100,true,Public Works Department (PWD),Location 1957,28.640673,77.306851,true,false,
ESK-2958,DIST_103,204,Work 1959: DRINKING_WATER Project at Location 1958,Synthetic work description for demo data import,DRINKING_WATER,528063,528062,528063,2023-07-03,2023-07-13,2025-04-09,COMPLETED,100,false,Rural Development Agency (DRDA),Location 1958,28.609318,77.299959,true,false,MOBILISATION_ADVANCE:2023-07-29:79209|RUNNING_BILL:2023-12-02:184822|RUNNING_BILL:2024-02-08:184822|FINAL_BILL:2024-04-23:52806|RETENTION_RELEASE:2024-10-20:26403
ESK-2959,DIST_101,204,Work 1960: EDUCATION Project at Location 1959,Synthetic work description for demo data import,EDUCATION,2396565,1013746,686672,2024-01-21,2024-02-24,,IN_PROGRESS,39,false,Public Works Department (PWD),Location 1959,28.632266,77.209119,true,false,MOBILISATION_ADVANCE:2024-03-11:359485|RUNNING_BILL:2024-06-21:218087|RUNNING_BILL:2024-08-26:218087|RUNNING_BILL:2024-10-15:218087
ESK-2960,DIST_104,201,Work 1961: DRINKING_WATER Project at Location 1960,Synthetic work description for demo data import,DRINKING_WATER,4245753,636863,800796,2022-11-03,2022-11-12,,IN_PROGRESS,67,false,Irrigation & Flood Control Dept,Location 1960,28.723653,77.152879,false,false,MOBILISATION_ADVANCE:2022-12-18:636863
ESK-2961,DIST_101,204,Work 1962: OTHER Project at Location 1961,Synthetic work description for demo data import,OTHER,4711104,3674662,0,2026-01-18,2026-01-28,,ON_HOLD,90,false,Irrigation & Flood Control Dept,Location 1961,28.520078,77.358816,false,false,MOBILISATION_ADVANCE:2026-02-09:706666|RUNNING_BILL:2026-06-23:2967996
ESK-2962,DIST_102,203,Work 1963: HEALTH Project at Location 1962,Synthetic work description for demo data import,HEALTH,3489306,2819360,2877827,2023-04-05,2023-05-16,,IN_PROGRESS,94,false,Rural Development Agency (DRDA),Location 1962,28.687817,77.257279,false,false,MOBILISATION_ADVANCE:2023-05-27:523396|RUNNING_BILL:2023-09-17:1147982|RUNNING_BILL:2023-11-19:1147982
ESK-2963,DIST_102,203,Work 1964: ROADS_BRIDGES Project at Location 1963,Synthetic work description for demo data import,ROADS_BRIDGES,1456533,1383707,1456533,2025-06-11,2025-06-28,2026-08-04,COMPLETED,100,true,Rural Development Agency (DRDA),Location 1963,28.605814,77.285408,false,false,MOBILISATION_ADVANCE:2025-07-13:218480|RUNNING_BILL:2025-11-14:509787|RUNNING_BILL:2026-01-26:509787|FINAL_BILL:2026-04-11:145653
ESK-2964,DIST_103,203,Work 1965: ROADS_BRIDGES Project at Location 1964,Synthetic work description for demo data import,ROADS_BRIDGES,3057133,0,3057133,2023-06-29,2023-07-20,2024-12-24,COMPLETED,100,true,Irrigation & Flood Control Dept,Location 1964,28.589849,77.353074,false,false,
ESK-2965,DIST_103,202,Work 1966: SANITATION Project at Location 1965,Synthetic work description for demo data import,SANITATION,2795844,2795843,2795844,2023-07-10,2023-07-27,2024-07-17,COMPLETED,100,false,Rural Development Agency (DRDA),Location 1965,28.700727,77.352474,false,false,MOBILISATION_ADVANCE:2023-08-06:419377|RUNNING_BILL:2023-12-03:978545|RUNNING_BILL:2024-01-29:978545|FINAL_BILL:2024-04-13:279584|RETENTION_RELEASE:2024-10-10:139792
ESK-2966,DIST_102,201,Work 1967: OTHER Project at Location 1966,Synthetic work description for demo data import,OTHER,484832,364595,409041,2023-02-15,2023-03-12,,IN_PROGRESS,86,false,Rural Development Agency (DRDA),Location 1966,28.689906,77.278857,false,false,MOBILISATION_ADVANCE:2023-04-14:72725|RUNNING_BILL:2023-07-26:97290|RUNNING_BILL:2023-09-29:97290|RUNNING_BILL:2023-12-16:97290
ESK-2967,DIST_103,203,Work 1968: DRINKING_WATER Project at Location 1967,Synthetic work description for demo data import,DRINKING_WATER,864439,129666,0,2024-01-18,2024-02-05,,NOT_STARTED,0,false,Public Works Department (PWD),Location 1967,28.607678,77.392483,false,false,MOBILISATION_ADVANCE:2024-03-04:129666|RUNNING_BILL:2024-06-05:0
ESK-2968,DIST_101,202,Work 1969: EDUCATION Project at Location 1968,Synthetic work description for demo data import,EDUCATION,1197339,1017738,1197339,2025-12-20,2026-01-06,2026-09-05,COMPLETED,100,true,Municipal Corporation,Location 1968,28.700696,77.238052,false,false,MOBILISATION_ADVANCE:2026-01-29:179601|RUNNING_BILL:2026-05-08:279379|RUNNING_BILL:2026-07-06:279379|RUNNING_BILL:2026-08-25:279379
ESK-2969,DIST_101,202,Work 1970: EDUCATION Project at Location 1969,Synthetic work description for demo data import,EDUCATION,428470,139253,428470,2026-01-04,2026-02-11,2026-09-05,COMPLETED,100,true,Municipal Corporation,Location 1969,28.723784,77.373926,false,false,MOBILISATION_ADVANCE:2026-03-25:64271|RUNNING_BILL:2026-07-10:74982
ESK-2970,DIST_101,203,Work 1971: DRINKING_WATER Project at Location 1970,Synthetic work description for demo data import,DRINKING_WATER,691264,345632,691264,2026-01-08,2026-02-27,2026-09-05,COMPLETED,100,true,Municipal Corporation,Location 1970,28.523199,77.179495,false,false,MOBILISATION_ADVANCE:2026-03-28:103690|RUNNING_BILL:2026-07-19:241942
ESK-2971,DIST_102,204,Work 1972: SANITATION Project at Location 1971,Synthetic work description for demo data import,SANITATION,3164389,0,0,2026-07-06,,,NOT_STARTED,0,false,Irrigation & Flood Control Dept,Location 1971,28.710017,77.182644,false,true,
ESK-2972,DIST_102,204,Work 1973: DRINKING_WATER Project at Location 1972,Synthetic work description for demo data import,DRINKING_WATER,880806,748685,880806,2025-08-12,2025-09-08,2026-09-05,COMPLETED,100,true,Municipal Corporation,Location 1972,28.621985,77.382930,false,false,MOBILISATION_ADVANCE:2025-10-22:132121|RUNNING_BILL:2025-12-25:154141|RUNNING_BILL:2026-02-26:154141|RUNNING_BILL:2026-04-14:154141|RUNNING_BILL:2026-07-06:154141
ESK-2973,DIST_104,204,Work 1974: HEALTH Project at Location 1973,Synthetic work description for demo data import,HEALTH,2401524,0,2401524,2023-04-26,2023-05-09,2024-06-20,COMPLETED,100,true,Municipal Corporation,Location 1973,28.622794,77.236345,false,false,
ESK-2974,DIST_104,204,Work 1975: ROADS_BRIDGES Project at Location 1974,Synthetic work description for demo data import,ROADS_BRIDGES,908898,908898,908898,2023-01-31,2023-03-04,2024-08-14,COMPLETED,100,true,Municipal Corporation,Location 1974,28.661720,77.365821,false,false,MOBILISATION_ADVANCE:2023-04-13:136335|RUNNING_BILL:2023-06-25:212076|RUNNING_BILL:2023-09-08:212076|RUNNING_BILL:2023-10-24:212076|FINAL_BILL:2024-01-07:90890|RETENTION_RELEASE:2024-07-05:45445
ESK-2975,DIST_101,202,Work 1976: EDUCATION Project at Location 1975,Synthetic work description for demo data import,EDUCATION,2219962,488392,1662867,2025-12-16,2026-01-27,,IN_PROGRESS,10,false,Public Works Department (PWD),Location 1975,28.616455,77.166269,false,false,MOBILISATION_ADVANCE:2026-02-26:332994|RUNNING_BILL:2026-06-07:77699|RUNNING_BILL:2026-08-31:77699
ESK-2976,DIST_103,202,Work 1977: DRINKING_WATER Project at Location 1976,Synthetic work description for demo data import,DRINKING_WATER,2466902,2466900,2466902,2025-02-02,2025-03-09,2026-03-20,COMPLETED,100,false,Public Works Department (PWD),Location 1976,28.734954,77.150778,false,false,MOBILISATION_ADVANCE:2025-03-25:370035|RUNNING_BILL:2025-07-22:575610|RUNNING_BILL:2025-09-11:575610|RUNNING_BILL:2025-12-08:575610|FINAL_BILL:2026-02-21:246690|RETENTION_RELEASE:2026-08-20:123345
ESK-2977,DIST_104,204,Work 1978: DRINKING_WATER Project at Location 1977,Synthetic work description for demo data import,DRINKING_WATER,633055,205743,633055,2026-04-10,2026-04-20,2026-09-05,COMPLETED,100,true,Public Works Department (PWD),Location 1977,28.702261,77.328593,true,false,MOBILISATION_ADVANCE:2026-06-02:94958|RUNNING_BILL:2026-08-24:110785
ESK-2978,DIST_101,204,Work 1979: HEALTH Project at Location 1978,Synthetic work description for demo data import,HEALTH,139633,20945,0,2026-03-07,2026-04-19,,NOT_STARTED,0,false,Public Works Department (PWD),Location 1978,28.535846,77.199210,false,false,MOBILISATION_ADVANCE:2026-05-07:20945|RUNNING_BILL:2026-08-20:0
ESK-2979,DIST_104,204,Work 1980: HEALTH Project at Location 1979,Synthetic work description for demo data import,HEALTH,3075417,0,3075417,2024-05-08,2024-05-21,2025-11-24,COMPLETED,100,true,Public Works Department (PWD),Location 1979,28.539272,77.266894,false,true,
ESK-2980,DIST_103,204,Work 1981: HEALTH Project at Location 1980,Synthetic work description for demo data import,HEALTH,3789321,568398,1328428,2026-06-01,2026-07-20,,IN_PROGRESS,4,false,Public Works Department (PWD),Location 1980,28.566325,77.335191,false,false,MOBILISATION_ADVANCE:2026-09-01:568398
ESK-2981,DIST_102,202,Work 1982: OTHER Project at Location 1981,Synthetic work description for demo data import,OTHER,3747997,562200,743034,2022-08-31,2022-09-19,,IN_PROGRESS,73,false,Municipal Corporation,Location 1981,28.502723,77.203315,true,false,MOBILISATION_ADVANCE:2022-10-03:562200
ESK-2982,DIST_104,203,Work 1983: HEALTH Project at Location 1982,Synthetic work description for demo data import,HEALTH,2505234,2129450,2505234,2025-10-24,2025-11-03,2026-09-05,COMPLETED,100,true,Rural Development Agency (DRDA),Location 1982,28.572758,77.345412,false,false,MOBILISATION_ADVANCE:2025-11-30:375785|RUNNING_BILL:2026-03-14:584555|RUNNING_BILL:2026-06-06:584555|RUNNING_BILL:2026-07-27:584555
ESK-2983,DIST_104,204,Work 1984: HEALTH Project at Location 1983,Synthetic work description for demo data import,HEALTH,816196,122429,0,2023-08-30,2023-09-30,,NOT_STARTED,0,false,Rural Development Agency (DRDA),Location 1983,28.687191,77.287932,true,false,MOBILISATION_ADVANCE:2023-10-20:122429|RUNNING_BILL:2024-01-22:0|RUNNING_BILL:2024-04-19:0|RUNNING_BILL:2024-07-14:0
ESK-2984,DIST_103,204,Work 1985: SANITATION Project at Location 1984,Synthetic work description for demo data import,SANITATION,421429,358214,421429,2025-12-15,2026-02-03,2026-09-05,COMPLETED,100,false,Rural Development Agency (DRDA),Location 1984,28.688366,77.151952,false,false,MOBILISATION_ADVANCE:2026-03-02:63214|RUNNING_BILL:2026-05-25:147500|RUNNING_BILL:2026-08-12:147500
ESK-2985,DIST_103,201,Work 1986: OTHER Project at Location 1985,Synthetic work description for demo data import,OTHER,150736,0,119900,2022-10-02,2022-11-13,,IN_PROGRESS,40,false,Rural Development Agency (DRDA),Location 1985,28.503642,77.273344,false,false,
ESK-2986,DIST_104,201,Work 1987: EDUCATION Project at Location 1986,Synthetic work description for demo data import,EDUCATION,3016768,452515,2099280,2022-12-21,2023-01-08,,IN_PROGRESS,3,false,Rural Development Agency (DRDA),Location 1986,28.524545,77.190415,false,false,MOBILISATION_ADVANCE:2023-02-19:452515
ESK-2987,DIST_101,203,Work 1988: OTHER Project at Location 1987,Synthetic work description for demo data import,OTHER,3567306,1833595,1386335,2024-03-29,2024-04-08,,IN_PROGRESS,52,false,Municipal Corporation,Location 1987,28.644753,77.216325,false,false,MOBILISATION_ADVANCE:2024-05-13:535096|RUNNING_BILL:2024-08-09:432833|RUNNING_BILL:2024-10-18:432833|RUNNING_BILL:2025-01-13:432833
ESK-2988,DIST_101,204,Work 1989: EDUCATION Project at Location 1988,Synthetic work description for demo data import,EDUCATION,1345276,201791,1345276,2025-09-06,2025-09-13,2026-09-05,COMPLETED,100,true,Municipal Corporation,Location 1988,28.505353,77.361583,false,false,MOBILISATION_ADVANCE:2025-09-27:201791
ESK-2989,DIST_101,201,Work 1990: ROADS_BRIDGES Project at Location 1989,Synthetic work description for demo data import,ROADS_BRIDGES,2745456,411818,2745456,2024-04-09,2024-05-06,2026-02-21,COMPLETED,100,false,Rural Development Agency (DRDA),Location 1989,28.637805,77.258581,true,false,MOBILISATION_ADVANCE:2024-05-17:411818
ESK-2990,DIST_101,204,Work 1991: ROADS_BRIDGES Project at Location 1990,Synthetic work description for demo data import,ROADS_BRIDGES,4958175,3416182,3437940,2024-03-28,2024-04-17,,IN_PROGRESS,77,false,Rural Development Agency (DRDA),Location 1990,28.597409,77.199631,false,false,MOBILISATION_ADVANCE:2024-04-30:743726|RUNNING_BILL:2024-09-08:1336228|RUNNING_BILL:2024-12-01:1336228
ESK-2991,DIST_102,201,Work 1992: ROADS_BRIDGES Project at Location 1991,Synthetic work description for demo data import,ROADS_BRIDGES,1663733,249560,39331,2022-08-20,2022-10-04,,IN_PROGRESS,16,false,Municipal Corporation,Location 1991,28.625385,77.288601,false,false,MOBILISATION_ADVANCE:2022-11-13:249560
ESK-2992,DIST_102,204,Work 1993: ROADS_BRIDGES Project at Location 1992,Synthetic work description for demo data import,ROADS_BRIDGES,3567398,1633869,1962607,2024-05-18,2024-06-02,,IN_PROGRESS,44,false,Municipal Corporation,Location 1992,28.541067,77.318940,false,false,MOBILISATION_ADVANCE:2024-06-19:535110|RUNNING_BILL:2024-10-20:1098759
ESK-2993,DIST_101,202,Work 1994: EDUCATION Project at Location 1993,Synthetic work description for demo data import,EDUCATION,2633966,2633966,2633966,2023-04-05,2023-05-02,2025-02-27,COMPLETED,100,true,Irrigation & Flood Control Dept,Location 1993,28.590546,77.303995,true,false,MOBILISATION_ADVANCE:2023-06-05:395095|RUNNING_BILL:2023-08-25:614592|RUNNING_BILL:2023-10-20:614592|RUNNING_BILL:2023-12-19:614592|FINAL_BILL:2024-03-03:263397|RETENTION_RELEASE:2024-08-30:131698
ESK-2994,DIST_102,204,Work 1995: EDUCATION Project at Location 1994,Synthetic work description for demo data import,EDUCATION,3551519,1850342,812077,2024-04-29,2024-06-07,,IN_PROGRESS,53,false,Public Works Department (PWD),Location 1994,28.694816,77.184105,false,false,MOBILISATION_ADVANCE:2024-07-17:532728|RUNNING_BILL:2024-10-25:658807|RUNNING_BILL:2025-01-22:658807
ESK-2995,DIST_102,202,Work 1996: EDUCATION Project at Location 1995,Synthetic work description for demo data import,EDUCATION,4764816,0,2853262,2023-05-30,2023-07-18,,IN_PROGRESS,51,false,Public Works Department (PWD),Location 1995,28.705240,77.169371,false,false,
ESK-2996,DIST_104,201,Work 1997: DRINKING_WATER Project at Location 1996,Synthetic work description for demo data import,DRINKING_WATER,278649,278650,278649,2024-02-06,2024-03-17,2025-04-17,COMPLETED,100,false,Rural Development Agency (DRDA),Location 1996,28.505644,77.188825,false,false,MOBILISATION_ADVANCE:2024-04-24:41797|RUNNING_BILL:2024-08-08:48764|RUNNING_BILL:2024-09-24:48764|RUNNING_BILL:2024-11-18:48764|RUNNING_BILL:2025-01-24:48764|FINAL_BILL:2025-04-09:27865|RETENTION_RELEASE:2025-10-06:13932
ESK-2997,DIST_103,203,Work 1998: EDUCATION Project at Location 1997,Synthetic work description for demo data import,EDUCATION,2908224,2908223,2908224,2024-06-11,2024-07-23,2024-12-14,COMPLETED,100,true,Public Works Department (PWD),Location 1997,28.710899,77.329971,false,false,MOBILISATION_ADVANCE:2024-08-17:436234|RUNNING_BILL:2024-11-14:508939|RUNNING_BILL:2025-02-10:508939|RUNNING_BILL:2025-03-27:508939|RUNNING_BILL:2025-06-22:508939|FINAL_BILL:2025-09-05:290822|RETENTION_RELEASE:2026-03-04:145411
ESK-2998,DIST_103,202,Work 1999: ROADS_BRIDGES Project at Location 1998,Synthetic work description for demo data import,ROADS_BRIDGES,739836,739837,739836,2023-11-07,2023-12-15,2024-05-09,COMPLETED,100,true,Municipal Corporation,Location 1998,28.688034,77.179328,false,true,MOBILISATION_ADVANCE:2024-01-15:110975|RUNNING_BILL:2024-05-13:258943|RUNNING_BILL:2024-07-14:258943|FINAL_BILL:2024-09-27:73984|RETENTION_RELEASE:2025-03-26:36992
ESK-2999,DIST_101,204,Work 2000: DRINKING_WATER Project at Location 1999,Synthetic work description for demo data import,DRINKING_WATER,3846085,2138423,321462,2025-07-19,2025-08-30,,IN_PROGRESS,58,false,Irrigation & Flood Control Dept,Location 1999,28.635787,77.244481,false,false,MOBILISATION_ADVANCE:2025-09-13:576913|RUNNING_BILL:2025-12-17:780755|RUNNING_BILL:2026-02-14:780755